[12:34:15][SRC] session_sources ready: C:\Users\MTHG\Desktop\first-interceptor-docs\session_sources
[12:34:15][INIT] ============================================================
[12:34:15][INIT]   PURE RECORDER (based on your original working code)
[12:34:15][INIT]   NO injections, NO spoofing, NO modifications.
[12:34:15][INIT]   Logs full URL details, headers, and bodies.
[12:34:15][INIT] ============================================================
[12:34:17][INIT] Page: chrome://newtab/
[12:34:17][INIT] CDP WebSocket: ws://localhost:9222/devtools/page/D653E9B2F77C31B1D2A7A7A123FA4BFE
[12:34:19][LIVE] CDP Fetch active. Monitoring all traffic...
[12:34:22][REQ] GET moumi.com/? (type=Document)
[12:34:22][REQ]   headers: {"Accept": "text/html,application/xhtml+xml,application/xml;q=0.9,image/avif,image/webp,image/apng,*/*;q=0.8,application/signed-exchange;v=b3;q=0.7", "Upgrade-Insecure-Requests": "1", "User-Agent": "M
[12:34:22][REQ] GET moumi.com/_next/image?url=%2Fmoumi-homepage%2Fassets%2Fhero-image.png&w= (type=Image)
[12:34:22][REQ]   headers: {"Accept": "image/avif,image/webp,image/apng,image/svg+xml,image/*,*/*;q=0.8", "Referer": "https://moumi.com/", "User-Agent": "Mozilla/5.0 (Windows NT 10.0; Win64; x64) AppleWebKit/537.36 (KHTML, like
[12:34:22][REQ] GET moumi.com/_next/image?url=%2Fmoumi-homepage%2Fassets%2Fconfidence.png&w= (type=Image)
[12:34:22][REQ]   headers: {"Accept": "image/avif,image/webp,image/apng,image/svg+xml,image/*,*/*;q=0.8", "Referer": "https://moumi.com/", "User-Agent": "Mozilla/5.0 (Windows NT 10.0; Win64; x64) AppleWebKit/537.36 (KHTML, like
[12:34:22][REQ] GET moumi.com/_next/image?url=http%3A%2F%2Fl-image%3A8080%2Fen%2Fnearby.png& (type=Image)
[12:34:22][REQ]   headers: {"Accept": "image/avif,image/webp,image/apng,image/svg+xml,image/*,*/*;q=0.8", "Referer": "https://moumi.com/", "User-Agent": "Mozilla/5.0 (Windows NT 10.0; Win64; x64) AppleWebKit/537.36 (KHTML, like
[12:34:22][REQ] GET moumi.com/moumi-homepage/assets/fonts/beausite-classic/BeausiteClassicWeb-Semibold.woff2? (type=Font)
[12:34:22][REQ]   headers: {"Accept": "*/*", "Referer": "https://moumi.com/", "User-Agent": "Mozilla/5.0 (Windows NT 10.0; Win64; x64) AppleWebKit/537.36 (KHTML, like Gecko) Chrome/151.0.0.0 Safari/537.36", "sec-ch-ua": "\"Not=
[12:34:22][REQ] GET moumi.com/moumi-homepage/assets/fonts/beausite-classic/BeausiteClassicWeb-Bold.woff2? (type=Font)
[12:34:22][REQ]   headers: {"Accept": "*/*", "Referer": "https://moumi.com/", "User-Agent": "Mozilla/5.0 (Windows NT 10.0; Win64; x64) AppleWebKit/537.36 (KHTML, like Gecko) Chrome/151.0.0.0 Safari/537.36", "sec-ch-ua": "\"Not=
[12:34:22][REQ] GET moumi.com/moumi-homepage/assets/fonts/beausite-classic/beausite-classic.css? (type=Stylesheet)
[12:34:22][REQ]   headers: {"Accept": "text/css,*/*;q=0.1", "Referer": "https://moumi.com/", "User-Agent": "Mozilla/5.0 (Windows NT 10.0; Win64; x64) AppleWebKit/537.36 (KHTML, like Gecko) Chrome/151.0.0.0 Safari/537.36", "sec-
[12:34:22][REQ] GET moumi.com/moumi-brand-assets/_next/static/css/08c00472f55569ea.css? (type=Stylesheet)
[12:34:22][REQ]   headers: {"Accept": "text/css,*/*;q=0.1", "Referer": "https://moumi.com/", "User-Agent": "Mozilla/5.0 (Windows NT 10.0; Win64; x64) AppleWebKit/537.36 (KHTML, like Gecko) Chrome/151.0.0.0 Safari/537.36", "sec-
[12:34:22][REQ] GET consent.moumi.com/unified/wrapperMessagingWithoutDetection.js? (type=Script)
[12:34:22][REQ]   headers: {"Accept": "*/*", "Referer": "https://moumi.com/", "User-Agent": "Mozilla/5.0 (Windows NT 10.0; Win64; x64) AppleWebKit/537.36 (KHTML, like Gecko) Chrome/151.0.0.0 Safari/537.36", "sec-ch-ua": "\"Not=
[12:34:22][REQ] GET moumi.com/moumi-brand-assets/_next/static/chunks/ab34cb03dc3fbf4e.js? (type=Script)
[12:34:22][REQ]   headers: {"Accept": "*/*", "Referer": "https://moumi.com/", "User-Agent": "Mozilla/5.0 (Windows NT 10.0; Win64; x64) AppleWebKit/537.36 (KHTML, like Gecko) Chrome/151.0.0.0 Safari/537.36", "sec-ch-ua": "\"Not=
[12:34:22][REQ] GET moumi.com/moumi-brand-assets/_next/static/chunks/b2ecac37c92f5d8d.js? (type=Script)
[12:34:22][REQ]   headers: {"Accept": "*/*", "Referer": "https://moumi.com/", "User-Agent": "Mozilla/5.0 (Windows NT 10.0; Win64; x64) AppleWebKit/537.36 (KHTML, like Gecko) Chrome/151.0.0.0 Safari/537.36", "sec-ch-ua": "\"Not=
[12:34:22][REQ] GET moumi.com/moumi-brand-assets/_next/static/chunks/7d8ca7ee02774d84.js? (type=Script)
[12:34:22][REQ]   headers: {"Accept": "*/*", "Referer": "https://moumi.com/", "User-Agent": "Mozilla/5.0 (Windows NT 10.0; Win64; x64) AppleWebKit/537.36 (KHTML, like Gecko) Chrome/151.0.0.0 Safari/537.36", "sec-ch-ua": "\"Not=
[12:34:22][REQ] GET moumi.com/moumi-brand-assets/_next/static/chunks/60dd9584bd8b9602.js? (type=Script)
[12:34:22][REQ]   headers: {"Accept": "*/*", "Referer": "https://moumi.com/", "User-Agent": "Mozilla/5.0 (Windows NT 10.0; Win64; x64) AppleWebKit/537.36 (KHTML, like Gecko) Chrome/151.0.0.0 Safari/537.36", "sec-ch-ua": "\"Not=
[12:34:22][REQ] GET moumi.com/moumi-brand-assets/_next/static/chunks/8f0f9b2b82fbec43.js? (type=Script)
[12:34:22][REQ]   headers: {"Accept": "*/*", "Referer": "https://moumi.com/", "User-Agent": "Mozilla/5.0 (Windows NT 10.0; Win64; x64) AppleWebKit/537.36 (KHTML, like Gecko) Chrome/151.0.0.0 Safari/537.36", "sec-ch-ua": "\"Not=
[12:34:22][REQ] GET moumi.com/moumi-brand-assets/_next/static/chunks/9eda42229cf81b2e.js? (type=Script)
[12:34:22][REQ]   headers: {"Accept": "*/*", "Referer": "https://moumi.com/", "User-Agent": "Mozilla/5.0 (Windows NT 10.0; Win64; x64) AppleWebKit/537.36 (KHTML, like Gecko) Chrome/151.0.0.0 Safari/537.36", "sec-ch-ua": "\"Not=
[12:34:22][REQ] GET moumi.com/moumi-brand-assets/_next/static/chunks/f79d53009f25654d.js? (type=Script)
[12:34:22][REQ]   headers: {"Accept": "*/*", "Referer": "https://moumi.com/", "User-Agent": "Mozilla/5.0 (Windows NT 10.0; Win64; x64) AppleWebKit/537.36 (KHTML, like Gecko) Chrome/151.0.0.0 Safari/537.36", "sec-ch-ua": "\"Not=
[12:34:22][REQ] GET moumi.com/moumi-brand-assets/_next/static/chunks/c1376fa03686f16d.js? (type=Script)
[12:34:22][REQ]   headers: {"Accept": "*/*", "Referer": "https://moumi.com/", "User-Agent": "Mozilla/5.0 (Windows NT 10.0; Win64; x64) AppleWebKit/537.36 (KHTML, like Gecko) Chrome/151.0.0.0 Safari/537.36", "sec-ch-ua": "\"Not=
[12:34:22][REQ] GET moumi.com/moumi-brand-assets/_next/static/chunks/ed11533061d42ec4.js? (type=Script)
[12:34:22][REQ]   headers: {"Accept": "*/*", "Referer": "https://moumi.com/", "User-Agent": "Mozilla/5.0 (Windows NT 10.0; Win64; x64) AppleWebKit/537.36 (KHTML, like Gecko) Chrome/151.0.0.0 Safari/537.36", "sec-ch-ua": "\"Not=
[12:34:22][REQ] GET moumi.com/moumi-brand-assets/_next/static/2F63BrH9bYB8X92dgMV8k/_buildManifest.js? (type=Script)
[12:34:22][REQ]   headers: {"Accept": "*/*", "Referer": "https://moumi.com/", "User-Agent": "Mozilla/5.0 (Windows NT 10.0; Win64; x64) AppleWebKit/537.36 (KHTML, like Gecko) Chrome/151.0.0.0 Safari/537.36", "sec-ch-ua": "\"Not=
[12:34:22][REQ] GET moumi.com/moumi-brand-assets/_next/static/2F63BrH9bYB8X92dgMV8k/_ssgManifest.js? (type=Script)
[12:34:22][REQ]   headers: {"Accept": "*/*", "Referer": "https://moumi.com/", "User-Agent": "Mozilla/5.0 (Windows NT 10.0; Win64; x64) AppleWebKit/537.36 (KHTML, like Gecko) Chrome/151.0.0.0 Safari/537.36", "sec-ch-ua": "\"Not=
[12:34:22][REQ] GET moumi.com/manifest.json? (type=Other)
[12:34:22][REQ]   headers: {"Accept": "*/*", "Referer": "https://moumi.com/", "User-Agent": "Mozilla/5.0 (Windows NT 10.0; Win64; x64) AppleWebKit/537.36 (KHTML, like Gecko) Chrome/151.0.0.0 Safari/537.36", "sec-ch-ua": "\"Not=
[12:34:22][RES] 200 consent.moumi.com/unified/wrapperMessagingWithoutDetection.js (type=Script)
[12:34:22][RES]   headers: {"content-type": "text/javascript", "last-modified": "Tue, 04 Aug 2026 15:03:48 GMT", "server": "AmazonS3", "x-amz-server-side-encryption": "AES256", "content-encoding": "br", "date": "Tue, 11 Aug 202
[12:34:22][RES]   body size: 141342 bytes, saved to sources/
[12:34:22][RES] 200 moumi.com/moumi-homepage/assets/fonts/beausite-classic/beausite-classic.css (type=Stylesheet)
[12:34:22][RES]   headers: {"server": "nginx", "date": "Tue, 11 Aug 2026 10:34:23 GMT", "content-type": "text/css; charset=UTF-8", "document-policy": "js-profiling", "cache-control": "public, max-age=0", "last-modified": "Thu, 
[12:34:22][RES]   body size: 414 bytes, saved to sources/
[12:34:22][RES] 200 moumi.com/moumi-brand-assets/_next/static/css/08c00472f55569ea.css (type=Stylesheet)
[12:34:22][RES]   headers: {"server": "nginx", "date": "Tue, 11 Aug 2026 10:34:23 GMT", "content-type": "text/css; charset=UTF-8", "document-policy": "js-profiling", "cache-control": "public, max-age=31536000, immutable", "last
[12:34:22][RES]   body size: 84727 bytes, saved to sources/
[12:34:22][REQ] GET consent.moumi.com/unified/4.40.2/gdpr-tcf.27718c8cb9d29947d2c1.bundle.js? (type=Script)
[12:34:22][REQ]   headers: {"Accept": "*/*", "Referer": "https://moumi.com/", "User-Agent": "Mozilla/5.0 (Windows NT 10.0; Win64; x64) AppleWebKit/537.36 (KHTML, like Gecko) Chrome/151.0.0.0 Safari/537.36", "sec-ch-ua": "\"Not=
[12:34:22][REQ] GET consent.moumi.com/unified/4.40.2/ccpa.1820a7ba1340e3c799af.bundle.js? (type=Script)
[12:34:22][REQ]   headers: {"Accept": "*/*", "Referer": "https://moumi.com/", "User-Agent": "Mozilla/5.0 (Windows NT 10.0; Win64; x64) AppleWebKit/537.36 (KHTML, like Gecko) Chrome/151.0.0.0 Safari/537.36", "sec-ch-ua": "\"Not=
[12:34:22][REQ] GET consent.moumi.com/mms/v2/get_site_data?hasCsp=true&href=https%3A%2F%2Fmoumi.com%2F&accoun (type=XHR)
[12:34:22][REQ]   headers: {"Accept": "*/*", "Origin": "https://moumi.com", "Referer": "https://moumi.com/", "User-Agent": "Mozilla/5.0 (Windows NT 10.0; Win64; x64) AppleWebKit/537.36 (KHTML, like Gecko) Chrome/151.0.0.0 Safar
[12:34:22][RES] 200 moumi.com/moumi-brand-assets/_next/static/chunks/ab34cb03dc3fbf4e.js (type=Script)
[12:34:22][RES]   headers: {"server": "nginx", "date": "Tue, 11 Aug 2026 10:34:23 GMT", "content-type": "application/javascript; charset=UTF-8", "document-policy": "js-profiling", "cache-control": "public, max-age=31536000, imm
[12:34:22][RES]   body size: 2460 bytes, saved to sources/
[12:34:22][RES] 200 consent.moumi.com/unified/4.40.2/gdpr-tcf.27718c8cb9d29947d2c1.bundle.js (type=Script)
[12:34:22][RES]   headers: {"content-type": "text/javascript", "date": "Tue, 04 Aug 2026 15:04:55 GMT", "last-modified": "Mon, 03 Aug 2026 16:56:40 GMT", "server": "AmazonS3", "x-amz-server-side-encryption": "AES256", "cache-co
[12:34:22][RES]   body size: 164342 bytes, saved to sources/
[12:34:22][RES] 200 consent.moumi.com/unified/4.40.2/ccpa.1820a7ba1340e3c799af.bundle.js (type=Script)
[12:34:22][RES]   headers: {"content-type": "text/javascript", "date": "Tue, 04 Aug 2026 15:04:55 GMT", "last-modified": "Mon, 03 Aug 2026 16:56:40 GMT", "server": "AmazonS3", "x-amz-server-side-encryption": "AES256", "cache-co
[12:34:22][RES]   body size: 15602 bytes, saved to sources/
[12:34:22][RES] 200 consent.moumi.com/mms/v2/get_site_data (type=XHR)
[12:34:22][RES]   headers: {"content-type": "application/javascript", "date": "Mon, 10 Aug 2026 11:53:48 GMT", "strict-transport-security": "max-age=15552000; includeSubdomains", "cache-control": "max-age=3600, s-maxage=86400",
[12:34:22][RES]   body size: 208 bytes, saved to sources/
[12:34:22][RES] 200 moumi.com/moumi-brand-assets/_next/static/chunks/b2ecac37c92f5d8d.js (type=Script)
[12:34:22][RES]   headers: {"server": "nginx", "date": "Tue, 11 Aug 2026 10:34:23 GMT", "content-type": "application/javascript; charset=UTF-8", "document-policy": "js-profiling", "cache-control": "public, max-age=31536000, imm
[12:34:22][RES]   body size: 140392 bytes, saved to sources/
[12:34:22][RES] 200 moumi.com/moumi-brand-assets/_next/static/chunks/7d8ca7ee02774d84.js (type=Script)
[12:34:22][RES]   headers: {"server": "nginx", "date": "Tue, 11 Aug 2026 10:34:23 GMT", "content-type": "application/javascript; charset=UTF-8", "document-policy": "js-profiling", "cache-control": "public, max-age=31536000, imm
[12:34:22][RES]   body size: 138184 bytes, saved to sources/
[12:34:22][REQ] GET consent.moumi.com/wrapper/v2/meta-data?hasCsp=true&accountId=1789&env=prod&metadata=%7B%2 (type=XHR)
[12:34:22][REQ]   headers: {"Accept": "*/*", "Origin": "https://moumi.com", "Referer": "https://moumi.com/", "User-Agent": "Mozilla/5.0 (Windows NT 10.0; Win64; x64) AppleWebKit/537.36 (KHTML, like Gecko) Chrome/151.0.0.0 Safar
[12:34:22][RES] 200 moumi.com/moumi-brand-assets/_next/static/chunks/9eda42229cf81b2e.js (type=Script)
[12:34:22][RES]   headers: {"server": "nginx", "date": "Tue, 11 Aug 2026 10:34:23 GMT", "content-type": "application/javascript; charset=UTF-8", "document-policy": "js-profiling", "cache-control": "public, max-age=31536000, imm
[12:34:22][RES]   body size: 38713 bytes, saved to sources/
[12:34:22][RES] 200 moumi.com/moumi-brand-assets/_next/static/chunks/c1376fa03686f16d.js (type=Script)
[12:34:22][RES]   headers: {"server": "nginx", "date": "Tue, 11 Aug 2026 10:34:23 GMT", "content-type": "application/javascript; charset=UTF-8", "document-policy": "js-profiling", "cache-control": "public, max-age=31536000, imm
[12:34:22][RES]   body size: 13697 bytes, saved to sources/
[12:34:22][RES] 200 moumi.com/moumi-brand-assets/_next/static/chunks/ed11533061d42ec4.js (type=Script)
[12:34:22][RES]   headers: {"server": "nginx", "date": "Tue, 11 Aug 2026 10:34:23 GMT", "content-type": "application/javascript; charset=UTF-8", "document-policy": "js-profiling", "cache-control": "public, max-age=31536000, imm
[12:34:22][RES]   body size: 680 bytes, saved to sources/
[12:34:22][RES] 200 moumi.com/moumi-brand-assets/_next/static/2F63BrH9bYB8X92dgMV8k/_buildManifest.js (type=Script)
[12:34:22][RES]   headers: {"server": "nginx", "date": "Tue, 11 Aug 2026 10:34:23 GMT", "content-type": "application/javascript; charset=UTF-8", "document-policy": "js-profiling", "cache-control": "public, max-age=31536000, imm
[12:34:22][RES]   body size: 747 bytes, saved to sources/
[12:34:22][RES] 200 moumi.com/moumi-brand-assets/_next/static/2F63BrH9bYB8X92dgMV8k/_ssgManifest.js (type=Script)
[12:34:22][RES]   headers: {"server": "nginx", "date": "Tue, 11 Aug 2026 10:34:23 GMT", "content-type": "application/javascript; charset=UTF-8", "content-length": "77", "document-policy": "js-profiling", "cache-control": "publi
[12:34:22][RES]   body size: 77 bytes, saved to sources/
[12:34:22][RES] 200 moumi.com/moumi-brand-assets/_next/static/chunks/f79d53009f25654d.js (type=Script)
[12:34:22][RES]   headers: {"server": "nginx", "date": "Tue, 11 Aug 2026 10:34:23 GMT", "content-type": "application/javascript; charset=UTF-8", "document-policy": "js-profiling", "cache-control": "public, max-age=31536000, imm
[12:34:22][RES]   body size: 87664 bytes, saved to sources/
[12:34:22][REQ] GET moumi.com/moumi-homepage/assets/tell-us-what-you-looking-for-bg.png? (type=Image)
[12:34:22][REQ]   headers: {"Accept": "image/avif,image/webp,image/apng,image/svg+xml,image/*,*/*;q=0.8", "Referer": "https://moumi.com/moumi-brand-assets/_next/static/css/08c00472f55569ea.css", "User-Agent": "Mozilla/5.0 (Wind
[12:34:22][RES] 200 moumi.com/moumi-brand-assets/_next/static/chunks/8f0f9b2b82fbec43.js (type=Script)
[12:34:22][RES]   headers: {"server": "nginx", "date": "Tue, 11 Aug 2026 10:34:23 GMT", "content-type": "application/javascript; charset=UTF-8", "document-policy": "js-profiling", "cache-control": "public, max-age=31536000, imm
[12:34:22][RES]   body size: 645506 bytes, saved to sources/
[12:34:23][RES] 200 moumi.com/moumi-brand-assets/_next/static/chunks/60dd9584bd8b9602.js (type=Script)
[12:34:23][RES]   headers: {"server": "nginx", "date": "Tue, 11 Aug 2026 10:34:23 GMT", "content-type": "application/javascript; charset=UTF-8", "document-policy": "js-profiling", "cache-control": "public, max-age=31536000, imm
[12:34:23][RES]   body size: 1657280 bytes, saved to sources/
[12:34:23][REQ] GET moumi.com/_next/image?url=%2Fmoumi-homepage%2Fassets%2Ftell-us-what-you- (type=Image)
[12:34:23][REQ]   headers: {"Accept": "image/avif,image/webp,image/apng,image/svg+xml,image/*,*/*;q=0.8", "Referer": "https://moumi.com/", "User-Agent": "Mozilla/5.0 (Windows NT 10.0; Win64; x64) AppleWebKit/537.36 (KHTML, like
[12:34:23][REQ] GET www.googletagmanager.com/gtm.js?id=GTM-NRVTQM9 (type=Script)
[12:34:23][REQ]   headers: {"Accept": "*/*", "Referer": "https://moumi.com/", "User-Agent": "Mozilla/5.0 (Windows NT 10.0; Win64; x64) AppleWebKit/537.36 (KHTML, like Gecko) Chrome/151.0.0.0 Safari/537.36", "sec-ch-ua": "\"Not=
[12:34:23][RES] 200 consent.moumi.com/wrapper/v2/meta-data (type=XHR)
[12:34:23][RES]   headers: {"content-type": "application/json; charset=utf-8", "content-length": "350", "date": "Tue, 11 Aug 2026 10:00:03 GMT", "x-powered-by": "Express", "access-control-allow-origin": "*", "access-control-all
[12:34:23][RES]   body size: 350 bytes, saved to sources/
[12:34:23][REQ] GET consent.moumi.com/wrapper/v2/messages?hasCsp=true&env=prod&body=%7B%22accountId%22%3A178 (type=XHR)
[12:34:23][REQ]   headers: {"Accept": "*/*", "Origin": "https://moumi.com", "Referer": "https://moumi.com/", "User-Agent": "Mozilla/5.0 (Windows NT 10.0; Win64; x64) AppleWebKit/537.36 (KHTML, like Gecko) Chrome/151.0.0.0 Safar
[12:34:23][REQ] POST o1118521.ingest.us.sentry.io/api/4507775599378432/envelope/?sentry_version=7&sentry_key=bd5559e8048b0ec92a1769 (type=XHR)
[12:34:23][REQ]   headers: {"Accept": "*/*", "Content-Type": "text/plain;charset=UTF-8", "Origin": "https://moumi.com", "Referer": "https://moumi.com/", "User-Agent": "Mozilla/5.0 (Windows NT 10.0; Win64; x64) AppleWebKit/537.3
[12:34:23][REQ]   body: <base64> {"sent_at":"2026-08-11T10:34:23.185Z","sdk":{"name":"sentry.javascript.nextjs","version":"8.55.0"}}

[12:34:23][RES] 200 consent.moumi.com/wrapper/v2/messages (type=XHR)
[12:34:23][RES]   headers: {"content-type": "application/json; charset=utf-8", "date": "Tue, 11 Aug 2026 10:26:56 GMT", "content-encoding": "gzip", "x-powered-by": "Express", "access-control-allow-origin": "*", "access-control-
[12:34:23][RES]   body size: 96241 bytes, saved to sources/
[12:34:23][REQ] GET consent.moumi.com/index.html?hasCsp=true&message_id=1172550&consentUUID=null&co (type=Document)
[12:34:23][REQ]   headers: {"Accept": "text/html,application/xhtml+xml,application/xml;q=0.9,image/avif,image/webp,image/apng,*/*;q=0.8,application/signed-exchange;v=b3;q=0.7", "Cookie": "dnsDisplayed=undefined; ccpaApplies=fal
[12:34:23][REQ] GET moumi.com/moumi-homepage/assets/fonts/beausite-classic/BeausiteClassicWeb-Bold.woff2? (type=Font)
[12:34:23][REQ]   headers: {"Accept": "*/*", "Cookie": "dnsDisplayed=undefined; ccpaApplies=false; signedLspa=undefined; _sp_su=false", "Origin": "https://moumi.com", "Referer": "https://moumi.com/moumi-homepage/assets/fonts/be
[12:34:23][REQ] GET moumi.com/moumi-homepage/assets/fonts/beausite-classic/BeausiteClassicWeb-Bold.woff2? (type=Font)
[12:34:23][REQ]   headers: {"Accept": "*/*", "Cookie": "dnsDisplayed=undefined; ccpaApplies=false; signedLspa=undefined; _sp_su=false", "Origin": "https://moumi.com", "Referer": "https://moumi.com/moumi-homepage/assets/fonts/be
[12:34:23][REQ] GET moumi.com/moumi-homepage/assets/fonts/beausite-classic/BeausiteClassicWeb-Semibold.woff2? (type=Font)
[12:34:23][REQ]   headers: {"Accept": "*/*", "Cookie": "dnsDisplayed=undefined; ccpaApplies=false; signedLspa=undefined; _sp_su=false", "Origin": "https://moumi.com", "Referer": "https://moumi.com/moumi-homepage/assets/fonts/be
[12:34:23][REQ] GET moumi.com/moumi-homepage/assets/fonts/beausite-classic/BeausiteClassicWeb-Bold.woff2? (type=Font)
[12:34:23][REQ]   headers: {"Accept": "*/*", "Cookie": "dnsDisplayed=undefined; ccpaApplies=false; signedLspa=undefined; _sp_su=false", "Origin": "https://moumi.com", "Referer": "https://moumi.com/moumi-homepage/assets/fonts/be
[12:34:23][REQ] GET moumi.com/moumi-homepage/assets/fonts/beausite-classic/BeausiteClassicWeb-Semibold.woff2? (type=Font)
[12:34:23][REQ]   headers: {"Accept": "*/*", "Cookie": "dnsDisplayed=undefined; ccpaApplies=false; signedLspa=undefined; _sp_su=false", "Origin": "https://moumi.com", "Referer": "https://moumi.com/moumi-homepage/assets/fonts/be
[12:34:23][REQ] GET moumi.com/moumi-homepage/assets/fonts/beausite-classic/BeausiteClassicWeb-Semibold.woff2? (type=Font)
[12:34:23][REQ]   headers: {"Accept": "*/*", "Cookie": "dnsDisplayed=undefined; ccpaApplies=false; signedLspa=undefined; _sp_su=false", "Origin": "https://moumi.com", "Referer": "https://moumi.com/moumi-homepage/assets/fonts/be
[12:34:23][REQ] GET consent.moumi.com/Notice.1c267.css? (type=Stylesheet)
[12:34:23][REQ]   headers: {"Accept": "text/css,*/*;q=0.1", "Cookie": "dnsDisplayed=undefined; ccpaApplies=false; signedLspa=undefined; _sp_su=false", "Referer": "https://consent.moumi.com/index.html?hasCsp=true&message_id=1172
[12:34:23][REQ] GET consent.moumi.com/polyfills.01516.js? (type=Script)
[12:34:23][REQ]   headers: {"Accept": "*/*", "Cookie": "dnsDisplayed=undefined; ccpaApplies=false; signedLspa=undefined; _sp_su=false", "Referer": "https://consent.moumi.com/index.html?hasCsp=true&message_id=1172550&consentUUID
[12:34:23][REQ] GET consent.moumi.com/Notice.97af9.js? (type=Script)
[12:34:23][REQ]   headers: {"Accept": "*/*", "Cookie": "dnsDisplayed=undefined; ccpaApplies=false; signedLspa=undefined; _sp_su=false", "Referer": "https://consent.moumi.com/index.html?hasCsp=true&message_id=1172550&consentUUID
[12:34:23][RES] 200 consent.moumi.com/polyfills.01516.js (type=Script)
[12:34:23][RES]   headers: {"content-type": "text/javascript", "last-modified": "Thu, 25 Jun 2026 13:32:11 GMT", "server": "AmazonS3", "x-amz-server-side-encryption": "AES256", "content-encoding": "gzip", "date": "Tue, 11 Aug 2
[12:34:23][RES]   body size: 5109 bytes, saved to sources/
[12:34:23][RES] 200 consent.moumi.com/Notice.1c267.css (type=Stylesheet)
[12:34:23][RES]   headers: {"content-type": "text/css", "last-modified": "Thu, 25 Jun 2026 13:32:10 GMT", "server": "AmazonS3", "x-amz-server-side-encryption": "AES256", "content-encoding": "gzip", "date": "Tue, 11 Aug 2026 10:
[12:34:23][RES]   body size: 35681 bytes, saved to sources/
[12:34:23][RES] 200 consent.moumi.com/Notice.97af9.js (type=Script)
[12:34:23][RES]   headers: {"content-type": "text/javascript", "last-modified": "Thu, 25 Jun 2026 13:32:09 GMT", "server": "AmazonS3", "x-amz-server-side-encryption": "AES256", "content-encoding": "gzip", "date": "Tue, 11 Aug 2
[12:34:23][RES]   body size: 377387 bytes, saved to sources/
[12:34:23][RES] 200 o1118521.ingest.us.sentry.io/api/4507775599378432/envelope/ (type=XHR)
[12:34:23][RES]   headers: {"server": "nginx", "date": "Tue, 11 Aug 2026 10:34:23 GMT", "content-type": "application/json", "content-length": "2", "vary": "origin, access-control-request-method, access-control-request-headers",
[12:34:23][RES]   body size: 2 bytes, saved to sources/
[12:34:23][RES] 200 www.googletagmanager.com/gtm.js (type=Script)
[12:34:23][RES]   headers: {"content-type": "application/javascript; charset=UTF-8", "access-control-allow-origin": "*", "access-control-allow-credentials": "true", "access-control-allow-headers": "Cache-Control", "content-enco
[12:34:23][RES]   body size: 475121 bytes, saved to sources/
[12:34:23][REQ] GET consent.moumi.com/consent/tcfv2/vendor-list/categories?siteId=22304 (type=XHR)
[12:34:23][REQ]   headers: {"Accept": "*/*", "Cookie": "dnsDisplayed=undefined; ccpaApplies=false; signedLspa=undefined; _sp_su=false", "Referer": "https://consent.moumi.com/index.html?hasCsp=true&message_id=1172550&consentUUID
[12:34:23][RES] 200 consent.moumi.com/consent/tcfv2/vendor-list/categories (type=XHR)
[12:34:23][RES]   headers: {"content-type": "application/json; charset=utf-8", "date": "Tue, 11 Aug 2026 10:15:58 GMT", "content-encoding": "gzip", "access-control-allow-origin": "*", "access-control-allow-credentials": "true",
[12:34:23][RES]   body size: 1199 bytes, saved to sources/
[12:34:23][REQ] POST moumi.com/jss/csp_report.phtml?token=moumi_homepage&env=production (type=CSPViolationReport)
[12:34:23][REQ]   headers: {"Accept": "*/*", "Content-Type": "application/csp-report", "Cookie": "dnsDisplayed=undefined; ccpaApplies=false; signedLspa=undefined; _sp_su=false", "Origin": "https://moumi.com", "Referer": "https:
[12:34:23][REQ]   body: <base64> {"csp-report":{"document-uri":"https://moumi.com/","referrer":"","violated-directive":"connect-src",
[12:34:23][REQ] GET pagead2.googlesyndication.com/ccm/collect?rcb=8&frm=0&apvc=1&ae=g&en=page_view&dl=https%3A%2 (type=Image)
[12:34:23][REQ]   headers: {"Accept": "image/avif,image/webp,image/apng,image/svg+xml,image/*,*/*;q=0.8", "Referer": "https://moumi.com/", "User-Agent": "Mozilla/5.0 (Windows NT 10.0; Win64; x64) AppleWebKit/537.36 (KHTML, like
[12:34:23][REQ] GET fonts.googleapis.com/css2?family=Inter:wght@300;400;500;600;700&display=swap (type=Stylesheet)
[12:34:23][REQ]   headers: {"Accept": "text/css,*/*;q=0.1", "Referer": "https://consent.moumi.com/", "User-Agent": "Mozilla/5.0 (Windows NT 10.0; Win64; x64) AppleWebKit/537.36 (KHTML, like Gecko) Chrome/151.0.0.0 Safari/537.36
[12:34:23][REQ] GET consent.moumi.com/consent/tcfv2/vendor-list/categories?siteId=22304&consentLanguage=en (type=XHR)
[12:34:23][REQ]   headers: {"Accept": "*/*", "Cookie": "dnsDisplayed=undefined; ccpaApplies=false; signedLspa=undefined; _sp_su=false", "Referer": "https://consent.moumi.com/index.html?hasCsp=true&message_id=1172550&consentUUID
[12:34:23][REQ] GET moumi.com/static/moumi/images/logo.svg? (type=Image)
[12:34:23][REQ]   headers: {"Accept": "image/avif,image/webp,image/apng,image/svg+xml,image/*,*/*;q=0.8", "Cookie": "dnsDisplayed=undefined; ccpaApplies=false; signedLspa=undefined; _sp_su=false", "Referer": "https://consent.ba
[12:34:23][RES] 200 consent.moumi.com/consent/tcfv2/vendor-list/categories (type=XHR)
[12:34:23][RES]   headers: {"content-type": "application/json; charset=utf-8", "date": "Tue, 11 Aug 2026 10:34:24 GMT", "content-encoding": "gzip", "access-control-allow-origin": "*", "access-control-allow-credentials": "true",
[12:34:23][RES]   body size: 1199 bytes, saved to sources/
[12:34:23][RES] 200 moumi.com/jss/csp_report.phtml (type=CSPViolationReport)
[12:34:23][RES]   headers: {"server": "nginx", "date": "Tue, 11 Aug 2026 10:34:24 GMT", "content-type": "text/javascript; charset=utf-8", "strict-transport-security": "max-age=31536000; includeSubDomains; preload", "referrer-po
[12:34:23][RES]   body size: 2 bytes, saved to sources/
[12:34:23][REQ] GET moumi.com/static/favicon.ico? (type=Other)
[12:34:23][REQ]   headers: {"Accept": "image/avif,image/webp,image/apng,image/svg+xml,image/*,*/*;q=0.8", "Cookie": "dnsDisplayed=undefined; ccpaApplies=false; signedLspa=undefined; _sp_su=false", "Referer": "https://moumi.com/
[12:34:23][RES] 200 fonts.googleapis.com/css2 (type=Stylesheet)
[12:34:23][RES]   headers: {"content-type": "text/css; charset=utf-8", "vary": "Sec-Fetch-Dest, Sec-Fetch-Mode, Sec-Fetch-Site", "access-control-allow-origin": "*", "timing-allow-origin": "*", "link": "<https://fonts.gstatic.co
[12:34:23][RES]   body size: 12355 bytes, saved to sources/
[12:34:23][REQ] GET fonts.gstatic.com/s/inter/v20/UcC73FwrK3iLTeHuS_nVMrMxCp50SjIa1ZL7.woff2? (type=Font)
[12:34:23][REQ]   headers: {"Accept": "*/*", "Origin": "https://consent.moumi.com", "Referer": "https://fonts.googleapis.com/", "User-Agent": "Mozilla/5.0 (Windows NT 10.0; Win64; x64) AppleWebKit/537.36 (KHTML, like Gecko) Chr
[12:34:23][REQ] GET fonts.gstatic.com/s/inter/v20/UcC73FwrK3iLTeHuS_nVMrMxCp50SjIa1ZL7.woff2? (type=Font)
[12:34:23][REQ]   headers: {"Accept": "*/*", "Origin": "https://consent.moumi.com", "Referer": "https://fonts.googleapis.com/", "User-Agent": "Mozilla/5.0 (Windows NT 10.0; Win64; x64) AppleWebKit/537.36 (KHTML, like Gecko) Chr
[12:34:23][REQ] GET fonts.gstatic.com/s/inter/v20/UcC73FwrK3iLTeHuS_nVMrMxCp50SjIa1ZL7.woff2? (type=Font)
[12:34:23][REQ]   headers: {"Accept": "*/*", "Origin": "https://consent.moumi.com", "Referer": "https://fonts.googleapis.com/", "User-Agent": "Mozilla/5.0 (Windows NT 10.0; Win64; x64) AppleWebKit/537.36 (KHTML, like Gecko) Chr
[12:34:23][REQ] GET fonts.gstatic.com/s/inter/v20/UcC73FwrK3iLTeHuS_nVMrMxCp50SjIa1ZL7.woff2? (type=Font)
[12:34:23][REQ]   headers: {"Accept": "*/*", "Origin": "https://consent.moumi.com", "Referer": "https://fonts.googleapis.com/", "User-Agent": "Mozilla/5.0 (Windows NT 10.0; Win64; x64) AppleWebKit/537.36 (KHTML, like Gecko) Chr
[12:34:23][REQ] GET fonts.gstatic.com/s/inter/v20/UcC73FwrK3iLTeHuS_nVMrMxCp50SjIa1ZL7.woff2? (type=Font)
[12:34:23][REQ]   headers: {"Accept": "*/*", "Origin": "https://consent.moumi.com", "Referer": "https://fonts.googleapis.com/", "User-Agent": "Mozilla/5.0 (Windows NT 10.0; Win64; x64) AppleWebKit/537.36 (KHTML, like Gecko) Chr
[12:34:23][REQ] GET fonts.gstatic.com/s/inter/v20/UcC73FwrK3iLTeHuS_nVMrMxCp50SjIa1ZL7.woff2? (type=Font)
[12:34:23][REQ]   headers: {"Accept": "*/*", "Origin": "https://consent.moumi.com", "Referer": "https://fonts.googleapis.com/", "User-Agent": "Mozilla/5.0 (Windows NT 10.0; Win64; x64) AppleWebKit/537.36 (KHTML, like Gecko) Chr
[12:34:23][REQ] GET fonts.gstatic.com/s/inter/v20/UcC73FwrK3iLTeHuS_nVMrMxCp50SjIa1ZL7.woff2? (type=Font)
[12:34:23][REQ]   headers: {"Accept": "*/*", "Origin": "https://consent.moumi.com", "Referer": "https://fonts.googleapis.com/", "User-Agent": "Mozilla/5.0 (Windows NT 10.0; Win64; x64) AppleWebKit/537.36 (KHTML, like Gecko) Chr
[12:34:23][REQ] GET fonts.gstatic.com/s/inter/v20/UcC73FwrK3iLTeHuS_nVMrMxCp50SjIa1ZL7.woff2? (type=Font)
[12:34:23][REQ]   headers: {"Accept": "*/*", "Origin": "https://consent.moumi.com", "Referer": "https://fonts.googleapis.com/", "User-Agent": "Mozilla/5.0 (Windows NT 10.0; Win64; x64) AppleWebKit/537.36 (KHTML, like Gecko) Chr
[12:34:23][REQ] GET fonts.gstatic.com/s/inter/v20/UcC73FwrK3iLTeHuS_nVMrMxCp50SjIa1ZL7.woff2? (type=Font)
[12:34:23][REQ]   headers: {"Accept": "*/*", "Origin": "https://consent.moumi.com", "Referer": "https://fonts.googleapis.com/", "User-Agent": "Mozilla/5.0 (Windows NT 10.0; Win64; x64) AppleWebKit/537.36 (KHTML, like Gecko) Chr
[12:34:23][REQ] GET fonts.gstatic.com/s/inter/v20/UcC73FwrK3iLTeHuS_nVMrMxCp50SjIa1ZL7.woff2? (type=Font)
[12:34:23][REQ]   headers: {"Accept": "*/*", "Origin": "https://consent.moumi.com", "Referer": "https://fonts.googleapis.com/", "User-Agent": "Mozilla/5.0 (Windows NT 10.0; Win64; x64) AppleWebKit/537.36 (KHTML, like Gecko) Chr
[12:34:23][REQ] GET fonts.gstatic.com/s/inter/v20/UcC73FwrK3iLTeHuS_nVMrMxCp50SjIa1ZL7.woff2? (type=Font)
[12:34:23][REQ]   headers: {"Accept": "*/*", "Origin": "https://consent.moumi.com", "Referer": "https://fonts.googleapis.com/", "User-Agent": "Mozilla/5.0 (Windows NT 10.0; Win64; x64) AppleWebKit/537.36 (KHTML, like Gecko) Chr
[12:34:23][REQ] GET fonts.gstatic.com/s/inter/v20/UcC73FwrK3iLTeHuS_nVMrMxCp50SjIa1ZL7.woff2? (type=Font)
[12:34:23][REQ]   headers: {"Accept": "*/*", "Origin": "https://consent.moumi.com", "Referer": "https://fonts.googleapis.com/", "User-Agent": "Mozilla/5.0 (Windows NT 10.0; Win64; x64) AppleWebKit/537.36 (KHTML, like Gecko) Chr
[12:34:29][REQ] OPTIONS consent.moumi.com/wrapper/v2/choice/consent-all?hasCsp=true&accountId=1789&env=prod&includeCustomV (type=XHR)
[12:34:29][REQ]   headers: {"Accept": "*/*", "Access-Control-Request-Headers": "content-type", "Access-Control-Request-Method": "GET", "Origin": "https://moumi.com", "Referer": "https://moumi.com/", "Sec-Fetch-Mode": "cors", "U
[12:34:29][RES] 200 consent.moumi.com/wrapper/v2/choice/consent-all (type=XHR)
[12:34:29][RES]   headers: {"content-type": "text/plain; charset=utf-8", "content-length": "2", "date": "Tue, 11 Aug 2026 10:26:59 GMT", "x-powered-by": "Express", "access-control-allow-origin": "*", "access-control-allow-crede
[12:34:29][RES]   body size: 2 bytes, saved to sources/
[12:34:29][REQ] GET consent.moumi.com/wrapper/v2/choice/consent-all?hasCsp=true&accountId=1789&env=prod&includeCustomV (type=XHR)
[12:34:29][REQ]   headers: {"Accept": "*/*", "Content-Type": "application/json", "Origin": "https://moumi.com", "Referer": "https://moumi.com/", "User-Agent": "Mozilla/5.0 (Windows NT 10.0; Win64; x64) AppleWebKit/537.36 (KHTML
[12:34:29][RES] 200 consent.moumi.com/wrapper/v2/choice/consent-all (type=XHR)
[12:34:29][RES]   headers: {"content-type": "application/json; charset=utf-8", "date": "Tue, 11 Aug 2026 10:26:59 GMT", "content-encoding": "gzip", "x-powered-by": "Express", "access-control-allow-origin": "*", "access-control-
[12:34:29][RES]   body size: 7493 bytes, saved to sources/
[12:34:29][REQ] OPTIONS consent.moumi.com/wrapper/v2/choice/gdpr/11?hasCsp=true&env=prod&ch=4340993865000389824373&scr (type=XHR)
[12:34:29][REQ]   headers: {"Accept": "*/*", "Access-Control-Request-Headers": "content-type", "Access-Control-Request-Method": "POST", "Origin": "https://moumi.com", "Referer": "https://moumi.com/", "Sec-Fetch-Mode": "cors", "
[12:34:29][RES] 200 consent.moumi.com/wrapper/v2/choice/gdpr/11 (type=XHR)
[12:34:29][RES]   headers: {"content-type": "text/html; charset=utf-8", "content-length": "4", "date": "Tue, 11 Aug 2026 10:34:29 GMT", "x-powered-by": "Express", "access-control-allow-origin": "https://moumi.com", "access-cont
[12:34:29][RES]   body size: 4 bytes, saved to sources/
[12:34:29][REQ] POST consent.moumi.com/wrapper/v2/choice/gdpr/11?hasCsp=true&env=prod&ch=4340993865000389824373&scr (type=XHR)
[12:34:29][REQ]   headers: {"Accept": "*/*", "Content-Type": "application/json", "Origin": "https://moumi.com", "Referer": "https://moumi.com/", "User-Agent": "Mozilla/5.0 (Windows NT 10.0; Win64; x64) AppleWebKit/537.36 (KHTML
[12:34:29][REQ]   body: <base64> {"accountId":1789,"applies":true,"authId":null,"messageId":1172550,"prtnUUID":"9dd19c71-1da1-46ea-8b
[12:34:29][RES] 200 consent.moumi.com/wrapper/v2/choice/gdpr/11 (type=XHR)
[12:34:29][RES]   headers: {"content-type": "application/json; charset=utf-8", "content-length": "374", "date": "Tue, 11 Aug 2026 10:34:29 GMT", "vary": "Accept-Encoding", "x-powered-by": "Express", "access-control-allow-origin
[12:34:29][RES]   body size: 374 bytes, saved to sources/
[12:34:29][REQ] POST www.google.com/ccm/collect?rcb=8&frm=0&apvc=1&ae=g&auid=1896265618.1786444469 (type=XHR)
[12:34:29][REQ]   headers: {"Accept": "*/*", "Origin": "https://moumi.com", "Referer": "https://moumi.com/", "User-Agent": "Mozilla/5.0 (Windows NT 10.0; Win64; x64) AppleWebKit/537.36 (KHTML, like Gecko) Chrome/151.0.0.0 Safar
[12:34:29][REQ] POST moumi.com/jss/csp_report.phtml?token=moumi_homepage&env=production (type=CSPViolationReport)
[12:34:29][REQ]   headers: {"Accept": "*/*", "Content-Type": "application/csp-report", "Cookie": "dnsDisplayed=undefined; ccpaApplies=false; signedLspa=undefined; _sp_su=false; euconsent-v2=CQox_wAQox_wAAGABCENCrFgAP_gAABAAAYgF
[12:34:29][REQ]   body: <base64> {"csp-report":{"document-uri":"https://moumi.com/","referrer":"","violated-directive":"connect-src",
[12:34:29][RES] 200 moumi.com/jss/csp_report.phtml (type=CSPViolationReport)
[12:34:29][RES]   headers: {"server": "nginx", "date": "Tue, 11 Aug 2026 10:34:30 GMT", "content-type": "text/javascript; charset=utf-8", "strict-transport-security": "max-age=31536000; includeSubDomains; preload", "referrer-po
[12:34:29][RES]   body size: 2 bytes, saved to sources/
[12:34:29][RES] 200 www.google.com/ccm/collect (type=XHR)
[12:34:29][RES]   headers: {}
[12:34:29][RES]   body size: 0 bytes, saved to sources/
[12:34:31][REQ] GET www.googletagmanager.com/gtag/destination?id=G-1MSEYK9Z8R&cx=c&gtm=4e6871 (type=Script)
[12:34:31][REQ]   headers: {"Accept": "*/*", "Referer": "https://moumi.com/", "User-Agent": "Mozilla/5.0 (Windows NT 10.0; Win64; x64) AppleWebKit/537.36 (KHTML, like Gecko) Chrome/151.0.0.0 Safari/537.36", "sec-ch-ua": "\"Not=
[12:34:31][REQ] GET moumi.com/landing? (type=Document)
[12:34:31][REQ]   headers: {"Accept": "text/html,application/xhtml+xml,application/xml;q=0.9,image/avif,image/webp,image/apng,*/*;q=0.8,application/signed-exchange;v=b3;q=0.7", "Cookie": "dnsDisplayed=undefined; ccpaApplies=fal
[12:34:31][RES] 200 www.googletagmanager.com/gtag/destination (type=Script)
[12:34:31][RES]   headers: {"content-type": "application/javascript; charset=UTF-8", "access-control-allow-origin": "*", "access-control-allow-credentials": "true", "access-control-allow-headers": "Cache-Control", "content-enco
[12:34:31][RES]   body size: 542705 bytes, saved to sources/
[12:34:31][REQ] POST o1118521.ingest.us.sentry.io/api/4507775599378432/envelope/?sentry_version=7&sentry_key=bd5559e8048b0ec92a1769 (type=XHR)
[12:34:31][REQ]   headers: {"Accept": "*/*", "Content-Type": "text/plain;charset=UTF-8", "Origin": "https://moumi.com", "Referer": "https://moumi.com/", "User-Agent": "Mozilla/5.0 (Windows NT 10.0; Win64; x64) AppleWebKit/537.3
[12:34:31][REQ]   body: <base64> {}
{"type":"client_report"}
{"timestamp":1786444471.601,"discarded_events":[{"reason":"sample_rate",
[12:34:31][REQ] GET eu1.ecdn2.moumicdn.com/i/v2/-/mobileweb/webdist/js/es5/main.8dd37acee8152cbc0178.js? (type=Script)
[12:34:31][REQ]   headers: {"Accept": "*/*", "Origin": "https://moumi.com", "Referer": "https://moumi.com/", "User-Agent": "Mozilla/5.0 (Windows NT 10.0; Win64; x64) AppleWebKit/537.36 (KHTML, like Gecko) Chrome/151.0.0.0 Safar
[12:34:31][REQ] GET eu1.ecdn2.moumicdn.com/i/v2/-/mobileweb/webdist/css/platform-moumi.ltr.950f0388fe8667530527.css? (type=Stylesheet)
[12:34:31][REQ]   headers: {"Accept": "text/css,*/*;q=0.1", "Referer": "https://moumi.com/", "User-Agent": "Mozilla/5.0 (Windows NT 10.0; Win64; x64) AppleWebKit/537.36 (KHTML, like Gecko) Chrome/151.0.0.0 Safari/537.36", "sec-
[12:34:31][REQ] GET consent.moumi.com/mms/v2/get_site_data?hasCsp=true&href=https%3A%2F%2Fmoumi.com%2Flanding (type=XHR)
[12:34:31][REQ]   headers: {"Accept": "*/*", "Origin": "https://moumi.com", "Referer": "https://moumi.com/", "User-Agent": "Mozilla/5.0 (Windows NT 10.0; Win64; x64) AppleWebKit/537.36 (KHTML, like Gecko) Chrome/151.0.0.0 Safar
[12:34:31][REQ] GET moumi.com/manifest-en.json?v101 (type=Other)
[12:34:31][REQ]   headers: {"Accept": "*/*", "Referer": "https://moumi.com/landing", "User-Agent": "Mozilla/5.0 (Windows NT 10.0; Win64; x64) AppleWebKit/537.36 (KHTML, like Gecko) Chrome/151.0.0.0 Safari/537.36", "sec-ch-ua": 
[12:34:31][RES] 200 consent.moumi.com/mms/v2/get_site_data (type=XHR)
[12:34:31][RES]   headers: {"content-type": "application/javascript", "date": "Tue, 11 Aug 2026 08:03:24 GMT", "strict-transport-security": "max-age=15552000; includeSubdomains", "cache-control": "max-age=3600, s-maxage=86400",
[12:34:31][RES]   body size: 208 bytes, saved to sources/
[12:34:31][RES] 200 o1118521.ingest.us.sentry.io/api/4507775599378432/envelope/ (type=XHR)
[12:34:31][RES]   headers: {"server": "nginx", "date": "Tue, 11 Aug 2026 10:34:32 GMT", "content-type": "application/json", "content-length": "2", "vary": "origin, access-control-request-method, access-control-request-headers",
[12:34:31][RES]   body size: 2 bytes, saved to sources/
[12:34:31][REQ] GET consent.moumi.com/wrapper/v2/meta-data?hasCsp=true&accountId=1789&env=prod&metadata=%7B%2 (type=XHR)
[12:34:31][REQ]   headers: {"Accept": "*/*", "Origin": "https://moumi.com", "Referer": "https://moumi.com/", "User-Agent": "Mozilla/5.0 (Windows NT 10.0; Win64; x64) AppleWebKit/537.36 (KHTML, like Gecko) Chrome/151.0.0.0 Safar
[12:34:31][RES] 200 consent.moumi.com/wrapper/v2/meta-data (type=XHR)
[12:34:31][RES]   headers: {"content-type": "application/json; charset=utf-8", "content-length": "350", "date": "Tue, 11 Aug 2026 10:00:03 GMT", "x-powered-by": "Express", "access-control-allow-origin": "*", "access-control-all
[12:34:31][RES]   body size: 350 bytes, saved to sources/
[12:34:31][REQ] GET consent.moumi.com/wrapper/v2/messages?hasCsp=true&env=prod&body=%7B%22accountId%22%3A178 (type=XHR)
[12:34:31][REQ]   headers: {"Accept": "*/*", "Origin": "https://moumi.com", "Referer": "https://moumi.com/", "User-Agent": "Mozilla/5.0 (Windows NT 10.0; Win64; x64) AppleWebKit/537.36 (KHTML, like Gecko) Chrome/151.0.0.0 Safar
[12:34:31][RES] 200 eu1.ecdn2.moumicdn.com/i/v2/-/mobileweb/webdist/js/es5/main.8dd37acee8152cbc0178.js (type=Script)
[12:34:31][RES]   headers: {"server": "nginx", "content-type": "application/x-javascript", "last-modified": "Wed, 29 Jul 2026 13:08:58 GMT", "content-encoding": "gzip", "expires": "Thu, 29 Jul 2027 13:10:47 GMT", "cache-control
[12:34:31][RES]   body size: 206309 bytes, saved to sources/
[12:34:31][RES] 200 eu1.ecdn2.moumicdn.com/i/v2/-/mobileweb/webdist/css/platform-moumi.ltr.950f0388fe8667530527.css (type=Stylesheet)
[12:34:31][RES]   headers: {"server": "nginx", "content-type": "text/css", "last-modified": "Mon, 10 Aug 2026 11:01:34 GMT", "content-encoding": "gzip", "expires": "Tue, 10 Aug 2027 14:27:07 GMT", "cache-control": "max-age=3153
[12:34:31][RES]   body size: 656365 bytes, saved to sources/
[12:34:31][REQ] POST moumi.com/mwebapi.phtml?SERVER_APP_STARTUP (type=XHR)
[12:34:31][REQ]   headers: {"Accept": "*/*", "Content-Type": "json", "Cookie": "dnsDisplayed=undefined; ccpaApplies=false; signedLspa=undefined; _sp_su=false; euconsent-v2=CQox_wAQox_wAAGABCENCrFgAP_gAABAAAYgF5wBgAFABFACYAFIApo
[12:34:31][REQ]   body: <base64> {"version":1,"message_type":2,"message_id":1,"body":[{"message_type":2,"server_app_startup":{"$gpb":
[12:34:31][REQ] GET eu1.ecdn2.moumicdn.com/i/v2/-/mobileweb/webdist/js/es5/5171.b21b4dd59e0381c3f505.js? (type=Script)
[12:34:31][REQ]   headers: {"Accept": "*/*", "Origin": "https://moumi.com", "Referer": "https://moumi.com/", "User-Agent": "Mozilla/5.0 (Windows NT 10.0; Win64; x64) AppleWebKit/537.36 (KHTML, like Gecko) Chrome/151.0.0.0 Safar
[12:34:31][REQ] GET eu1.ecdn2.moumicdn.com/i/v2/-/mobileweb/webdist/js/es5/434.73728af84911df50950a.js? (type=Script)
[12:34:31][REQ]   headers: {"Accept": "*/*", "Origin": "https://moumi.com", "Referer": "https://moumi.com/", "User-Agent": "Mozilla/5.0 (Windows NT 10.0; Win64; x64) AppleWebKit/537.36 (KHTML, like Gecko) Chrome/151.0.0.0 Safar
[12:34:31][REQ] GET eu1.ecdn2.moumicdn.com/i/v2/-/mobileweb/webdist/js/es5/5747.5fde4720823895a2c57b.js? (type=Script)
[12:34:31][REQ]   headers: {"Accept": "*/*", "Origin": "https://moumi.com", "Referer": "https://moumi.com/", "User-Agent": "Mozilla/5.0 (Windows NT 10.0; Win64; x64) AppleWebKit/537.36 (KHTML, like Gecko) Chrome/151.0.0.0 Safar
[12:34:31][REQ] GET eu1.ecdn2.moumicdn.com/i/v2/-/mobileweb/webdist/js/es5/8213.0e68ac2cdb11dacca4f7.js? (type=Script)
[12:34:31][REQ]   headers: {"Accept": "*/*", "Origin": "https://moumi.com", "Referer": "https://moumi.com/", "User-Agent": "Mozilla/5.0 (Windows NT 10.0; Win64; x64) AppleWebKit/537.36 (KHTML, like Gecko) Chrome/151.0.0.0 Safar
[12:34:31][REQ] GET eu1.ecdn2.moumicdn.com/i/v2/-/mobileweb/webdist/js/es5/4449.c127505c848d66c80157.js? (type=Script)
[12:34:31][REQ]   headers: {"Accept": "*/*", "Origin": "https://moumi.com", "Referer": "https://moumi.com/", "User-Agent": "Mozilla/5.0 (Windows NT 10.0; Win64; x64) AppleWebKit/537.36 (KHTML, like Gecko) Chrome/151.0.0.0 Safar
[12:34:31][REQ] GET eu1.ecdn2.moumicdn.com/i/v2/-/mobileweb/webdist/js/es5/startup.e96566291094a294283a.js? (type=Script)
[12:34:31][REQ]   headers: {"Accept": "*/*", "Origin": "https://moumi.com", "Referer": "https://moumi.com/", "User-Agent": "Mozilla/5.0 (Windows NT 10.0; Win64; x64) AppleWebKit/537.36 (KHTML, like Gecko) Chrome/151.0.0.0 Safar
[12:34:31][REQ] GET eu1.ecdn2.moumicdn.com/i/v2/-/mobileweb/webdist/js/es5/lexeme-en.889a85e9a60edc85c49f.js? (type=Script)
[12:34:31][REQ]   headers: {"Accept": "*/*", "Origin": "https://moumi.com", "Referer": "https://moumi.com/", "User-Agent": "Mozilla/5.0 (Windows NT 10.0; Win64; x64) AppleWebKit/537.36 (KHTML, like Gecko) Chrome/151.0.0.0 Safar
[12:34:31][REQ] GET eu1.ecdn2.moumicdn.com/i/v2/-/mobileweb/webdist/js/es5/6416.42edae1d2219579e38b9.js? (type=Script)
[12:34:31][REQ]   headers: {"Accept": "*/*", "Origin": "https://moumi.com", "Referer": "https://moumi.com/", "User-Agent": "Mozilla/5.0 (Windows NT 10.0; Win64; x64) AppleWebKit/537.36 (KHTML, like Gecko) Chrome/151.0.0.0 Safar
[12:34:31][REQ] GET eu1.ecdn2.moumicdn.com/i/v2/-/mobileweb/webdist/js/es5/1597.6e972474de96e6f1de13.js? (type=Script)
[12:34:31][REQ]   headers: {"Accept": "*/*", "Origin": "https://moumi.com", "Referer": "https://moumi.com/", "User-Agent": "Mozilla/5.0 (Windows NT 10.0; Win64; x64) AppleWebKit/537.36 (KHTML, like Gecko) Chrome/151.0.0.0 Safar
[12:34:31][REQ] GET eu1.ecdn2.moumicdn.com/i/v2/-/mobileweb/webdist/js/es5/851.70154a5c853f4a087e71.js? (type=Script)
[12:34:31][REQ]   headers: {"Accept": "*/*", "Origin": "https://moumi.com", "Referer": "https://moumi.com/", "User-Agent": "Mozilla/5.0 (Windows NT 10.0; Win64; x64) AppleWebKit/537.36 (KHTML, like Gecko) Chrome/151.0.0.0 Safar
[12:34:31][REQ] GET eu1.ecdn2.moumicdn.com/i/v2/-/mobileweb/webdist/js/es5/3705.caf11d264229311d4ec7.js? (type=Script)
[12:34:31][REQ]   headers: {"Accept": "*/*", "Origin": "https://moumi.com", "Referer": "https://moumi.com/", "User-Agent": "Mozilla/5.0 (Windows NT 10.0; Win64; x64) AppleWebKit/537.36 (KHTML, like Gecko) Chrome/151.0.0.0 Safar
[12:34:31][REQ] GET eu1.ecdn2.moumicdn.com/i/v2/-/mobileweb/webdist/js/es5/101.0c8738a7ff9b52ed9301.js? (type=Script)
[12:34:31][REQ]   headers: {"Accept": "*/*", "Origin": "https://moumi.com", "Referer": "https://moumi.com/", "User-Agent": "Mozilla/5.0 (Windows NT 10.0; Win64; x64) AppleWebKit/537.36 (KHTML, like Gecko) Chrome/151.0.0.0 Safar
[12:34:31][REQ] GET eu1.ecdn2.moumicdn.com/i/v2/-/mobileweb/webdist/js/es5/7573.528031c64f2f9a3c758c.js? (type=Script)
[12:34:31][REQ]   headers: {"Accept": "*/*", "Origin": "https://moumi.com", "Referer": "https://moumi.com/", "User-Agent": "Mozilla/5.0 (Windows NT 10.0; Win64; x64) AppleWebKit/537.36 (KHTML, like Gecko) Chrome/151.0.0.0 Safar
[12:34:31][REQ] GET eu1.ecdn2.moumicdn.com/i/v2/-/mobileweb/webdist/js/es5/2362.57a370eff7defd331982.js? (type=Script)
[12:34:31][REQ]   headers: {"Accept": "*/*", "Origin": "https://moumi.com", "Referer": "https://moumi.com/", "User-Agent": "Mozilla/5.0 (Windows NT 10.0; Win64; x64) AppleWebKit/537.36 (KHTML, like Gecko) Chrome/151.0.0.0 Safar
[12:34:31][REQ] GET eu1.ecdn2.moumicdn.com/i/v2/-/mobileweb/webdist/js/es5/render.f7ef15bad09d305e7e11.js? (type=Script)
[12:34:31][REQ]   headers: {"Accept": "*/*", "Origin": "https://moumi.com", "Referer": "https://moumi.com/", "User-Agent": "Mozilla/5.0 (Windows NT 10.0; Win64; x64) AppleWebKit/537.36 (KHTML, like Gecko) Chrome/151.0.0.0 Safar
[12:34:31][REQ] GET eu1.ecdn2.moumicdn.com/i/v2/-/mobileweb/webdist/js/es5/2065.0a1eea1f337ecd85f145.js? (type=Script)
[12:34:31][REQ]   headers: {"Accept": "*/*", "Origin": "https://moumi.com", "Referer": "https://moumi.com/", "User-Agent": "Mozilla/5.0 (Windows NT 10.0; Win64; x64) AppleWebKit/537.36 (KHTML, like Gecko) Chrome/151.0.0.0 Safar
[12:34:31][REQ] GET eu1.ecdn2.moumicdn.com/i/v2/-/mobileweb/webdist/js/es5/csms-moumi-assets.fe9a0424528a1f3308e2.js? (type=Script)
[12:34:31][REQ]   headers: {"Accept": "*/*", "Origin": "https://moumi.com", "Referer": "https://moumi.com/", "User-Agent": "Mozilla/5.0 (Windows NT 10.0; Win64; x64) AppleWebKit/537.36 (KHTML, like Gecko) Chrome/151.0.0.0 Safar
[12:34:31][REQ] GET eu1.ecdn2.moumicdn.com/i/v2/-/mobileweb/webdist/js/es5/fonts.3c47def896da04961d86.js? (type=Script)
[12:34:31][REQ]   headers: {"Accept": "*/*", "Origin": "https://moumi.com", "Referer": "https://moumi.com/", "User-Agent": "Mozilla/5.0 (Windows NT 10.0; Win64; x64) AppleWebKit/537.36 (KHTML, like Gecko) Chrome/151.0.0.0 Safar
[12:34:31][RES] 200 consent.moumi.com/wrapper/v2/messages (type=XHR)
[12:34:31][RES]   headers: {"content-type": "application/json; charset=utf-8", "date": "Tue, 11 Aug 2026 10:34:32 GMT", "content-encoding": "gzip", "x-powered-by": "Express", "access-control-allow-origin": "*", "access-control-
[12:34:31][RES]   body size: 1326 bytes, saved to sources/
[12:34:31][REQ] POST www.google.com/ccm/collect?rcb=2&frm=0&apvc=1&ae=g&auid=1896265618.1786444469 (type=XHR)
[12:34:31][REQ]   headers: {"Accept": "*/*", "Origin": "https://moumi.com", "Referer": "https://moumi.com/", "User-Agent": "Mozilla/5.0 (Windows NT 10.0; Win64; x64) AppleWebKit/537.36 (KHTML, like Gecko) Chrome/151.0.0.0 Safar
[12:34:31][RES] 200 eu1.ecdn2.moumicdn.com/i/v2/-/mobileweb/webdist/js/es5/5171.b21b4dd59e0381c3f505.js (type=Script)
[12:34:31][RES]   headers: {"server": "nginx", "content-type": "application/x-javascript", "last-modified": "Thu, 14 May 2026 10:05:18 GMT", "content-encoding": "gzip", "expires": "Wed, 26 May 2027 07:58:03 GMT", "cache-control
[12:34:31][RES]   body size: 30235 bytes, saved to sources/
[12:34:31][RES] 200 eu1.ecdn2.moumicdn.com/i/v2/-/mobileweb/webdist/js/es5/6416.42edae1d2219579e38b9.js (type=Script)
[12:34:31][RES]   headers: {"server": "nginx", "content-type": "application/x-javascript", "last-modified": "Thu, 14 May 2026 10:05:18 GMT", "content-encoding": "gzip", "expires": "Thu, 20 May 2027 07:37:48 GMT", "cache-control
[12:34:31][RES]   body size: 36363 bytes, saved to sources/
[12:34:31][RES] 200 eu1.ecdn2.moumicdn.com/i/v2/-/mobileweb/webdist/js/es5/3705.caf11d264229311d4ec7.js (type=Script)
[12:34:31][RES]   headers: {"server": "nginx", "content-type": "application/x-javascript", "last-modified": "Thu, 14 May 2026 10:05:18 GMT", "content-encoding": "gzip", "expires": "Wed, 19 May 2027 03:14:57 GMT", "cache-control
[12:34:31][RES]   body size: 8398 bytes, saved to sources/
[12:34:31][RES] 200 eu1.ecdn2.moumicdn.com/i/v2/-/mobileweb/webdist/js/es5/7573.528031c64f2f9a3c758c.js (type=Script)
[12:34:31][RES]   headers: {"server": "nginx", "content-type": "application/x-javascript", "last-modified": "Thu, 14 May 2026 10:05:18 GMT", "content-encoding": "gzip", "expires": "Sat, 05 Jun 2027 02:24:28 GMT", "cache-control
[12:34:31][RES]   body size: 11329 bytes, saved to sources/
[12:34:31][RES] 200 eu1.ecdn2.moumicdn.com/i/v2/-/mobileweb/webdist/js/es5/2362.57a370eff7defd331982.js (type=Script)
[12:34:31][RES]   headers: {"server": "nginx", "content-type": "application/x-javascript", "last-modified": "Fri, 24 Jul 2026 13:47:22 GMT", "content-encoding": "gzip", "expires": "Sat, 24 Jul 2027 13:50:13 GMT", "cache-control
[12:34:31][RES]   body size: 16473 bytes, saved to sources/
[12:34:31][RES] 200 eu1.ecdn2.moumicdn.com/i/v2/-/mobileweb/webdist/js/es5/render.f7ef15bad09d305e7e11.js (type=Script)
[12:34:31][RES]   headers: {"server": "nginx", "content-type": "application/x-javascript", "last-modified": "Fri, 24 Jul 2026 13:47:22 GMT", "content-encoding": "gzip", "expires": "Sat, 24 Jul 2027 13:50:13 GMT", "cache-control
[12:34:31][RES]   body size: 34128 bytes, saved to sources/
[12:34:31][RES] 200 eu1.ecdn2.moumicdn.com/i/v2/-/mobileweb/webdist/js/es5/101.0c8738a7ff9b52ed9301.js (type=Script)
[12:34:31][RES]   headers: {"server": "nginx", "content-type": "application/x-javascript", "last-modified": "Fri, 24 Jul 2026 13:47:22 GMT", "content-encoding": "gzip", "expires": "Sat, 24 Jul 2027 13:50:13 GMT", "cache-control
[12:34:31][RES]   body size: 60734 bytes, saved to sources/
[12:34:31][RES] 200 eu1.ecdn2.moumicdn.com/i/v2/-/mobileweb/webdist/js/es5/434.73728af84911df50950a.js (type=Script)
[12:34:31][RES]   headers: {"server": "nginx", "content-type": "application/x-javascript", "last-modified": "Thu, 14 May 2026 10:05:18 GMT", "content-encoding": "gzip", "expires": "Wed, 19 May 2027 05:22:56 GMT", "cache-control
[12:34:31][RES]   body size: 126150 bytes, saved to sources/
[12:34:31][RES] 200 eu1.ecdn2.moumicdn.com/i/v2/-/mobileweb/webdist/js/es5/5747.5fde4720823895a2c57b.js (type=Script)
[12:34:31][RES]   headers: {"server": "nginx", "content-type": "application/x-javascript", "last-modified": "Thu, 14 May 2026 10:05:18 GMT", "content-encoding": "gzip", "expires": "Tue, 18 May 2027 11:21:17 GMT", "cache-control
[12:34:31][RES]   body size: 30408 bytes, saved to sources/
[12:34:31][RES] 200 eu1.ecdn2.moumicdn.com/i/v2/-/mobileweb/webdist/js/es5/startup.e96566291094a294283a.js (type=Script)
[12:34:31][RES]   headers: {"server": "nginx", "content-type": "application/x-javascript", "last-modified": "Wed, 29 Jul 2026 13:08:58 GMT", "content-encoding": "gzip", "expires": "Thu, 29 Jul 2027 13:10:47 GMT", "cache-control
[12:34:31][RES]   body size: 81392 bytes, saved to sources/
[12:34:31][RES] 200 eu1.ecdn2.moumicdn.com/i/v2/-/mobileweb/webdist/js/es5/851.70154a5c853f4a087e71.js (type=Script)
[12:34:31][RES]   headers: {"server": "nginx", "content-type": "application/x-javascript", "last-modified": "Thu, 14 May 2026 10:05:18 GMT", "content-encoding": "gzip", "expires": "Sun, 16 May 2027 14:34:40 GMT", "cache-control
[12:34:31][RES]   body size: 4618 bytes, saved to sources/
[12:34:31][RES] 200 eu1.ecdn2.moumicdn.com/i/v2/-/mobileweb/webdist/js/es5/8213.0e68ac2cdb11dacca4f7.js (type=Script)
[12:34:31][RES]   headers: {"server": "nginx", "content-type": "application/x-javascript", "last-modified": "Thu, 14 May 2026 10:05:18 GMT", "content-encoding": "gzip", "expires": "Fri, 14 May 2027 10:08:41 GMT", "cache-control
[12:34:31][RES]   body size: 32520 bytes, saved to sources/
[12:34:31][RES] 200 eu1.ecdn2.moumicdn.com/i/v2/-/mobileweb/webdist/js/es5/lexeme-en.889a85e9a60edc85c49f.js (type=Script)
[12:34:31][RES]   headers: {"server": "nginx", "content-type": "application/x-javascript", "last-modified": "Fri, 24 Jul 2026 13:47:22 GMT", "content-encoding": "gzip", "expires": "Sat, 24 Jul 2027 13:50:15 GMT", "cache-control
[12:34:31][RES]   body size: 64611 bytes, saved to sources/
[12:34:31][RES] 200 eu1.ecdn2.moumicdn.com/i/v2/-/mobileweb/webdist/js/es5/4449.c127505c848d66c80157.js (type=Script)
[12:34:31][RES]   headers: {"server": "nginx", "content-type": "application/x-javascript", "last-modified": "Wed, 29 Jul 2026 13:08:58 GMT", "content-encoding": "gzip", "expires": "Thu, 29 Jul 2027 13:10:47 GMT", "cache-control
[12:34:31][RES]   body size: 195219 bytes, saved to sources/
[12:34:31][RES] 200 eu1.ecdn2.moumicdn.com/i/v2/-/mobileweb/webdist/js/es5/1597.6e972474de96e6f1de13.js (type=Script)
[12:34:31][RES]   headers: {"server": "nginx", "content-type": "application/x-javascript", "last-modified": "Thu, 14 May 2026 10:05:18 GMT", "content-encoding": "gzip", "expires": "Fri, 21 May 2027 00:53:06 GMT", "cache-control
[12:34:31][RES]   body size: 187935 bytes, saved to sources/
[12:34:31][REQ] GET eu1.ecdn2.moumicdn.com/i/v2/-/mobileweb/webdist/js/es5/7183.6ed3ee94edbdfbc3f164.js? (type=Fetch)
[12:34:31][REQ]   headers: {"Accept": "application/signed-exchange;v=b3;q=0.7,*/*;q=0.8", "Origin": "https://moumi.com", "Referer": "https://moumi.com/", "Sec-Purpose": "prefetch", "User-Agent": "Mozilla/5.0 (Windows NT 10.0; W
[12:34:31][RES] 200 www.google.com/ccm/collect (type=XHR)
[12:34:31][RES]   headers: {}
[12:34:31][RES]   body size: 0 bytes, saved to sources/
[12:34:31][RES] 200 eu1.ecdn2.moumicdn.com/i/v2/-/mobileweb/webdist/js/es5/fonts.3c47def896da04961d86.js (type=Script)
[12:34:31][RES]   headers: {"server": "nginx", "content-type": "application/x-javascript", "last-modified": "Thu, 14 May 2026 10:05:18 GMT", "content-encoding": "gzip", "expires": "Wed, 26 May 2027 01:48:35 GMT", "cache-control
[12:34:31][RES]   body size: 1766 bytes, saved to sources/
[12:34:31][RES] 200 eu1.ecdn2.moumicdn.com/i/v2/-/mobileweb/webdist/js/es5/csms-moumi-assets.fe9a0424528a1f3308e2.js (type=Script)
[12:34:31][RES]   headers: {"server": "nginx", "content-type": "application/x-javascript", "last-modified": "Fri, 24 Jul 2026 11:22:53 GMT", "content-encoding": "gzip", "expires": "Sat, 24 Jul 2027 11:25:02 GMT", "cache-control
[12:34:31][RES]   body size: 605035 bytes, saved to sources/
[12:34:32][RES] 200 eu1.ecdn2.moumicdn.com/i/v2/-/mobileweb/webdist/js/es5/2065.0a1eea1f337ecd85f145.js (type=Script)
[12:34:32][RES]   headers: {"server": "nginx", "content-type": "application/x-javascript", "last-modified": "Thu, 14 May 2026 10:05:18 GMT", "content-encoding": "gzip", "expires": "Fri, 21 May 2027 02:46:53 GMT", "cache-control
[12:34:32][RES]   body size: 183853 bytes, saved to sources/
[12:34:32][RES] 200 moumi.com/mwebapi.phtml (type=XHR)
[12:34:32][RES]   headers: {"server": "nginx", "date": "Tue, 11 Aug 2026 10:34:32 GMT", "content-type": "application/json", "x-local-host": "wwwbma11", "x-bma-server": "wwwbma11", "x-user-id": "", "x-allowasyncrequests": "1", "
[12:34:32][RES]   body size: 25834 bytes, saved to sources/
[12:34:32][REQ] GET eu1.ecdn2.moumicdn.com/i/v2/-/mobileweb/webdist/css/fonts/beausite-classic.5b846ac1ac3bbf8f1b0f.css? (type=XHR)
[12:34:32][REQ]   headers: {"Accept": "*/*", "Origin": "https://moumi.com", "Referer": "https://moumi.com/", "User-Agent": "Mozilla/5.0 (Windows NT 10.0; Win64; x64) AppleWebKit/537.36 (KHTML, like Gecko) Chrome/151.0.0.0 Safar
[12:34:32][RES] 200 eu1.ecdn2.moumicdn.com/i/v2/-/mobileweb/webdist/js/es5/7183.6ed3ee94edbdfbc3f164.js (type=Fetch)
[12:34:32][RES]   headers: {"server": "nginx", "content-type": "application/x-javascript", "last-modified": "Fri, 24 Jul 2026 13:47:22 GMT", "content-encoding": "gzip", "expires": "Sat, 24 Jul 2027 13:50:13 GMT", "cache-control
[12:34:32][RES]   body size: 15227 bytes, saved to sources/
[12:34:32][REQ] GET www.googletagmanager.com/gtag/js?id=G-1MSEYK9Z8R&cx=c&gtm=4e6871 (type=Script)
[12:34:32][REQ]   headers: {"Accept": "*/*", "Referer": "https://moumi.com/", "User-Agent": "Mozilla/5.0 (Windows NT 10.0; Win64; x64) AppleWebKit/537.36 (KHTML, like Gecko) Chrome/151.0.0.0 Safari/537.36", "sec-ch-ua": "\"Not=
[12:34:32][REQ] GET eu1.ecdn2.moumicdn.com/i/v2/-/mobileweb/webdist/img/app-icons/moumi/favicon.ad93fc53caf7bf1aeb1f.ico? (type=Other)
[12:34:32][REQ]   headers: {"Accept": "image/avif,image/webp,image/apng,image/svg+xml,image/*,*/*;q=0.8", "Referer": "https://moumi.com/", "User-Agent": "Mozilla/5.0 (Windows NT 10.0; Win64; x64) AppleWebKit/537.36 (KHTML, like
[12:34:32][REQ] GET eu1.ecdn2.moumicdn.com/i/v2/-/mobileweb/webdist/img/app-icons/moumi/sz___size__/mstile-144x144.ad93fc53caf7bf1aeb1f.png? (type=Image)
[12:34:32][REQ]   headers: {"Accept": "image/avif,image/webp,image/apng,image/svg+xml,image/*,*/*;q=0.8", "Referer": "https://moumi.com/", "User-Agent": "Mozilla/5.0 (Windows NT 10.0; Win64; x64) AppleWebKit/537.36 (KHTML, like
[12:34:32][REQ] GET eu1.ecdn2.moumicdn.com/i/v2/-/mobileweb/webdist/js/es5/9904.6e6a5284f9d4b4cbcbfe.js? (type=Script)
[12:34:32][REQ]   headers: {"Accept": "*/*", "Origin": "https://moumi.com", "Referer": "https://moumi.com/", "User-Agent": "Mozilla/5.0 (Windows NT 10.0; Win64; x64) AppleWebKit/537.36 (KHTML, like Gecko) Chrome/151.0.0.0 Safar
[12:34:32][REQ] GET eu1.ecdn2.moumicdn.com/i/v2/-/mobileweb/webdist/js/es5/screen-stories-controller.ee05fb90fc5f67cb9011.js? (type=Script)
[12:34:32][REQ]   headers: {"Accept": "*/*", "Origin": "https://moumi.com", "Referer": "https://moumi.com/", "User-Agent": "Mozilla/5.0 (Windows NT 10.0; Win64; x64) AppleWebKit/537.36 (KHTML, like Gecko) Chrome/151.0.0.0 Safar
[12:34:32][RES] 200 eu1.ecdn2.moumicdn.com/i/v2/-/mobileweb/webdist/js/es5/9904.6e6a5284f9d4b4cbcbfe.js (type=Script)
[12:34:32][RES]   headers: {"server": "nginx", "content-type": "application/x-javascript", "last-modified": "Fri, 24 Jul 2026 13:47:22 GMT", "content-encoding": "gzip", "expires": "Sat, 24 Jul 2027 13:50:14 GMT", "cache-control
[12:34:32][RES]   body size: 10982 bytes, saved to sources/
[12:34:32][RES] 200 eu1.ecdn2.moumicdn.com/i/v2/-/mobileweb/webdist/js/es5/screen-stories-controller.ee05fb90fc5f67cb9011.js (type=Script)
[12:34:32][RES]   headers: {"server": "nginx", "content-type": "application/x-javascript", "last-modified": "Fri, 24 Jul 2026 13:47:22 GMT", "content-encoding": "gzip", "expires": "Sat, 24 Jul 2027 13:50:15 GMT", "cache-control
[12:34:32][RES]   body size: 26875 bytes, saved to sources/
[12:34:32][REQ] GET eu1.ecdn2.moumicdn.com/i/v2/-/mobileweb/webdist/js/es5/proto.903eeb04d29d7286081f.js? (type=Script)
[12:34:32][REQ]   headers: {"Accept": "*/*", "Origin": "https://moumi.com", "Referer": "https://moumi.com/", "User-Agent": "Mozilla/5.0 (Windows NT 10.0; Win64; x64) AppleWebKit/537.36 (KHTML, like Gecko) Chrome/151.0.0.0 Safar
[12:34:32][REQ] GET eu1.ecdn2.moumicdn.com/i/v2/-/mobileweb/webdist/js/es5/7967.3283cd8cf2a2dd6daf24.js? (type=Script)
[12:34:32][REQ]   headers: {"Accept": "*/*", "Origin": "https://moumi.com", "Referer": "https://moumi.com/", "User-Agent": "Mozilla/5.0 (Windows NT 10.0; Win64; x64) AppleWebKit/537.36 (KHTML, like Gecko) Chrome/151.0.0.0 Safar
[12:34:32][REQ] GET eu1.ecdn2.moumicdn.com/i/v2/-/mobileweb/webdist/js/es5/8925.83c8637f7b7de739d15b.js? (type=Script)
[12:34:32][REQ]   headers: {"Accept": "*/*", "Origin": "https://moumi.com", "Referer": "https://moumi.com/", "User-Agent": "Mozilla/5.0 (Windows NT 10.0; Win64; x64) AppleWebKit/537.36 (KHTML, like Gecko) Chrome/151.0.0.0 Safar
[12:34:32][REQ] GET eu1.ecdn2.moumicdn.com/i/v2/-/mobileweb/webdist/js/es5/1052.169bf1905ae54a7bbe15.js? (type=Script)
[12:34:32][REQ]   headers: {"Accept": "*/*", "Origin": "https://moumi.com", "Referer": "https://moumi.com/", "User-Agent": "Mozilla/5.0 (Windows NT 10.0; Win64; x64) AppleWebKit/537.36 (KHTML, like Gecko) Chrome/151.0.0.0 Safar
[12:34:32][REQ] GET eu1.ecdn2.moumicdn.com/i/v2/-/mobileweb/webdist/js/es5/8556.858df6e372fff6924482.js? (type=Script)
[12:34:32][REQ]   headers: {"Accept": "*/*", "Origin": "https://moumi.com", "Referer": "https://moumi.com/", "User-Agent": "Mozilla/5.0 (Windows NT 10.0; Win64; x64) AppleWebKit/537.36 (KHTML, like Gecko) Chrome/151.0.0.0 Safar
[12:34:32][REQ] GET eu1.ecdn2.moumicdn.com/i/v2/-/mobileweb/webdist/js/es5/1087.7fd160c1accceffdf06b.js? (type=Script)
[12:34:32][REQ]   headers: {"Accept": "*/*", "Origin": "https://moumi.com", "Referer": "https://moumi.com/", "User-Agent": "Mozilla/5.0 (Windows NT 10.0; Win64; x64) AppleWebKit/537.36 (KHTML, like Gecko) Chrome/151.0.0.0 Safar
[12:34:32][REQ] GET eu1.ecdn2.moumicdn.com/i/v2/-/mobileweb/webdist/js/es5/387.3e1d0a433f8c1f62662e.js? (type=Script)
[12:34:32][REQ]   headers: {"Accept": "*/*", "Origin": "https://moumi.com", "Referer": "https://moumi.com/", "User-Agent": "Mozilla/5.0 (Windows NT 10.0; Win64; x64) AppleWebKit/537.36 (KHTML, like Gecko) Chrome/151.0.0.0 Safar
[12:34:32][REQ] GET eu1.ecdn2.moumicdn.com/i/v2/-/mobileweb/webdist/js/es5/7397.9c9c369f5790ef4f0e0e.js? (type=Script)
[12:34:32][REQ]   headers: {"Accept": "*/*", "Origin": "https://moumi.com", "Referer": "https://moumi.com/", "User-Agent": "Mozilla/5.0 (Windows NT 10.0; Win64; x64) AppleWebKit/537.36 (KHTML, like Gecko) Chrome/151.0.0.0 Safar
[12:34:32][REQ] GET eu1.ecdn2.moumicdn.com/i/v2/-/mobileweb/webdist/js/es5/8819.8e97c0f3a8515280064c.js? (type=Script)
[12:34:32][REQ]   headers: {"Accept": "*/*", "Origin": "https://moumi.com", "Referer": "https://moumi.com/", "User-Agent": "Mozilla/5.0 (Windows NT 10.0; Win64; x64) AppleWebKit/537.36 (KHTML, like Gecko) Chrome/151.0.0.0 Safar
[12:34:32][REQ] GET eu1.ecdn2.moumicdn.com/i/v2/-/mobileweb/webdist/js/es5/8651.d418f72a12fe31527b93.js? (type=Script)
[12:34:32][REQ]   headers: {"Accept": "*/*", "Origin": "https://moumi.com", "Referer": "https://moumi.com/", "User-Agent": "Mozilla/5.0 (Windows NT 10.0; Win64; x64) AppleWebKit/537.36 (KHTML, like Gecko) Chrome/151.0.0.0 Safar
[12:34:32][REQ] GET eu1.ecdn2.moumicdn.com/i/v2/-/mobileweb/webdist/js/es5/9232.b5ea94009c0750580bc2.js? (type=Script)
[12:34:32][REQ]   headers: {"Accept": "*/*", "Origin": "https://moumi.com", "Referer": "https://moumi.com/", "User-Agent": "Mozilla/5.0 (Windows NT 10.0; Win64; x64) AppleWebKit/537.36 (KHTML, like Gecko) Chrome/151.0.0.0 Safar
[12:34:32][REQ] GET eu1.ecdn2.moumicdn.com/i/v2/-/mobileweb/webdist/js/es5/3700.57fe67d94b46b6cdc55f.js? (type=Script)
[12:34:32][REQ]   headers: {"Accept": "*/*", "Origin": "https://moumi.com", "Referer": "https://moumi.com/", "User-Agent": "Mozilla/5.0 (Windows NT 10.0; Win64; x64) AppleWebKit/537.36 (KHTML, like Gecko) Chrome/151.0.0.0 Safar
[12:34:32][REQ] GET eu1.ecdn2.moumicdn.com/i/v2/-/mobileweb/webdist/js/es5/1218.acaa7b528073f06e2fa9.js? (type=Script)
[12:34:32][REQ]   headers: {"Accept": "*/*", "Origin": "https://moumi.com", "Referer": "https://moumi.com/", "User-Agent": "Mozilla/5.0 (Windows NT 10.0; Win64; x64) AppleWebKit/537.36 (KHTML, like Gecko) Chrome/151.0.0.0 Safar
[12:34:32][REQ] GET eu1.ecdn2.moumicdn.com/i/v2/-/mobileweb/webdist/js/es5/1588.c4e46476b1f3ac4cb269.js? (type=Script)
[12:34:32][REQ]   headers: {"Accept": "*/*", "Origin": "https://moumi.com", "Referer": "https://moumi.com/", "User-Agent": "Mozilla/5.0 (Windows NT 10.0; Win64; x64) AppleWebKit/537.36 (KHTML, like Gecko) Chrome/151.0.0.0 Safar
[12:34:32][REQ] GET eu1.ecdn2.moumicdn.com/i/v2/-/mobileweb/webdist/js/es5/1379.5a481567c433c4fa1f69.js? (type=Script)
[12:34:32][REQ]   headers: {"Accept": "*/*", "Origin": "https://moumi.com", "Referer": "https://moumi.com/", "User-Agent": "Mozilla/5.0 (Windows NT 10.0; Win64; x64) AppleWebKit/537.36 (KHTML, like Gecko) Chrome/151.0.0.0 Safar
[12:34:32][REQ] GET eu1.ecdn2.moumicdn.com/i/v2/-/mobileweb/webdist/js/es5/app-init.d6e318b92d161b817652.js? (type=Script)
[12:34:32][REQ]   headers: {"Accept": "*/*", "Origin": "https://moumi.com", "Referer": "https://moumi.com/", "User-Agent": "Mozilla/5.0 (Windows NT 10.0; Win64; x64) AppleWebKit/537.36 (KHTML, like Gecko) Chrome/151.0.0.0 Safar
[12:34:32][RES] 200 www.googletagmanager.com/gtag/js (type=Script)
[12:34:32][RES]   headers: {"content-type": "application/javascript; charset=UTF-8", "access-control-allow-origin": "*", "access-control-allow-credentials": "true", "access-control-allow-headers": "Cache-Control", "content-enco
[12:34:32][RES]   body size: 542709 bytes, saved to sources/
[12:34:32][RES] 200 eu1.ecdn2.moumicdn.com/i/v2/-/mobileweb/webdist/css/fonts/beausite-classic.5b846ac1ac3bbf8f1b0f.css (type=XHR)
[12:34:32][RES]   headers: {"server": "nginx", "content-type": "text/css", "last-modified": "Thu, 14 May 2026 10:05:18 GMT", "content-encoding": "gzip", "expires": "Wed, 19 May 2027 01:44:43 GMT", "cache-control": "max-age=3153
[12:34:32][RES]   body size: 546743 bytes, saved to sources/
[12:34:32][REQ] POST region1.analytics.google.com/g/collect?v=2&tid=G-1MSEYK9Z8R&gtm=45je6871v884411251z886036 (type=XHR)
[12:34:32][REQ]   headers: {"Accept": "*/*", "Origin": "https://moumi.com", "Referer": "https://moumi.com/", "User-Agent": "Mozilla/5.0 (Windows NT 10.0; Win64; x64) AppleWebKit/537.36 (KHTML, like Gecko) Chrome/151.0.0.0 Safar
[12:34:32][REQ] POST stats.g.doubleclick.net/g/collect?v=2&tid=G-1MSEYK9Z8R&cid=1838168635.1786444472&gtm (type=Ping)
[12:34:32][REQ]   headers: {"Accept": "*/*", "Origin": "https://moumi.com", "Referer": "https://moumi.com/", "User-Agent": "Mozilla/5.0 (Windows NT 10.0; Win64; x64) AppleWebKit/537.36 (KHTML, like Gecko) Chrome/151.0.0.0 Safar
[12:34:32][REQ] GET www.google.de/ads/ga-audiences?v=1&t=sr&slf_rd=1&_r=4&tid=G-1MSEYK9Z8R&cid=183816 (type=Image)
[12:34:32][REQ]   headers: {"Accept": "image/avif,image/webp,image/apng,image/svg+xml,image/*,*/*;q=0.8", "Referer": "https://moumi.com/", "User-Agent": "Mozilla/5.0 (Windows NT 10.0; Win64; x64) AppleWebKit/537.36 (KHTML, like
[12:34:32][REQ] POST region1.analytics.google.com/g/collect?v=2&tid=G-1MSEYK9Z8R&gtm=45je6871v884411251z886036 (type=XHR)
[12:34:32][REQ]   headers: {"Accept": "*/*", "Origin": "https://moumi.com", "Referer": "https://moumi.com/", "User-Agent": "Mozilla/5.0 (Windows NT 10.0; Win64; x64) AppleWebKit/537.36 (KHTML, like Gecko) Chrome/151.0.0.0 Safar
[12:34:32][RES] 200 eu1.ecdn2.moumicdn.com/i/v2/-/mobileweb/webdist/js/es5/proto.903eeb04d29d7286081f.js (type=Script)
[12:34:32][RES]   headers: {"server": "nginx", "content-type": "application/x-javascript", "last-modified": "Thu, 02 Jul 2026 12:54:43 GMT", "content-encoding": "gzip", "expires": "Fri, 02 Jul 2027 12:57:28 GMT", "cache-control
[12:34:32][RES]   body size: 321106 bytes, saved to sources/
[12:34:32][RES] 200 eu1.ecdn2.moumicdn.com/i/v2/-/mobileweb/webdist/js/es5/7967.3283cd8cf2a2dd6daf24.js (type=Script)
[12:34:32][RES]   headers: {"server": "nginx", "content-type": "application/x-javascript", "last-modified": "Thu, 14 May 2026 10:05:18 GMT", "content-encoding": "gzip", "expires": "Sat, 22 May 2027 09:15:36 GMT", "cache-control
[12:34:32][RES]   body size: 7132 bytes, saved to sources/
[12:34:32][RES] 200 eu1.ecdn2.moumicdn.com/i/v2/-/mobileweb/webdist/js/es5/8925.83c8637f7b7de739d15b.js (type=Script)
[12:34:32][RES]   headers: {"server": "nginx", "content-type": "application/x-javascript", "last-modified": "Thu, 14 May 2026 10:05:18 GMT", "content-encoding": "gzip", "expires": "Fri, 14 May 2027 10:08:41 GMT", "cache-control
[12:34:32][RES]   body size: 44034 bytes, saved to sources/
[12:34:32][RES] 200 eu1.ecdn2.moumicdn.com/i/v2/-/mobileweb/webdist/js/es5/1087.7fd160c1accceffdf06b.js (type=Script)
[12:34:32][RES]   headers: {"server": "nginx", "content-type": "application/x-javascript", "last-modified": "Thu, 14 May 2026 10:05:18 GMT", "content-encoding": "gzip", "expires": "Wed, 19 May 2027 04:36:33 GMT", "cache-control
[12:34:32][RES]   body size: 18674 bytes, saved to sources/
[12:34:32][RES] 200 eu1.ecdn2.moumicdn.com/i/v2/-/mobileweb/webdist/js/es5/1052.169bf1905ae54a7bbe15.js (type=Script)
[12:34:32][RES]   headers: {"server": "nginx", "content-type": "application/x-javascript", "last-modified": "Thu, 14 May 2026 10:05:18 GMT", "content-encoding": "gzip", "expires": "Wed, 19 May 2027 04:36:32 GMT", "cache-control
[12:34:32][RES]   body size: 11055 bytes, saved to sources/
[12:34:32][RES] 200 eu1.ecdn2.moumicdn.com/i/v2/-/mobileweb/webdist/js/es5/387.3e1d0a433f8c1f62662e.js (type=Script)
[12:34:32][RES]   headers: {"server": "nginx", "content-type": "application/x-javascript", "last-modified": "Fri, 24 Jul 2026 13:47:22 GMT", "content-encoding": "gzip", "expires": "Sat, 24 Jul 2027 13:50:14 GMT", "cache-control
[12:34:32][RES]   body size: 16850 bytes, saved to sources/
[12:34:32][RES] 200 eu1.ecdn2.moumicdn.com/i/v2/-/mobileweb/webdist/js/es5/8556.858df6e372fff6924482.js (type=Script)
[12:34:32][RES]   headers: {"server": "nginx", "content-type": "application/x-javascript", "last-modified": "Thu, 14 May 2026 10:05:18 GMT", "content-encoding": "gzip", "expires": "Sun, 30 May 2027 18:41:01 GMT", "cache-control
[12:34:32][RES]   body size: 7401 bytes, saved to sources/
[12:34:32][RES] 200 eu1.ecdn2.moumicdn.com/i/v2/-/mobileweb/webdist/js/es5/7397.9c9c369f5790ef4f0e0e.js (type=Script)
[12:34:32][RES]   headers: {"server": "nginx", "content-type": "application/x-javascript", "last-modified": "Fri, 24 Jul 2026 13:47:22 GMT", "content-encoding": "gzip", "expires": "Sat, 24 Jul 2027 13:50:14 GMT", "cache-control
[12:34:32][RES]   body size: 8504 bytes, saved to sources/
[12:34:32][RES] 200 eu1.ecdn2.moumicdn.com/i/v2/-/mobileweb/webdist/js/es5/8819.8e97c0f3a8515280064c.js (type=Script)
[12:34:32][RES]   headers: {"server": "nginx", "content-type": "application/x-javascript", "last-modified": "Fri, 24 Jul 2026 13:47:22 GMT", "content-encoding": "gzip", "expires": "Sat, 24 Jul 2027 13:50:14 GMT", "cache-control
[12:34:32][RES]   body size: 215402 bytes, saved to sources/
[12:34:32][RES] 200 eu1.ecdn2.moumicdn.com/i/v2/-/mobileweb/webdist/js/es5/9232.b5ea94009c0750580bc2.js (type=Script)
[12:34:32][RES]   headers: {"server": "nginx", "content-type": "application/x-javascript", "last-modified": "Thu, 14 May 2026 10:05:18 GMT", "content-encoding": "gzip", "expires": "Fri, 21 May 2027 07:05:25 GMT", "cache-control
[12:34:32][RES]   body size: 10217 bytes, saved to sources/
[12:34:32][RES] 200 eu1.ecdn2.moumicdn.com/i/v2/-/mobileweb/webdist/js/es5/1218.acaa7b528073f06e2fa9.js (type=Script)
[12:34:32][RES]   headers: {"server": "nginx", "content-type": "application/x-javascript", "last-modified": "Fri, 24 Jul 2026 13:47:22 GMT", "content-encoding": "gzip", "expires": "Sat, 24 Jul 2027 13:50:14 GMT", "cache-control
[12:34:32][RES]   body size: 22004 bytes, saved to sources/
[12:34:32][RES] 200 eu1.ecdn2.moumicdn.com/i/v2/-/mobileweb/webdist/js/es5/8651.d418f72a12fe31527b93.js (type=Script)
[12:34:32][RES]   headers: {"server": "nginx", "content-type": "application/x-javascript", "last-modified": "Thu, 14 May 2026 10:05:18 GMT", "content-encoding": "gzip", "expires": "Wed, 19 May 2027 04:36:34 GMT", "cache-control
[12:34:32][RES]   body size: 6826 bytes, saved to sources/
[12:34:32][RES] 200 eu1.ecdn2.moumicdn.com/i/v2/-/mobileweb/webdist/js/es5/3700.57fe67d94b46b6cdc55f.js (type=Script)
[12:34:32][RES]   headers: {"server": "nginx", "content-type": "application/x-javascript", "last-modified": "Fri, 24 Jul 2026 13:47:22 GMT", "content-encoding": "gzip", "expires": "Sat, 24 Jul 2027 13:50:14 GMT", "cache-control
[12:34:32][RES]   body size: 15025 bytes, saved to sources/
[12:34:32][RES] 200 eu1.ecdn2.moumicdn.com/i/v2/-/mobileweb/webdist/js/es5/1588.c4e46476b1f3ac4cb269.js (type=Script)
[12:34:32][RES]   headers: {"server": "nginx", "content-type": "application/x-javascript", "last-modified": "Fri, 24 Jul 2026 13:47:22 GMT", "content-encoding": "gzip", "expires": "Sat, 24 Jul 2027 13:50:14 GMT", "cache-control
[12:34:32][RES]   body size: 10311 bytes, saved to sources/
[12:34:32][RES] 200 eu1.ecdn2.moumicdn.com/i/v2/-/mobileweb/webdist/js/es5/1379.5a481567c433c4fa1f69.js (type=Script)
[12:34:32][RES]   headers: {"server": "nginx", "content-type": "application/x-javascript", "last-modified": "Tue, 19 May 2026 09:26:32 GMT", "content-encoding": "gzip", "expires": "Wed, 19 May 2027 09:29:46 GMT", "cache-control
[12:34:32][RES]   body size: 11703 bytes, saved to sources/
[12:34:32][RES] 200 eu1.ecdn2.moumicdn.com/i/v2/-/mobileweb/webdist/js/es5/app-init.d6e318b92d161b817652.js (type=Script)
[12:34:32][RES]   headers: {"server": "nginx", "content-type": "application/x-javascript", "last-modified": "Fri, 24 Jul 2026 13:47:22 GMT", "content-encoding": "gzip", "expires": "Sat, 24 Jul 2027 13:50:14 GMT", "cache-control
[12:34:32][RES]   body size: 80031 bytes, saved to sources/
[12:34:32][RES] 204 region1.analytics.google.com/g/collect (type=XHR)
[12:34:32][RES]   headers: {"access-control-allow-origin": "https://moumi.com", "date": "Tue, 11 Aug 2026 10:34:33 GMT", "pragma": "no-cache", "expires": "Fri, 01 Jan 1990 00:00:00 GMT", "cache-control": "no-cache, no-store, mu
[12:34:32][RES]   body size: 0 bytes, saved to sources/
[12:34:32][RES] 204 region1.analytics.google.com/g/collect (type=XHR)
[12:34:32][RES]   headers: {"access-control-allow-origin": "https://moumi.com", "date": "Tue, 11 Aug 2026 10:34:33 GMT", "pragma": "no-cache", "expires": "Fri, 01 Jan 1990 00:00:00 GMT", "cache-control": "no-cache, no-store, mu
[12:34:32][RES]   body size: 0 bytes, saved to sources/
[12:34:32][REQ] GET connect.facebook.net/en_GB/fbevents.js? (type=Script)
[12:34:32][REQ]   headers: {"Accept": "*/*", "Referer": "https://moumi.com/", "User-Agent": "Mozilla/5.0 (Windows NT 10.0; Win64; x64) AppleWebKit/537.36 (KHTML, like Gecko) Chrome/151.0.0.0 Safari/537.36", "sec-ch-ua": "\"Not=
[12:34:32][REQ] GET connect.facebook.net/en_GB/sdk.js? (type=Script)
[12:34:32][REQ]   headers: {"Accept": "*/*", "Referer": "https://moumi.com/", "User-Agent": "Mozilla/5.0 (Windows NT 10.0; Win64; x64) AppleWebKit/537.36 (KHTML, like Gecko) Chrome/151.0.0.0 Safari/537.36", "sec-ch-ua": "\"Not=
[12:34:32][REQ] GET eu1.ecdn2.moumicdn.com/i/v2/-/mobileweb/webdist/js/es5/364.66f647502f89c2fd4930.js? (type=Script)
[12:34:32][REQ]   headers: {"Accept": "*/*", "Origin": "https://moumi.com", "Referer": "https://moumi.com/", "User-Agent": "Mozilla/5.0 (Windows NT 10.0; Win64; x64) AppleWebKit/537.36 (KHTML, like Gecko) Chrome/151.0.0.0 Safar
[12:34:32][REQ] POST region1.analytics.google.com/g/collect?v=2&tid=G-1MSEYK9Z8R&gtm=45je6871v884411251za20gzb (type=XHR)
[12:34:32][REQ]   headers: {"Accept": "*/*", "Origin": "https://moumi.com", "Referer": "https://moumi.com/", "User-Agent": "Mozilla/5.0 (Windows NT 10.0; Win64; x64) AppleWebKit/537.36 (KHTML, like Gecko) Chrome/151.0.0.0 Safar
[12:34:32][REQ] GET eu1.ecdn2.moumicdn.com/i/v2/-/mobileweb/webdist/js/es5/2847.6e98d1472beb72a58fa9.js? (type=Script)
[12:34:32][REQ]   headers: {"Accept": "*/*", "Origin": "https://moumi.com", "Referer": "https://moumi.com/", "User-Agent": "Mozilla/5.0 (Windows NT 10.0; Win64; x64) AppleWebKit/537.36 (KHTML, like Gecko) Chrome/151.0.0.0 Safar
[12:34:32][REQ] GET eu1.ecdn2.moumicdn.com/i/v2/-/mobileweb/webdist/js/es5/5350.c01d8b379da149b09e2c.js? (type=Script)
[12:34:32][REQ]   headers: {"Accept": "*/*", "Origin": "https://moumi.com", "Referer": "https://moumi.com/", "User-Agent": "Mozilla/5.0 (Windows NT 10.0; Win64; x64) AppleWebKit/537.36 (KHTML, like Gecko) Chrome/151.0.0.0 Safar
[12:34:32][REQ] GET eu1.ecdn2.moumicdn.com/i/v2/-/mobileweb/webdist/js/es5/landing-page-story.fccfa7cc23f29c6b3b16.js? (type=Script)
[12:34:32][REQ]   headers: {"Accept": "*/*", "Origin": "https://moumi.com", "Referer": "https://moumi.com/", "User-Agent": "Mozilla/5.0 (Windows NT 10.0; Win64; x64) AppleWebKit/537.36 (KHTML, like Gecko) Chrome/151.0.0.0 Safar
[12:34:32][REQ] POST moumi.com/mwebapi.phtml?SERVER_APP_STATS (type=XHR)
[12:34:32][REQ]   headers: {"Accept": "*/*", "Content-Type": "application/json", "Cookie": "dnsDisplayed=undefined; ccpaApplies=false; signedLspa=undefined; _sp_su=false; euconsent-v2=CQox_wAQox_wAAGABCENCrFgAP_gAABAAAYgF5wBgAF
[12:34:32][REQ]   body: <base64> {"$gpb":"moumi.bma.MoumiMessage","body":[{"message_type":278,"server_app_stats":{"cloud_push_setting
[12:34:32][RES] 200 eu1.ecdn2.moumicdn.com/i/v2/-/mobileweb/webdist/js/es5/364.66f647502f89c2fd4930.js (type=Script)
[12:34:32][RES]   headers: {"server": "nginx", "content-type": "application/x-javascript", "last-modified": "Thu, 14 May 2026 10:05:18 GMT", "content-encoding": "gzip", "expires": "Fri, 21 May 2027 06:08:30 GMT", "cache-control
[12:34:32][RES]   body size: 4598 bytes, saved to sources/
[12:34:32][RES] 200 eu1.ecdn2.moumicdn.com/i/v2/-/mobileweb/webdist/js/es5/2847.6e98d1472beb72a58fa9.js (type=Script)
[12:34:32][RES]   headers: {"server": "nginx", "content-type": "application/x-javascript", "last-modified": "Thu, 14 May 2026 10:05:18 GMT", "content-encoding": "gzip", "expires": "Mon, 24 May 2027 12:03:45 GMT", "cache-control
[12:34:32][RES]   body size: 15948 bytes, saved to sources/
[12:34:32][RES] 204 region1.analytics.google.com/g/collect (type=XHR)
[12:34:32][RES]   headers: {"access-control-allow-origin": "https://moumi.com", "date": "Tue, 11 Aug 2026 10:34:33 GMT", "pragma": "no-cache", "expires": "Fri, 01 Jan 1990 00:00:00 GMT", "cache-control": "no-cache, no-store, mu
[12:34:32][RES]   body size: 0 bytes, saved to sources/
[12:34:32][RES] 200 eu1.ecdn2.moumicdn.com/i/v2/-/mobileweb/webdist/js/es5/5350.c01d8b379da149b09e2c.js (type=Script)
[12:34:32][RES]   headers: {"server": "nginx", "content-type": "application/x-javascript", "last-modified": "Fri, 24 Jul 2026 13:47:22 GMT", "content-encoding": "gzip", "expires": "Sat, 24 Jul 2027 13:50:16 GMT", "cache-control
[12:34:32][RES]   body size: 9263 bytes, saved to sources/
[12:34:32][RES] 200 eu1.ecdn2.moumicdn.com/i/v2/-/mobileweb/webdist/js/es5/landing-page-story.fccfa7cc23f29c6b3b16.js (type=Script)
[12:34:32][RES]   headers: {"server": "nginx", "content-type": "application/x-javascript", "last-modified": "Fri, 24 Jul 2026 13:47:22 GMT", "content-encoding": "gzip", "expires": "Sat, 24 Jul 2027 13:50:16 GMT", "cache-control
[12:34:32][RES]   body size: 59805 bytes, saved to sources/
[12:34:32][RES] 200 connect.facebook.net/en_GB/sdk.js (type=Script)
[12:34:32][RES]   headers: {"vary": "Accept-Encoding", "content-encoding": "gzip", "access-control-expose-headers": "X-FB-Content-MD5", "x-fb-content-md5": "c45ec9a891d83b7fac19d7e17b375ca9", "etag": "\"9d42e1d217173e5a157fe180
[12:34:32][RES]   body size: 12461 bytes, saved to sources/
[12:34:32][REQ] POST moumi.com/mwebapi.phtml?SERVER_APP_STATS (type=XHR)
[12:34:32][REQ]   headers: {"Accept": "*/*", "Content-Type": "application/json", "Cookie": "dnsDisplayed=undefined; ccpaApplies=false; signedLspa=undefined; _sp_su=false; euconsent-v2=CQox_wAQox_wAAGABCENCrFgAP_gAABAAAYgF5wBgAF
[12:34:32][REQ]   body: <base64> {"$gpb":"moumi.bma.MoumiMessage","body":[{"message_type":278,"server_app_stats":{"screen_stats":{"ev
[12:34:32][RES] 200 moumi.com/mwebapi.phtml (type=XHR)
[12:34:32][RES]   headers: {"server": "nginx", "date": "Tue, 11 Aug 2026 10:34:33 GMT", "content-type": "application/json", "x-local-host": "wwwbma37", "x-bma-server": "wwwbma37", "x-user-id": "", "x-allowasyncrequests": "1", "
[12:34:32][RES]   body size: 193 bytes, saved to sources/
[12:34:32][RES] 200 connect.facebook.net/en_GB/fbevents.js (type=Script)
[12:34:32][RES]   headers: {"vary": "Accept-Encoding", "content-encoding": "gzip", "content-type": "application/x-javascript; charset=utf-8", "timing-allow-origin": "*", "reporting-endpoints": "coop_report=\"https://www.faceboo
[12:34:32][RES]   body size: 407669 bytes, saved to sources/
[12:34:32][REQ] GET connect.facebook.net/en_GB/bundle/sdk.js/? (type=Script)
[12:34:32][REQ]   headers: {"Accept": "*/*", "Origin": "https://moumi.com", "Referer": "https://moumi.com/", "User-Agent": "Mozilla/5.0 (Windows NT 10.0; Win64; x64) AppleWebKit/537.36 (KHTML, like Gecko) Chrome/151.0.0.0 Safar
[12:34:32][RES] 200 moumi.com/mwebapi.phtml (type=XHR)
[12:34:32][RES]   headers: {"server": "nginx", "date": "Tue, 11 Aug 2026 10:34:33 GMT", "content-type": "application/json", "x-local-host": "wwwbma13", "x-bma-server": "wwwbma13", "x-user-id": "", "x-allowasyncrequests": "1", "
[12:34:32][RES]   body size: 193 bytes, saved to sources/
[12:34:32][REQ] GET connect.facebook.net/signals/config/1359524264116659?v=2.9.373&r=stable&domain=moumi.com&hme=6d1ed5deee (type=Script)
[12:34:32][REQ]   headers: {"Accept": "*/*", "Referer": "https://moumi.com/", "User-Agent": "Mozilla/5.0 (Windows NT 10.0; Win64; x64) AppleWebKit/537.36 (KHTML, like Gecko) Chrome/151.0.0.0 Safari/537.36", "sec-ch-ua": "\"Not=
[12:34:32][RES] 200 connect.facebook.net/en_GB/bundle/sdk.js/ (type=Script)
[12:34:32][RES]   headers: {"vary": "Accept-Encoding", "content-encoding": "gzip", "access-control-expose-headers": "X-FB-Content-MD5", "x-fb-content-md5": "4fa09d68c39779bb6afd7c116f5be447", "etag": "\"38a7d5d9f9950bb2319d2ebf
[12:34:32][RES]   body size: 269147 bytes, saved to sources/
[12:34:32][REQ] GET www.facebook.com/x/oauth/status?client_id=107433747809&input_token&origin=1&redire (type=XHR)
[12:34:32][REQ]   headers: {"Accept": "*/*", "Origin": "https://moumi.com", "Referer": "https://moumi.com/", "User-Agent": "Mozilla/5.0 (Windows NT 10.0; Win64; x64) AppleWebKit/537.36 (KHTML, like Gecko) Chrome/151.0.0.0 Safar
[12:34:33][RES] 200 www.facebook.com/x/oauth/status (type=XHR)
[12:34:33][RES]   headers: {"content-type": "text/plain; charset=UTF-8", "access-control-expose-headers": "fb-s", "access-control-allow-credentials": "true", "access-control-allow-origin": "https://moumi.com", "fb-s": "unknown"
[12:34:33][RES]   body size: 0 bytes, saved to sources/
[12:34:33][RES] 200 connect.facebook.net/signals/config/1359524264116659 (type=Script)
[12:34:33][RES]   headers: {"vary": "Accept-Encoding", "content-encoding": "gzip", "content-type": "application/x-javascript; charset=utf-8", "timing-allow-origin": "*", "reporting-endpoints": "coop_report=\"https://www.faceboo
[12:34:33][RES]   body size: 269751 bytes, saved to sources/
[12:34:34][REQ] POST www.facebook.com/tr/? (type=Document)
[12:34:34][REQ]   headers: {"Accept": "text/html,application/xhtml+xml,application/xml;q=0.9,image/avif,image/webp,image/apng,*/*;q=0.8,application/signed-exchange;v=b3;q=0.7", "Content-Type": "application/x-www-form-urlencoded
[12:34:34][REQ]   body: <base64> id=1359524264116659&ev=Lead&dl=https%3A%2F%2Fmoumi.com%2Flanding&rl=&if=false&ts=1786444474008&iw=fa
[12:34:35][REQ] POST moumi.com/mwebapi.phtml?SERVER_APP_STATS (type=XHR)
[12:34:35][REQ]   headers: {"Accept": "*/*", "Content-Type": "application/json", "Cookie": "dnsDisplayed=undefined; ccpaApplies=false; signedLspa=undefined; _sp_su=false; euconsent-v2=CQox_wAQox_wAAGABCENCrFgAP_gAABAAAYgF5wBgAF
[12:34:35][REQ]   body: <base64> {"$gpb":"moumi.bma.MoumiMessage","body":[{"message_type":278,"server_app_stats":{"screen_stats":{"ev
[12:34:35][REQ] POST www.facebook.com/tr/? (type=Document)
[12:34:35][REQ]   headers: {"Accept": "text/html,application/xhtml+xml,application/xml;q=0.9,image/avif,image/webp,image/apng,*/*;q=0.8,application/signed-exchange;v=b3;q=0.7", "Content-Type": "application/x-www-form-urlencoded
[12:34:35][REQ]   body: ��w��v�n��^��ׯJ��r��y�n��'
X���a��l�
��V�v��m���݊x+�'�j[��{�8������������'歺���>��g%j���v�p6��&������rɬn�m�{����r��j��rɬn�m�{-�X��ןj�m��&������yخ��춋����{�n�m�}��-�u�-�v�����p6�m�m�wm�m��`��)���+�m�m��`��)�z���ݶ�
�
��{�����j)v�`��{�
�t�����m��`��֠�m��f��'�m��kr����
�n�m�}��-�����m��m��-���n{m�m�۰�w�[��h�7���¢{b���+a�隊W��a^j۫z�C�Cq�A��歺���>��kb�W��p6����kyX�{�ڶ)��(�{���
i��k��ݳ`�
��/��*�����h�m��5���{�ow�z쵦�y�5��v駦�M����}�u�θ�;�M5�y�ζߟw�5�W�zjm��e �.��ڊV���fw�e�ƥ{�ޜ`i��Au�
[12:34:35][RES] 200 moumi.com/mwebapi.phtml (type=XHR)
[12:34:35][RES]   headers: {"server": "nginx", "date": "Tue, 11 Aug 2026 10:34:36 GMT", "content-type": "application/json", "x-local-host": "wwwbma32", "x-bma-server": "wwwbma32", "x-user-id": "", "x-allowasyncrequests": "1", "
[12:34:35][RES]   body size: 193 bytes, saved to sources/
[12:34:36][REQ] POST region1.analytics.google.com/g/collect?v=2&tid=G-1MSEYK9Z8R&gtm=45je6871v884411251z886036 (type=XHR)
[12:34:36][REQ]   headers: {"Accept": "*/*", "Content-Type": "text/plain;charset=UTF-8", "Origin": "https://moumi.com", "Referer": "https://moumi.com/", "User-Agent": "Mozilla/5.0 (Windows NT 10.0; Win64; x64) AppleWebKit/537.3
[12:34:36][REQ]   body: <base64> en=page_view&_et=224&dl=https%3A%2F%2Fmoumi.com%2Flanding

en=page_view&_et=2&dl=https%3A%2F%2Fmoumi
[12:34:36][RES] 204 region1.analytics.google.com/g/collect (type=XHR)
[12:34:36][RES]   headers: {"access-control-allow-origin": "https://moumi.com", "date": "Tue, 11 Aug 2026 10:34:37 GMT", "pragma": "no-cache", "expires": "Fri, 01 Jan 1990 00:00:00 GMT", "cache-control": "no-cache, no-store, mu
[12:34:36][RES]   body size: 0 bytes, saved to sources/
[12:34:37][REQ] POST eu1.moumi.com/hotpanel/hotpanel2.phtml?version=2.0 (type=Ping)
[12:34:37][REQ]   headers: {"Accept": "*/*", "Content-Type": "text/plain;charset=UTF-8", "Cookie": "dnsDisplayed=undefined; ccpaApplies=false; signedLspa=undefined; _sp_su=false; euconsent-v2=CQox_wAQox_wAAGABCENCrFgAP_gAABAAAY
[12:34:37][REQ]   body: <base64> {"application":{"brand":2,"layout":3,"platform":2,"app_version":"6.2877.0","is_premium":false},"devi
[12:34:41][REQ] POST region1.analytics.google.com/g/collect?v=2&tid=G-1MSEYK9Z8R&gtm=45je6871v884411251za20gzb (type=XHR)
[12:34:41][REQ]   headers: {"Accept": "*/*", "Origin": "https://moumi.com", "Referer": "https://moumi.com/", "User-Agent": "Mozilla/5.0 (Windows NT 10.0; Win64; x64) AppleWebKit/537.36 (KHTML, like Gecko) Chrome/151.0.0.0 Safar
[12:34:41][RES] 204 region1.analytics.google.com/g/collect (type=XHR)
[12:34:41][RES]   headers: {"access-control-allow-origin": "https://moumi.com", "date": "Tue, 11 Aug 2026 10:34:42 GMT", "pragma": "no-cache", "expires": "Fri, 01 Jan 1990 00:00:00 GMT", "cache-control": "no-cache, no-store, mu
[12:34:41][RES]   body size: 0 bytes, saved to sources/
[12:35:18][LIVE] Still recording...
[12:35:18][REQ] POST moumi.com/mwebapi.phtml?SERVER_APP_STATS (type=XHR)
[12:35:18][REQ]   headers: {"Accept": "*/*", "Content-Type": "application/json", "Cookie": "dnsDisplayed=undefined; ccpaApplies=false; signedLspa=undefined; _sp_su=false; euconsent-v2=CQox_wAQox_wAAGABCENCrFgAP_gAABAAAYgF5wBgAF
[12:35:18][REQ]   body: <base64> {"$gpb":"moumi.bma.MoumiMessage","body":[{"message_type":278,"server_app_stats":{"screen_stats":{"ev
[12:35:18][REQ] POST moumi.com/mwebapi.phtml?SERVER_VALIDATE_USER_FIELD (type=XHR)
[12:35:18][REQ]   headers: {"Accept": "*/*", "Content-Type": "application/json", "Cookie": "dnsDisplayed=undefined; ccpaApplies=false; signedLspa=undefined; _sp_su=false; euconsent-v2=CQox_wAQox_wAAGABCENCrFgAP_gAABAAAYgF5wBgAF
[12:35:18][REQ]   body: <base64> {"$gpb":"moumi.bma.MoumiMessage","body":[{"message_type":488,"server_validate_user_field":{"field_ty
[12:35:18][SRC] cookies + storage saved
[12:35:18][REQ] POST www.facebook.com/tr/? (type=Document)
[12:35:18][REQ]   headers: {"Accept": "text/html,application/xhtml+xml,application/xml;q=0.9,image/avif,image/webp,image/apng,*/*;q=0.8,application/signed-exchange;v=b3;q=0.7", "Content-Type": "application/x-www-form-urlencoded
[12:35:18][REQ]   body: <base64> id=1359524264116659&ev=SubscribedButtonClick&dl=https%3A%2F%2Fmoumi.com%2Fonboarding-email&rl=&if=fa
[12:35:18][RES] 200 moumi.com/mwebapi.phtml (type=XHR)
[12:35:18][RES]   headers: {"server": "nginx", "date": "Tue, 11 Aug 2026 10:35:19 GMT", "content-type": "application/json", "x-local-host": "wwwbma12", "x-bma-server": "wwwbma12", "x-user-id": "", "x-allowasyncrequests": "1", "
[12:35:18][RES]   body size: 193 bytes, saved to sources/
[12:35:18][RES] 200 moumi.com/mwebapi.phtml (type=XHR)
[12:35:18][RES]   headers: {"server": "nginx", "date": "Tue, 11 Aug 2026 10:35:19 GMT", "content-type": "application/json", "x-local-host": "wwwbma18", "x-bma-server": "wwwbma18", "x-user-id": "", "x-allowasyncrequests": "1", "
[12:35:18][RES]   body size: 317 bytes, saved to sources/
[12:35:23][REQ] GET www.facebook.com/tr/?id=1359524264116659&ev=SubscribedButtonClick&dl=ht (type=Image)
[12:35:23][REQ]   headers: {"Accept": "image/avif,image/webp,image/apng,image/svg+xml,image/*,*/*;q=0.8", "Referer": "https://moumi.com/", "User-Agent": "Mozilla/5.0 (Windows NT 10.0; Win64; x64) AppleWebKit/537.36 (KHTML, like
[12:35:23][REQ] POST moumi.com/mwebapi.phtml?SERVER_SEND_ARKOSE_ENCRYPTED_DATA (type=XHR)
[12:35:23][REQ]   headers: {"Accept": "*/*", "Content-Type": "application/json", "Cookie": "dnsDisplayed=undefined; ccpaApplies=false; signedLspa=undefined; _sp_su=false; euconsent-v2=CQox_wAQox_wAAGABCENCrFgAP_gAABAAAYgF5wBgAF
[12:35:23][REQ]   body: ���i�(nf�i�(1�,j��ܦz���r��t��������j�(��r����]j֞���u�$��\����w����r����fz�hw_,r����'��m~Z0���v�&���z����kjب���r���'u۹��Ơz'z��,j�ʗ��ooz�"�}b����
�w_j[
[12:35:23][RES] 200 moumi.com/mwebapi.phtml (type=XHR)
[12:35:23][RES]   headers: {"server": "nginx", "date": "Tue, 11 Aug 2026 10:35:24 GMT", "content-type": "application/json", "x-local-host": "wwwbma14", "x-bma-server": "wwwbma14", "x-user-id": "", "x-allowasyncrequests": "1", "
[12:35:23][RES]   body size: 1408 bytes, saved to sources/
[12:35:23][REQ] GET moumi-api.arkoselabs.com/v2/85AD0329-8516-4C2D-AC57-3519CAA3240D/api.js? (type=Script)
[12:35:23][REQ]   headers: {"Accept": "*/*", "Referer": "https://moumi.com/", "User-Agent": "Mozilla/5.0 (Windows NT 10.0; Win64; x64) AppleWebKit/537.36 (KHTML, like Gecko) Chrome/151.0.0.0 Safari/537.36", "sec-ch-ua": "\"Not=
[12:35:23][REQ] POST eu1.moumi.com/hotpanel/hotpanel2.phtml?version=2.0 (type=Ping)
[12:35:23][REQ]   headers: {"Accept": "*/*", "Content-Type": "text/plain;charset=UTF-8", "Cookie": "dnsDisplayed=undefined; ccpaApplies=false; signedLspa=undefined; _sp_su=false; euconsent-v2=CQox_wAQox_wAAGABCENCrFgAP_gAABAAAY
[12:35:23][REQ]   body: <base64> {"application":{"brand":2,"layout":3,"platform":2,"app_version":"6.2877.0","is_premium":false},"devi
[12:35:24][RES] 200 moumi-api.arkoselabs.com/v2/85AD0329-8516-4C2D-AC57-3519CAA3240D/api.js (type=Script)
[12:35:24][RES]   headers: {"content-type": "application/javascript; charset=utf-8", "date": "Tue, 11 Aug 2026 04:27:26 GMT", "last-modified": "Tue, 11 Aug 2026 04:15:45 GMT", "server": "cloudfront", "x-amz-server-side-encrypti
[12:35:24][RES]   body size: 265381 bytes, saved to sources/
[12:35:24][REQ] GET moumi-api.arkoselabs.com/v2/85AD0329-8516-4C2D-AC57-3519CAA3240D/settings? (type=XHR)
[12:35:24][REQ]   headers: {"Accept": "*/*", "Origin": "https://moumi.com", "Referer": "https://moumi.com/", "User-Agent": "Mozilla/5.0 (Windows NT 10.0; Win64; x64) AppleWebKit/537.36 (KHTML, like Gecko) Chrome/151.0.0.0 Safar
[12:35:24][RES] 200 moumi-api.arkoselabs.com/v2/85AD0329-8516-4C2D-AC57-3519CAA3240D/settings (type=XHR)
[12:35:24][RES]   headers: {"content-type": "application/json", "content-length": "82", "date": "Wed, 29 Jul 2026 00:48:14 GMT", "last-modified": "Fri, 11 Jul 2025 01:13:51 GMT", "etag": "\"3614f5b395e6eadc99e0a91f90347cbb\"", 
[12:35:24][RES]   body size: 82 bytes, saved to sources/
[12:35:24][REQ] POST moumi-api.arkoselabs.com/metrics/ui? (type=XHR)
[12:35:24][REQ]   headers: {"Accept": "*/*", "Content-Type": "text/plain;charset=UTF-8", "Origin": "https://moumi.com", "Referer": "https://moumi.com/", "User-Agent": "Mozilla/5.0 (Windows NT 10.0; Win64; x64) AppleWebKit/537.3
[12:35:24][REQ]   body: <base64> {"id":"8806896d-a8df-482f-930d-966e0d6011b7","publicKey":"85AD0329-8516-4C2D-AC57-3519CAA3240D","isK
[12:35:24][REQ] OPTIONS moumi-api.arkoselabs.com/fc/gt2/public_key/85AD0329-8516-4C2D-AC57-3519CAA3240D? (type=XHR)
[12:35:24][REQ]   headers: {"Accept": "*/*", "Access-Control-Request-Headers": "ark-build-id,x-ark-esync-value", "Access-Control-Request-Method": "POST", "Origin": "https://moumi.com", "Referer": "https://moumi.com/", "Sec-Fetc
[12:35:24][RES] 200 moumi-api.arkoselabs.com/fc/gt2/public_key/85AD0329-8516-4C2D-AC57-3519CAA3240D (type=XHR)
[12:35:24][RES]   headers: {"date": "Tue, 11 Aug 2026 10:35:25 GMT", "content-length": "0", "access-control-allow-headers": "ark-build-id,x-ark-esync-value", "access-control-allow-methods": "GET, HEAD, POST, OPTIONS", "access-c
[12:35:24][RES]   body size: 0 bytes, saved to sources/
[12:35:24][REQ] POST moumi-api.arkoselabs.com/fc/gt2/public_key/85AD0329-8516-4C2D-AC57-3519CAA3240D? (type=XHR)
[12:35:24][REQ]   headers: {"Accept": "*/*", "Origin": "https://moumi.com", "Referer": "https://moumi.com/", "User-Agent": "Mozilla/5.0 (Windows NT 10.0; Win64; x64) AppleWebKit/537.36 (KHTML, like Gecko) Chrome/151.0.0.0 Safar
[12:35:24][REQ]   body: <base64> c=2Y8iDmZHS8WjMb4OE6DNdfmkNFCSMIzomoEBNQ%3D%3DBftpGCFjJHKOAw9afjnN8cUOJhdJSyz2oYWNAQMff72xyU6IuTUxFQ
[12:35:25][RES] 200 moumi-api.arkoselabs.com/fc/gt2/public_key/85AD0329-8516-4C2D-AC57-3519CAA3240D (type=XHR)
[12:35:25][RES]   headers: {"content-type": "text/plain; charset=utf-8", "date": "Tue, 11 Aug 2026 10:35:25 GMT", "origin-region": "eu-west-1", "access-control-allow-origin": "*", "content-security-policy": "default-src 'self';
[12:35:25][RES]   body size: 2101 bytes, saved to sources/
[12:35:25][REQ] POST moumi-api.arkoselabs.com/metrics/ui? (type=XHR)
[12:35:25][REQ]   headers: {"Accept": "*/*", "Content-Type": "text/plain;charset=UTF-8", "Origin": "https://moumi.com", "Referer": "https://moumi.com/", "User-Agent": "Mozilla/5.0 (Windows NT 10.0; Win64; x64) AppleWebKit/537.3
[12:35:25][REQ]   body: ��<ӯ=�ּu�<��w��z���Muo�nnX�)�� ��o|�^�`����_B 
��@Ⱗ���,}�lyƩ�W��*'�&�ץ�mn�l��kz�v��yׯ�ǩ��_����}���๨zur��y�b�w�}�-���ʗ���m�Gh�yb�Mt���x��+�)ݣ+���z�"�rۿu�ƛ��:��[׭�۽t�Niz��f�q��2�-jT�����.��N)���l.��N)��ئy:���E�z�z��z�S�g���޲�'�����v����S�g���&
����^N)��a��O��hr�a�ץ����<�z����-	�!y�ږǚ�"R��Z�8�{��v{��S�g��[��S�g��)�N��j�Qz����+z������;ⷬ���y8�{Hm�����W�r�^t�(�{n���]y�y�hw$�����5��z�Bi�^u�����ا��h��S�g��Gg��u8�{Ke��u8�{Kb���J֫����-ҷ���-N)�߽+z�h�Ǔ�g���i>�-��%zw(u�A�ܒ�7��ל�ם�rJ,��
[12:35:25][REQ] GET moumi-api.arkoselabs.com/fc/a/?callback=__jsonp_1786444525040&category=loaded&act (type=Script)
[12:35:25][REQ]   headers: {"Accept": "*/*", "Referer": "https://moumi.com/", "User-Agent": "Mozilla/5.0 (Windows NT 10.0; Win64; x64) AppleWebKit/537.36 (KHTML, like Gecko) Chrome/151.0.0.0 Safari/537.36", "sec-ch-ua": "\"Not=
[12:35:25][REQ] POST moumi-api.arkoselabs.com/metrics/ui? (type=XHR)
[12:35:25][REQ]   headers: {"Accept": "*/*", "Content-Type": "text/plain;charset=UTF-8", "Origin": "https://moumi.com", "Referer": "https://moumi.com/", "User-Agent": "Mozilla/5.0 (Windows NT 10.0; Win64; x64) AppleWebKit/537.3
[12:35:25][REQ]   body: <base64> {"id":"8806896d-a8df-482f-930d-966e0d6011b7","publicKey":"85AD0329-8516-4C2D-AC57-3519CAA3240D","isK
[12:35:25][REQ] POST moumi.com/mwebapi.phtml?SERVER_SEND_ARKOSE_TOKEN (type=XHR)
[12:35:25][REQ]   headers: {"Accept": "*/*", "Content-Type": "application/json", "Cookie": "dnsDisplayed=undefined; ccpaApplies=false; signedLspa=undefined; _sp_su=false; euconsent-v2=CQox_wAQox_wAAGABCENCrFgAP_gAABAAAYgF5wBgAF
[12:35:25][REQ]   body: <base64> {"$gpb":"moumi.bma.MoumiMessage","body":[{"message_type":1014,"server_send_arkose_token":{"token":"2
[12:35:25][REQ] GET moumi-api.arkoselabs.com/v2/85AD0329-8516-4C2D-AC57-3519CAA3240D/settings? (type=XHR)
[12:35:25][REQ]   headers: {"Accept": "*/*", "Origin": "https://moumi.com", "Referer": "https://moumi.com/", "User-Agent": "Mozilla/5.0 (Windows NT 10.0; Win64; x64) AppleWebKit/537.36 (KHTML, like Gecko) Chrome/151.0.0.0 Safar
[12:35:25][RES] 200 moumi-api.arkoselabs.com/v2/85AD0329-8516-4C2D-AC57-3519CAA3240D/settings (type=XHR)
[12:35:25][RES]   headers: {"date": "Wed, 29 Jul 2026 00:48:14 GMT", "last-modified": "Fri, 11 Jul 2025 01:13:51 GMT", "x-amz-server-side-encryption": "AES256", "server": "cloudfront", "capi-worker-type": "cloudfront-settings",
[12:35:25][RES]   body size: 82 bytes, saved to sources/
[12:35:25][RES] 200 moumi-api.arkoselabs.com/fc/a/ (type=Script)
[12:35:25][RES]   headers: {"content-type": "application/javascript", "content-length": "38", "access-control-allow-origin": "*", "content-security-policy": "default-src 'self'; script-src 'self'; style-src 'self'; img-src 'sel
[12:35:25][RES]   body size: 38 bytes, saved to sources/
[12:35:25][RES] 200 moumi-api.arkoselabs.com/metrics/ui (type=XHR)
[12:35:25][RES]   headers: {"content-type": "text/plain;charset=UTF-8", "content-length": "3", "server": "cloudfront", "date": "Tue, 11 Aug 2026 10:35:25 GMT", "access-control-allow-origin": "*", "x-cache": "Miss from cloudfron
[12:35:25][RES]   body size: 3 bytes, saved to sources/
[12:35:25][RES] 200 moumi.com/mwebapi.phtml (type=XHR)
[12:35:25][RES]   headers: {"server": "nginx", "date": "Tue, 11 Aug 2026 10:35:26 GMT", "content-type": "application/json", "x-local-host": "wwwbma4", "x-bma-server": "wwwbma4", "x-user-id": "", "x-allowasyncrequests": "1", "ac
[12:35:25][RES]   body size: 298 bytes, saved to sources/
[12:35:25][REQ] POST moumi.com/mwebapi.phtml?SERVER_SUBMIT_EMAIL (type=XHR)
[12:35:25][REQ]   headers: {"Accept": "*/*", "Content-Type": "application/json", "Cookie": "dnsDisplayed=undefined; ccpaApplies=false; signedLspa=undefined; _sp_su=false; euconsent-v2=CQox_wAQox_wAAGABCENCrFgAP_gAABAAAYgF5wBgAF
[12:35:25][REQ]   body: <base64> {"$gpb":"moumi.bma.MoumiMessage","body":[{"message_type":694,"server_submit_email":{"screen_context"
[12:35:25][RES] 200 moumi-api.arkoselabs.com/metrics/ui (type=XHR)
[12:35:25][RES]   headers: {"content-type": "text/plain;charset=UTF-8", "content-length": "3", "server": "cloudfront", "date": "Tue, 11 Aug 2026 10:35:26 GMT", "access-control-allow-origin": "*", "x-cache": "Miss from cloudfron
[12:35:25][RES]   body size: 3 bytes, saved to sources/
[12:35:25][RES] 200 moumi.com/mwebapi.phtml (type=XHR)
[12:35:25][RES]   headers: {"server": "nginx", "date": "Tue, 11 Aug 2026 10:35:26 GMT", "content-type": "application/json", "x-local-host": "wwwbma5", "x-bma-server": "wwwbma5", "x-user-id": "", "x-allowasyncrequests": "1", "ac
[12:35:25][RES]   body size: 1952 bytes, saved to sources/
[12:35:25][REQ] GET eu1.ecdn2.moumicdn.com/i/v2/-/mobileweb/webdist/js/es5/phone-confirmation-story.9c10d89013ffdf7e0f20.js? (type=Script)
[12:35:25][REQ]   headers: {"Accept": "*/*", "Origin": "https://moumi.com", "Referer": "https://moumi.com/", "User-Agent": "Mozilla/5.0 (Windows NT 10.0; Win64; x64) AppleWebKit/537.36 (KHTML, like Gecko) Chrome/151.0.0.0 Safar
[12:35:25][RES] 200 eu1.ecdn2.moumicdn.com/i/v2/-/mobileweb/webdist/js/es5/phone-confirmation-story.9c10d89013ffdf7e0f20.js (type=Script)
[12:35:25][RES]   headers: {"server": "nginx", "content-type": "application/x-javascript", "last-modified": "Fri, 24 Jul 2026 13:47:22 GMT", "content-encoding": "gzip", "expires": "Sat, 24 Jul 2027 13:50:29 GMT", "cache-control
[12:35:25][RES]   body size: 29897 bytes, saved to sources/
[12:35:25][REQ] POST moumi.com/mwebapi.phtml?SERVER_APP_STATS (type=XHR)
[12:35:25][REQ]   headers: {"Accept": "*/*", "Content-Type": "application/json", "Cookie": "dnsDisplayed=undefined; ccpaApplies=false; signedLspa=undefined; _sp_su=false; euconsent-v2=CQox_wAQox_wAAGABCENCrFgAP_gAABAAAYgF5wBgAF
[12:35:25][REQ]   body: <base64> {"$gpb":"moumi.bma.MoumiMessage","body":[{"message_type":278,"server_app_stats":{"screen_stats":{"ev
[12:35:25][REQ] POST moumi.com/mwebapi.phtml?SERVER_APP_STATS (type=XHR)
[12:35:25][REQ]   headers: {"Accept": "*/*", "Content-Type": "application/json", "Cookie": "dnsDisplayed=undefined; ccpaApplies=false; signedLspa=undefined; _sp_su=false; euconsent-v2=CQox_wAQox_wAAGABCENCrFgAP_gAABAAAYgF5wBgAF
[12:35:25][REQ]   body: <base64> {"$gpb":"moumi.bma.MoumiMessage","body":[{"message_type":278,"server_app_stats":{"screen_stats":{"ev
[12:35:25][RES] 200 moumi.com/mwebapi.phtml (type=XHR)
[12:35:25][RES]   headers: {"server": "nginx", "date": "Tue, 11 Aug 2026 10:35:26 GMT", "content-type": "application/json", "x-local-host": "wwwbma33", "x-bma-server": "wwwbma33", "x-user-id": "", "x-allowasyncrequests": "1", "
[12:35:25][RES]   body size: 194 bytes, saved to sources/
[12:35:25][RES] 200 moumi.com/mwebapi.phtml (type=XHR)
[12:35:25][RES]   headers: {"server": "nginx", "date": "Tue, 11 Aug 2026 10:35:26 GMT", "content-type": "application/json", "x-local-host": "wwwbma1", "x-bma-server": "wwwbma1", "x-user-id": "", "x-allowasyncrequests": "1", "ac
[12:35:25][RES]   body size: 193 bytes, saved to sources/
[12:35:25][RES] 200 moumi-api.arkoselabs.com/metrics/ui (type=XHR)
[12:35:25][RES]   headers: {"content-type": "text/plain;charset=UTF-8", "content-length": "3", "server": "cloudfront", "date": "Tue, 11 Aug 2026 10:35:26 GMT", "access-control-allow-origin": "*", "x-cache": "Miss from cloudfron
[12:35:25][RES]   body size: 3 bytes, saved to sources/
[12:35:26][REQ] POST region1.analytics.google.com/g/collect?v=2&tid=G-1MSEYK9Z8R&gtm=45je6871v884411251z886036 (type=XHR)
[12:35:26][REQ]   headers: {"Accept": "*/*", "Content-Type": "text/plain;charset=UTF-8", "Origin": "https://moumi.com", "Referer": "https://moumi.com/", "User-Agent": "Mozilla/5.0 (Windows NT 10.0; Win64; x64) AppleWebKit/537.3
[12:35:26][REQ]   body: <base64> en=page_view&_et=48769

en=page_view&_et=3
[12:35:26][RES] 204 region1.analytics.google.com/g/collect (type=XHR)
[12:35:26][RES]   headers: {"access-control-allow-origin": "https://moumi.com", "date": "Tue, 11 Aug 2026 10:35:27 GMT", "pragma": "no-cache", "expires": "Fri, 01 Jan 1990 00:00:00 GMT", "cache-control": "no-cache, no-store, mu
[12:35:26][RES]   body size: 0 bytes, saved to sources/
[12:35:30][REQ] POST eu1.moumi.com/hotpanel/hotpanel2.phtml?version=2.0 (type=Ping)
[12:35:30][REQ]   headers: {"Accept": "*/*", "Content-Type": "text/plain;charset=UTF-8", "Cookie": "dnsDisplayed=undefined; ccpaApplies=false; signedLspa=undefined; _sp_su=false; euconsent-v2=CQox_wAQox_wAAGABCENCrFgAP_gAABAAAY
[12:35:30][REQ]   body: <base64> {"application":{"brand":2,"layout":3,"platform":2,"app_version":"6.2877.0","is_premium":false},"devi
[12:35:31][REQ] POST region1.analytics.google.com/g/collect?v=2&tid=G-1MSEYK9Z8R&gtm=45je6871v884411251za20gzb (type=XHR)
[12:35:31][REQ]   headers: {"Accept": "*/*", "Origin": "https://moumi.com", "Referer": "https://moumi.com/", "User-Agent": "Mozilla/5.0 (Windows NT 10.0; Win64; x64) AppleWebKit/537.36 (KHTML, like Gecko) Chrome/151.0.0.0 Safar
[12:35:31][RES] 204 region1.analytics.google.com/g/collect (type=XHR)
[12:35:31][RES]   headers: {"access-control-allow-origin": "https://moumi.com", "date": "Tue, 11 Aug 2026 10:35:32 GMT", "pragma": "no-cache", "expires": "Fri, 01 Jan 1990 00:00:00 GMT", "cache-control": "no-cache, no-store, mu
[12:35:31][RES]   body size: 0 bytes, saved to sources/
[12:35:43][REQ] POST moumi.com/mwebapi.phtml?SERVER_APP_STATS (type=XHR)
[12:35:43][REQ]   headers: {"Accept": "*/*", "Content-Type": "application/json", "Cookie": "dnsDisplayed=undefined; ccpaApplies=false; signedLspa=undefined; _sp_su=false; euconsent-v2=CQox_wAQox_wAAGABCENCrFgAP_gAABAAAYgF5wBgAF
[12:35:43][REQ]   body: <base64> {"$gpb":"moumi.bma.MoumiMessage","body":[{"message_type":278,"server_app_stats":{"screen_stats":{"ev
[12:35:43][REQ] POST moumi.com/mwebapi.phtml?SERVER_CHECK_VERIFICATION_PIN (type=XHR)
[12:35:43][REQ]   headers: {"Accept": "*/*", "Content-Type": "application/json", "Cookie": "dnsDisplayed=undefined; ccpaApplies=false; signedLspa=undefined; _sp_su=false; euconsent-v2=CQox_wAQox_wAAGABCENCrFgAP_gAABAAAYgF5wBgAF
[12:35:43][REQ]   body: <base64> {"$gpb":"moumi.bma.MoumiMessage","body":[{"message_type":968,"server_check_verification_pin":{"scree
[12:35:43][REQ] POST www.facebook.com/tr/? (type=Document)
[12:35:43][REQ]   headers: {"Accept": "text/html,application/xhtml+xml,application/xml;q=0.9,image/avif,image/webp,image/apng,*/*;q=0.8,application/signed-exchange;v=b3;q=0.7", "Content-Type": "application/x-www-form-urlencoded
[12:35:43][REQ]   body: <base64> id=1359524264116659&ev=SubscribedButtonClick&dl=https%3A%2F%2Fmoumi.com%2Fenter-pin&rl=&if=false&ts=
[12:35:43][RES] 200 moumi.com/mwebapi.phtml (type=XHR)
[12:35:43][RES]   headers: {"server": "nginx", "date": "Tue, 11 Aug 2026 10:35:44 GMT", "content-type": "application/json", "x-local-host": "wwwbma3", "x-bma-server": "wwwbma3", "x-user-id": "", "x-allowasyncrequests": "1", "ac
[12:35:43][RES]   body size: 194 bytes, saved to sources/
[12:35:43][RES] 200 moumi.com/mwebapi.phtml (type=XHR)
[12:35:43][RES]   headers: {"server": "nginx", "date": "Tue, 11 Aug 2026 10:35:44 GMT", "content-type": "application/json", "x-local-host": "wwwbma2", "x-bma-server": "wwwbma2", "x-user-id": "", "x-allowasyncrequests": "1", "ac
[12:35:43][RES]   body size: 417 bytes, saved to sources/
[12:35:43][REQ] POST region1.analytics.google.com/g/collect?v=2&tid=G-1MSEYK9Z8R&gtm=45je6871v884411251z886036 (type=XHR)
[12:35:43][REQ]   headers: {"Accept": "*/*", "Origin": "https://moumi.com", "Referer": "https://moumi.com/", "User-Agent": "Mozilla/5.0 (Windows NT 10.0; Win64; x64) AppleWebKit/537.36 (KHTML, like Gecko) Chrome/151.0.0.0 Safar
[12:35:43][REQ] GET eu1.ecdn2.moumicdn.com/i/v2/-/mobileweb/webdist/js/es5/3669.afed2e6860d19c45dd6b.js? (type=Script)
[12:35:43][REQ]   headers: {"Accept": "*/*", "Origin": "https://moumi.com", "Referer": "https://moumi.com/", "User-Agent": "Mozilla/5.0 (Windows NT 10.0; Win64; x64) AppleWebKit/537.36 (KHTML, like Gecko) Chrome/151.0.0.0 Safar
[12:35:43][REQ] GET eu1.ecdn2.moumicdn.com/i/v2/-/mobileweb/webdist/js/es5/1706.bc5cb0f40ed9b602192e.js? (type=Script)
[12:35:43][REQ]   headers: {"Accept": "*/*", "Origin": "https://moumi.com", "Referer": "https://moumi.com/", "User-Agent": "Mozilla/5.0 (Windows NT 10.0; Win64; x64) AppleWebKit/537.36 (KHTML, like Gecko) Chrome/151.0.0.0 Safar
[12:35:43][REQ] GET eu1.ecdn2.moumicdn.com/i/v2/-/mobileweb/webdist/js/es5/7929.f1946f88691f4f6a0c38.js? (type=Script)
[12:35:43][REQ]   headers: {"Accept": "*/*", "Origin": "https://moumi.com", "Referer": "https://moumi.com/", "User-Agent": "Mozilla/5.0 (Windows NT 10.0; Win64; x64) AppleWebKit/537.36 (KHTML, like Gecko) Chrome/151.0.0.0 Safar
[12:35:43][REQ] GET eu1.ecdn2.moumicdn.com/i/v2/-/mobileweb/webdist/js/es5/345.916e55e9821d65d8aa88.js? (type=Script)
[12:35:43][REQ]   headers: {"Accept": "*/*", "Origin": "https://moumi.com", "Referer": "https://moumi.com/", "User-Agent": "Mozilla/5.0 (Windows NT 10.0; Win64; x64) AppleWebKit/537.36 (KHTML, like Gecko) Chrome/151.0.0.0 Safar
[12:35:43][REQ] GET eu1.ecdn2.moumicdn.com/i/v2/-/mobileweb/webdist/js/es5/6531.95c377a6ddfc714b0225.js? (type=Script)
[12:35:43][REQ]   headers: {"Accept": "*/*", "Origin": "https://moumi.com", "Referer": "https://moumi.com/", "User-Agent": "Mozilla/5.0 (Windows NT 10.0; Win64; x64) AppleWebKit/537.36 (KHTML, like Gecko) Chrome/151.0.0.0 Safar
[12:35:43][REQ] GET eu1.ecdn2.moumicdn.com/i/v2/-/mobileweb/webdist/js/es5/1354.b509c8c19342d6975c64.js? (type=Script)
[12:35:43][REQ]   headers: {"Accept": "*/*", "Origin": "https://moumi.com", "Referer": "https://moumi.com/", "User-Agent": "Mozilla/5.0 (Windows NT 10.0; Win64; x64) AppleWebKit/537.36 (KHTML, like Gecko) Chrome/151.0.0.0 Safar
[12:35:43][REQ] GET eu1.ecdn2.moumicdn.com/i/v2/-/mobileweb/webdist/js/es5/349.ff71038f29f59903133a.js? (type=Script)
[12:35:43][REQ]   headers: {"Accept": "*/*", "Origin": "https://moumi.com", "Referer": "https://moumi.com/", "User-Agent": "Mozilla/5.0 (Windows NT 10.0; Win64; x64) AppleWebKit/537.36 (KHTML, like Gecko) Chrome/151.0.0.0 Safar
[12:35:43][REQ] GET eu1.ecdn2.moumicdn.com/i/v2/-/mobileweb/webdist/js/es5/4000.7f86f2f880180f9722a9.js? (type=Script)
[12:35:43][REQ]   headers: {"Accept": "*/*", "Origin": "https://moumi.com", "Referer": "https://moumi.com/", "User-Agent": "Mozilla/5.0 (Windows NT 10.0; Win64; x64) AppleWebKit/537.36 (KHTML, like Gecko) Chrome/151.0.0.0 Safar
[12:35:43][REQ] GET eu1.ecdn2.moumicdn.com/i/v2/-/mobileweb/webdist/js/es5/8060.6ebd53ebd9b878dbfa6b.js? (type=Script)
[12:35:43][REQ]   headers: {"Accept": "*/*", "Origin": "https://moumi.com", "Referer": "https://moumi.com/", "User-Agent": "Mozilla/5.0 (Windows NT 10.0; Win64; x64) AppleWebKit/537.36 (KHTML, like Gecko) Chrome/151.0.0.0 Safar
[12:35:43][REQ] GET eu1.ecdn2.moumicdn.com/i/v2/-/mobileweb/webdist/js/es5/4251.dee29e18e4397ddc9496.js? (type=Script)
[12:35:43][REQ]   headers: {"Accept": "*/*", "Origin": "https://moumi.com", "Referer": "https://moumi.com/", "User-Agent": "Mozilla/5.0 (Windows NT 10.0; Win64; x64) AppleWebKit/537.36 (KHTML, like Gecko) Chrome/151.0.0.0 Safar
[12:35:43][REQ] GET eu1.ecdn2.moumicdn.com/i/v2/-/mobileweb/webdist/js/es5/8497.1860b38553880cc68697.js? (type=Script)
[12:35:43][REQ]   headers: {"Accept": "*/*", "Origin": "https://moumi.com", "Referer": "https://moumi.com/", "User-Agent": "Mozilla/5.0 (Windows NT 10.0; Win64; x64) AppleWebKit/537.36 (KHTML, like Gecko) Chrome/151.0.0.0 Safar
[12:35:43][REQ] GET eu1.ecdn2.moumicdn.com/i/v2/-/mobileweb/webdist/js/es5/pages.3925df7609e2f2405c31.js? (type=Script)
[12:35:43][REQ]   headers: {"Accept": "*/*", "Origin": "https://moumi.com", "Referer": "https://moumi.com/", "User-Agent": "Mozilla/5.0 (Windows NT 10.0; Win64; x64) AppleWebKit/537.36 (KHTML, like Gecko) Chrome/151.0.0.0 Safar
[12:35:43][REQ] GET www.google.de/ads/ga-audiences?v=1&t=sr&slf_rd=1&_r=4&tid=G-1MSEYK9Z8R&cid=183816 (type=Image)
[12:35:43][REQ]   headers: {"Accept": "image/avif,image/webp,image/apng,image/svg+xml,image/*,*/*;q=0.8", "Referer": "https://moumi.com/", "User-Agent": "Mozilla/5.0 (Windows NT 10.0; Win64; x64) AppleWebKit/537.36 (KHTML, like
[12:35:43][RES] 200 eu1.ecdn2.moumicdn.com/i/v2/-/mobileweb/webdist/js/es5/3669.afed2e6860d19c45dd6b.js (type=Script)
[12:35:43][RES]   headers: {"server": "nginx", "content-type": "application/x-javascript", "last-modified": "Thu, 14 May 2026 10:05:18 GMT", "content-encoding": "gzip", "expires": "Sat, 22 May 2027 03:17:30 GMT", "cache-control
[12:35:43][RES]   body size: 11742 bytes, saved to sources/
[12:35:43][RES] 204 region1.analytics.google.com/g/collect (type=XHR)
[12:35:43][RES]   headers: {"access-control-allow-origin": "https://moumi.com", "date": "Tue, 11 Aug 2026 10:35:44 GMT", "pragma": "no-cache", "expires": "Fri, 01 Jan 1990 00:00:00 GMT", "cache-control": "no-cache, no-store, mu
[12:35:43][RES]   body size: 0 bytes, saved to sources/
[12:35:43][RES] 200 eu1.ecdn2.moumicdn.com/i/v2/-/mobileweb/webdist/js/es5/1706.bc5cb0f40ed9b602192e.js (type=Script)
[12:35:43][RES]   headers: {"server": "nginx", "content-type": "application/x-javascript", "last-modified": "Thu, 14 May 2026 10:05:18 GMT", "content-encoding": "gzip", "expires": "Wed, 26 May 2027 09:12:54 GMT", "cache-control
[12:35:43][RES]   body size: 60917 bytes, saved to sources/
[12:35:43][RES] 200 eu1.ecdn2.moumicdn.com/i/v2/-/mobileweb/webdist/js/es5/7929.f1946f88691f4f6a0c38.js (type=Script)
[12:35:43][RES]   headers: {"server": "nginx", "content-type": "application/x-javascript", "last-modified": "Thu, 14 May 2026 10:05:18 GMT", "content-encoding": "gzip", "expires": "Wed, 09 Jun 2027 07:20:39 GMT", "cache-control
[12:35:43][RES]   body size: 35126 bytes, saved to sources/
[12:35:43][RES] 200 eu1.ecdn2.moumicdn.com/i/v2/-/mobileweb/webdist/js/es5/345.916e55e9821d65d8aa88.js (type=Script)
[12:35:43][RES]   headers: {"server": "nginx", "content-type": "application/x-javascript", "last-modified": "Thu, 14 May 2026 10:05:18 GMT", "content-encoding": "gzip", "expires": "Wed, 26 May 2027 23:44:07 GMT", "cache-control
[12:35:43][RES]   body size: 125296 bytes, saved to sources/
[12:35:43][RES] 200 eu1.ecdn2.moumicdn.com/i/v2/-/mobileweb/webdist/js/es5/6531.95c377a6ddfc714b0225.js (type=Script)
[12:35:43][RES]   headers: {"server": "nginx", "content-type": "application/x-javascript", "last-modified": "Fri, 24 Jul 2026 13:47:22 GMT", "content-encoding": "gzip", "expires": "Sat, 24 Jul 2027 13:50:14 GMT", "cache-control
[12:35:43][RES]   body size: 18577 bytes, saved to sources/
[12:35:43][RES] 200 eu1.ecdn2.moumicdn.com/i/v2/-/mobileweb/webdist/js/es5/1354.b509c8c19342d6975c64.js (type=Script)
[12:35:43][RES]   headers: {"server": "nginx", "content-type": "application/x-javascript", "last-modified": "Fri, 24 Jul 2026 13:47:22 GMT", "content-encoding": "gzip", "expires": "Sat, 24 Jul 2027 13:50:14 GMT", "cache-control
[12:35:43][RES]   body size: 205460 bytes, saved to sources/
[12:35:43][RES] 200 eu1.ecdn2.moumicdn.com/i/v2/-/mobileweb/webdist/js/es5/349.ff71038f29f59903133a.js (type=Script)
[12:35:43][RES]   headers: {"server": "nginx", "content-type": "application/x-javascript", "last-modified": "Fri, 24 Jul 2026 13:47:22 GMT", "content-encoding": "gzip", "expires": "Sat, 24 Jul 2027 13:50:14 GMT", "cache-control
[12:35:43][RES]   body size: 15497 bytes, saved to sources/
[12:35:43][RES] 200 eu1.ecdn2.moumicdn.com/i/v2/-/mobileweb/webdist/js/es5/8497.1860b38553880cc68697.js (type=Script)
[12:35:43][RES]   headers: {"server": "nginx", "content-type": "application/x-javascript", "last-modified": "Fri, 24 Jul 2026 13:47:22 GMT", "content-encoding": "gzip", "expires": "Sat, 24 Jul 2027 13:50:17 GMT", "cache-control
[12:35:43][RES]   body size: 24158 bytes, saved to sources/
[12:35:43][RES] 200 eu1.ecdn2.moumicdn.com/i/v2/-/mobileweb/webdist/js/es5/pages.3925df7609e2f2405c31.js (type=Script)
[12:35:43][RES]   headers: {"server": "nginx", "content-type": "application/x-javascript", "last-modified": "Fri, 24 Jul 2026 14:37:54 GMT", "content-encoding": "gzip", "expires": "Sat, 24 Jul 2027 14:39:45 GMT", "cache-control
[12:35:43][RES]   body size: 908333 bytes, saved to sources/
[12:35:43][RES] 200 eu1.ecdn2.moumicdn.com/i/v2/-/mobileweb/webdist/js/es5/4000.7f86f2f880180f9722a9.js (type=Script)
[12:35:43][RES]   headers: {"server": "nginx", "content-type": "application/x-javascript", "last-modified": "Fri, 24 Jul 2026 13:47:22 GMT", "content-encoding": "gzip", "expires": "Sat, 24 Jul 2027 13:50:14 GMT", "cache-control
[12:35:43][RES]   body size: 22832 bytes, saved to sources/
[12:35:43][RES] 200 eu1.ecdn2.moumicdn.com/i/v2/-/mobileweb/webdist/js/es5/4251.dee29e18e4397ddc9496.js (type=Script)
[12:35:43][RES]   headers: {"server": "nginx", "content-type": "application/x-javascript", "last-modified": "Fri, 24 Jul 2026 13:47:22 GMT", "content-encoding": "gzip", "expires": "Sat, 24 Jul 2027 13:50:14 GMT", "cache-control
[12:35:43][RES]   body size: 47620 bytes, saved to sources/
[12:35:43][RES] 200 eu1.ecdn2.moumicdn.com/i/v2/-/mobileweb/webdist/js/es5/8060.6ebd53ebd9b878dbfa6b.js (type=Script)
[12:35:43][RES]   headers: {"server": "nginx", "content-type": "application/x-javascript", "last-modified": "Fri, 24 Jul 2026 13:47:22 GMT", "content-encoding": "gzip", "expires": "Sat, 24 Jul 2027 13:50:17 GMT", "cache-control
[12:35:43][RES]   body size: 93765 bytes, saved to sources/
[12:35:43][REQ] POST eu1.moumi.com/hotpanel/hotpanel2.phtml?version=2.0 (type=Ping)
[12:35:43][REQ]   headers: {"Accept": "*/*", "Content-Type": "text/plain;charset=UTF-8", "Cookie": "dnsDisplayed=undefined; ccpaApplies=false; signedLspa=undefined; _sp_su=false; euconsent-v2=CQox_wAQox_wAAGABCENCrFgAP_gAABAAAY
[12:35:43][REQ]   body: <base64> {"application":{"brand":2,"layout":3,"platform":2,"app_version":"6.2877.0","is_premium":false},"devi
[12:35:43][REQ] POST moumi.com/mwebapi.phtml?SERVER_GET_CAPTCHA (type=XHR)
[12:35:43][REQ]   headers: {"Accept": "*/*", "Content-Type": "application/json", "Cookie": "dnsDisplayed=undefined; ccpaApplies=false; signedLspa=undefined; _sp_su=false; euconsent-v2=CQox_wAQox_wAAGABCENCrFgAP_gAABAAAYgF5wBgAF
[12:35:43][REQ]   body: <base64> {"$gpb":"moumi.bma.MoumiMessage","body":[{"message_type":340,"server_get_captcha":{"uid":"captcha_2"
[12:35:43][RES] 200 moumi.com/mwebapi.phtml (type=XHR)
[12:35:43][RES]   headers: {"server": "nginx", "date": "Tue, 11 Aug 2026 10:35:44 GMT", "content-type": "application/json", "x-local-host": "wwwbma5", "x-bma-server": "wwwbma5", "x-user-id": "", "x-allowasyncrequests": "1", "ac
[12:35:43][RES]   body size: 614 bytes, saved to sources/
[12:35:43][REQ] GET eu1.moumi.com/hidden?euri=dKmRNHpCnBSiNDwN774YvjTyHjunLKwi3BzYCdi-tcVww (type=Image)
[12:35:43][REQ]   headers: {"Accept": "image/avif,image/webp,image/apng,image/svg+xml,image/*,*/*;q=0.8", "Cookie": "dnsDisplayed=undefined; ccpaApplies=false; signedLspa=undefined; _sp_su=false; euconsent-v2=CQox_wAQox_wAAGABC
[12:35:53][LIVE] Still recording...
[12:35:53][REQ] POST moumi.com/mwebapi.phtml?SERVER_CAPTCHA_ATTEMPT (type=XHR)
[12:35:53][REQ]   headers: {"Accept": "*/*", "Content-Type": "application/json", "Cookie": "dnsDisplayed=undefined; ccpaApplies=false; signedLspa=undefined; _sp_su=false; euconsent-v2=CQox_wAQox_wAAGABCENCrFgAP_gAABAAAYgF5wBgAF
[12:35:53][REQ]   body: <base64> {"$gpb":"moumi.bma.MoumiMessage","body":[{"message_type":342,"server_captcha_attempt":{"uid":"captch
[12:35:53][SRC] cookies + storage saved
[12:35:53][REQ] POST www.facebook.com/tr/? (type=Document)
[12:35:53][REQ]   headers: {"Accept": "text/html,application/xhtml+xml,application/xml;q=0.9,image/avif,image/webp,image/apng,*/*;q=0.8,application/signed-exchange;v=b3;q=0.7", "Content-Type": "application/x-www-form-urlencoded
[12:35:53][REQ]   body: ��w��v�n��^��ׯJ��r��y�n��'
X���a��l�
��V�v��m�z{^����X�}�lz�5�θ�y߭y�ږǜw�[��h�W���޳��m���,.+-�m��g,����'��&������zf��')�)��/��k��h��r�)�u�ں[~rɬn�m�y�v+��;-��!i�^�����h�m�m�z�b��b�}��
���i�p6a[i�(r����z�b�m�m�wm�m��`��)���+�m�m��`��)�z���ݶ�
�
�ߊ���`��{�
�t�����m��`��֠�m��f��'�m��kr����
����ݶ�-�����m��m��-���n{m�m�۰�w�[��h�7���¢w�g��a^j۫z�C���h��m��m��-�����m��m��-���6�p6ٻ����۰��v�'v�p6�Ʃ��Z�m��iڙ���
�q�mr��`��֠�m��h���v�`��)������
���m�n��7�Z��^j۫z�C���+e{m�m�z�~�����w�
�b�
[12:35:53][RES] 200 moumi.com/mwebapi.phtml (type=XHR)
[12:35:53][RES]   headers: {"server": "nginx", "date": "Tue, 11 Aug 2026 10:35:54 GMT", "content-type": "application/json", "x-local-host": "wwwbma2", "x-bma-server": "wwwbma2", "x-user-id": "", "x-allowasyncrequests": "1", "ac
[12:35:53][RES]   body size: 294 bytes, saved to sources/
[12:35:53][REQ] POST moumi.com/mwebapi.phtml?SERVER_APP_STATS (type=XHR)
[12:35:53][REQ]   headers: {"Accept": "*/*", "Content-Type": "application/json", "Cookie": "dnsDisplayed=undefined; ccpaApplies=false; signedLspa=undefined; _sp_su=false; euconsent-v2=CQox_wAQox_wAAGABCENCrFgAP_gAABAAAYgF5wBgAF
[12:35:53][REQ]   body: <base64> {"$gpb":"moumi.bma.MoumiMessage","body":[{"message_type":278,"server_app_stats":{"screen_stats":{"ev
[12:35:53][RES] 200 moumi.com/mwebapi.phtml (type=XHR)
[12:35:53][RES]   headers: {"server": "nginx", "date": "Tue, 11 Aug 2026 10:35:54 GMT", "content-type": "application/json", "x-local-host": "wwwbma13", "x-bma-server": "wwwbma13", "x-user-id": "", "x-allowasyncrequests": "1", "
[12:35:53][RES]   body size: 194 bytes, saved to sources/
[12:35:55][REQ] POST moumi.com/mwebapi.phtml?SERVER_APP_STATS (type=XHR)
[12:35:55][REQ]   headers: {"Accept": "*/*", "Content-Type": "application/json", "Cookie": "dnsDisplayed=undefined; ccpaApplies=false; signedLspa=undefined; _sp_su=false; euconsent-v2=CQox_wAQox_wAAGABCENCrFgAP_gAABAAAYgF5wBgAF
[12:35:55][REQ]   body: <base64> {"$gpb":"moumi.bma.MoumiMessage","body":[{"message_type":278,"server_app_stats":{"screen_stats":{"ev
[12:35:55][REQ] POST moumi.com/mwebapi.phtml?SERVER_CHECK_VERIFICATION_PIN (type=XHR)
[12:35:55][REQ]   headers: {"Accept": "*/*", "Content-Type": "application/json", "Cookie": "dnsDisplayed=undefined; ccpaApplies=false; signedLspa=undefined; _sp_su=false; euconsent-v2=CQox_wAQox_wAAGABCENCrFgAP_gAABAAAYgF5wBgAF
[12:35:55][REQ]   body: <base64> {"$gpb":"moumi.bma.MoumiMessage","body":[{"message_type":968,"server_check_verification_pin":{"scree
[12:35:55][REQ] POST www.facebook.com/tr/? (type=Document)
[12:35:55][REQ]   headers: {"Accept": "text/html,application/xhtml+xml,application/xml;q=0.9,image/avif,image/webp,image/apng,*/*;q=0.8,application/signed-exchange;v=b3;q=0.7", "Content-Type": "application/x-www-form-urlencoded
[12:35:55][REQ]   body: <base64> id=1359524264116659&ev=SubscribedButtonClick&dl=https%3A%2F%2Fmoumi.com%2Fenter-pin&rl=&if=false&ts=
[12:35:55][RES] 200 moumi.com/mwebapi.phtml (type=XHR)
[12:35:55][RES]   headers: {"server": "nginx", "date": "Tue, 11 Aug 2026 10:35:56 GMT", "content-type": "application/json", "x-local-host": "wwwbma22", "x-bma-server": "wwwbma22", "x-user-id": "", "x-allowasyncrequests": "1", "
[12:35:55][RES]   body size: 194 bytes, saved to sources/
[12:35:57][RES] 200 moumi.com/mwebapi.phtml (type=XHR)
[12:35:57][RES]   headers: {"server": "nginx", "date": "Tue, 11 Aug 2026 10:35:57 GMT", "content-type": "application/json", "x-local-host": "wwwbma2", "x-bma-server": "wwwbma2", "x-user-id": "zAhMACjIzODAyNTM0MzQAIEkFh8ogbiXYOS
[12:35:57][RES]   body size: 48532 bytes, saved to sources/
[12:35:57][REQ] POST moumi.com/mwebapi.phtml?SERVER_GET_RESOURCES (type=XHR)
[12:35:57][REQ]   headers: {"Accept": "*/*", "Content-Type": "application/json", "Cookie": "dnsDisplayed=undefined; ccpaApplies=false; signedLspa=undefined; _sp_su=false; euconsent-v2=CQox_wAQox_wAAGABCENCrFgAP_gAABAAAYgF5wBgAF
[12:35:57][REQ]   body: <base64> {"$gpb":"moumi.bma.MoumiMessage","body":[{"message_type":667,"server_get_resources":{"requests":[{"r
[12:35:57][REQ] POST moumi.com/mwebapi.phtml?SERVER_CHECK_BALANCE (type=XHR)
[12:35:57][REQ]   headers: {"Accept": "*/*", "Content-Type": "application/json", "Cookie": "dnsDisplayed=undefined; ccpaApplies=false; signedLspa=undefined; _sp_su=false; euconsent-v2=CQox_wAQox_wAAGABCENCrFgAP_gAABAAAYgF5wBgAF
[12:35:57][REQ]   body: <base64> {"$gpb":"moumi.bma.MoumiMessage","body":[{"message_type":573,"server_check_balance":{"types":[12,2,1
[12:35:57][REQ] POST moumi.com/mwebapi.phtml?SERVER_GET_PROMO_BLOCKS (type=XHR)
[12:35:57][REQ]   headers: {"Accept": "*/*", "Content-Type": "application/json", "Cookie": "dnsDisplayed=undefined; ccpaApplies=false; signedLspa=undefined; _sp_su=false; euconsent-v2=CQox_wAQox_wAAGABCENCrFgAP_gAABAAAYgF5wBgAF
[12:35:57][REQ]   body: <base64> {"$gpb":"moumi.bma.MoumiMessage","body":[{"message_type":583,"server_get_promo_blocks":{"requested_p
[12:35:57][REQ] GET eu1.ecdn2.moumicdn.com/i/v2/-/mobileweb/webdist/js/es5/add-passkey-story.f6ed0f23f7a817e2a011.js? (type=Script)
[12:35:57][REQ]   headers: {"Accept": "*/*", "Origin": "https://moumi.com", "Referer": "https://moumi.com/", "User-Agent": "Mozilla/5.0 (Windows NT 10.0; Win64; x64) AppleWebKit/537.36 (KHTML, like Gecko) Chrome/151.0.0.0 Safar
[12:35:57][REQ] POST moumi.com/mwebapi.phtml?SERVER_REQUEST_PERSON_NOTICE (type=XHR)
[12:35:57][REQ]   headers: {"Accept": "*/*", "Content-Type": "application/json", "Cookie": "dnsDisplayed=undefined; ccpaApplies=false; signedLspa=undefined; _sp_su=false; euconsent-v2=CQox_wAQox_wAAGABCENCrFgAP_gAABAAAYgF5wBgAF
[12:35:57][REQ]   body: <base64> {"$gpb":"moumi.bma.MoumiMessage","body":[{"message_type":157,"folder_request":{"folder_id":[8,0,6,4,
[12:35:57][REQ] POST moumi.com/mwebapi.phtml?SERVER_SYNC_INSTANT_PAYWALLS (type=XHR)
[12:35:57][REQ]   headers: {"Accept": "*/*", "Content-Type": "application/json", "Cookie": "dnsDisplayed=undefined; ccpaApplies=false; signedLspa=undefined; _sp_su=false; euconsent-v2=CQox_wAQox_wAAGABCENCrFgAP_gAABAAAYgF5wBgAF
[12:35:57][REQ]   body: <base64> {"$gpb":"moumi.bma.MoumiMessage","body":[{"message_type":749,"server_sync_instant_paywalls":{"cached
[12:35:57][REQ] POST moumi.com/mwebapi.phtml?SERVER_REQUEST_PERSON_NOTICE (type=XHR)
[12:35:57][REQ]   headers: {"Accept": "*/*", "Content-Type": "application/json", "Cookie": "dnsDisplayed=undefined; ccpaApplies=false; signedLspa=undefined; _sp_su=false; euconsent-v2=CQox_wAQox_wAAGABCENCrFgAP_gAABAAAYgF5wBgAF
[12:35:57][REQ]   body: <base64> {"$gpb":"moumi.bma.MoumiMessage","body":[{"message_type":157,"folder_request":{"folder_id":[8,0,6,4,
[12:35:57][RES] 200 eu1.ecdn2.moumicdn.com/i/v2/-/mobileweb/webdist/js/es5/add-passkey-story.f6ed0f23f7a817e2a011.js (type=Script)
[12:35:57][RES]   headers: {"server": "nginx", "content-type": "application/x-javascript", "last-modified": "Fri, 24 Jul 2026 13:47:22 GMT", "content-encoding": "gzip", "expires": "Sat, 24 Jul 2027 13:50:26 GMT", "cache-control
[12:35:57][RES]   body size: 18923 bytes, saved to sources/
[12:35:57][REQ] POST moumi.com/mwebapi.phtml?SERVER_APP_STATS (type=XHR)
[12:35:57][REQ]   headers: {"Accept": "*/*", "Content-Type": "application/json", "Cookie": "dnsDisplayed=undefined; ccpaApplies=false; signedLspa=undefined; _sp_su=false; euconsent-v2=CQox_wAQox_wAAGABCENCrFgAP_gAABAAAYgF5wBgAF
[12:35:57][REQ]   body: ���i�(nf�i�(1�,j��ܦz���r����ǫ��ڦ�-j�,r����Z�ǯz{v���zx�����jނ+-��b�{r��z����*'�����b�zނ+-��b�y��Ơz'v�g����*^ۿ/z�"�}b����
�w_j[
[12:35:57][REQ] POST moumi.com/mwebapi.phtml?SERVER_APP_STATS (type=XHR)
[12:35:57][REQ]   headers: {"Accept": "*/*", "Content-Type": "application/json", "Cookie": "dnsDisplayed=undefined; ccpaApplies=false; signedLspa=undefined; _sp_su=false; euconsent-v2=CQox_wAQox_wAAGABCENCrFgAP_gAABAAAYgF5wBgAF
[12:35:57][REQ]   body: ���i�(nf�i�(1�,j��ܦz���r����ǫ��ڦ�-j�,r����Z�ǯz{v���zx�����jނ+-��b�{r��z����*'�����b�zނ+-��b�y��Ơz'v�g����*^ۿ/z�"�}b����
�w_j[
[12:35:57][RES] 200 moumi.com/mwebapi.phtml (type=XHR)
[12:35:57][RES]   headers: {"server": "nginx", "date": "Tue, 11 Aug 2026 10:35:57 GMT", "content-type": "application/json", "x-local-host": "wwwbma4", "x-bma-server": "wwwbma4", "x-user-id": "zAhMACjIzODAyNTM0MzQAIEkFh8ogbiXYOS
[12:35:57][RES]   body size: 273 bytes, saved to sources/
[12:35:57][RES] 200 moumi.com/mwebapi.phtml (type=XHR)
[12:35:57][RES]   headers: {"server": "nginx", "date": "Tue, 11 Aug 2026 10:35:57 GMT", "content-type": "application/json", "x-local-host": "wwwbma20", "x-bma-server": "wwwbma20", "x-user-id": "zAhMACjIzODAyNTM0MzQAIEkFh8ogbiXY
[12:35:57][RES]   body size: 3165 bytes, saved to sources/
[12:35:57][RES] 200 moumi.com/mwebapi.phtml (type=XHR)
[12:35:57][RES]   headers: {"server": "nginx", "date": "Tue, 11 Aug 2026 10:35:57 GMT", "content-type": "application/json", "x-local-host": "wwwbma12", "x-bma-server": "wwwbma12", "x-user-id": "zAhMACjIzODAyNTM0MzQAIEkFh8ogbiXY
[12:35:57][RES]   body size: 1048 bytes, saved to sources/
[12:35:57][RES] 200 moumi.com/mwebapi.phtml (type=XHR)
[12:35:57][RES]   headers: {"server": "nginx", "date": "Tue, 11 Aug 2026 10:35:57 GMT", "content-type": "application/json", "x-local-host": "wwwbma35", "x-bma-server": "wwwbma35", "x-user-id": "zAhMACjIzODAyNTM0MzQAIEkFh8ogbiXY
[12:35:57][RES]   body size: 1048 bytes, saved to sources/
[12:35:57][RES] 200 moumi.com/mwebapi.phtml (type=XHR)
[12:35:57][RES]   headers: {"server": "nginx", "date": "Tue, 11 Aug 2026 10:35:57 GMT", "content-type": "application/json", "x-local-host": "wwwbma10", "x-bma-server": "wwwbma10", "x-user-id": "zAhMACjIzODAyNTM0MzQAIEkFh8ogbiXY
[12:35:57][RES]   body size: 495 bytes, saved to sources/
[12:35:57][RES] 200 moumi.com/mwebapi.phtml (type=XHR)
[12:35:57][RES]   headers: {"server": "nginx", "date": "Tue, 11 Aug 2026 10:35:57 GMT", "content-type": "application/json", "x-local-host": "wwwbma8", "x-bma-server": "wwwbma8", "x-user-id": "zAhMACjIzODAyNTM0MzQAIEkFh8ogbiXYOS
[12:35:57][RES]   body size: 194 bytes, saved to sources/
[12:35:57][RES] 200 moumi.com/mwebapi.phtml (type=XHR)
[12:35:57][RES]   headers: {"server": "nginx", "date": "Tue, 11 Aug 2026 10:35:57 GMT", "content-type": "application/json", "x-local-host": "wwwbma14", "x-bma-server": "wwwbma14", "x-user-id": "zAhMACjIzODAyNTM0MzQAIEkFh8ogbiXY
[12:35:57][RES]   body size: 194 bytes, saved to sources/
[12:35:57][RES] 200 moumi.com/mwebapi.phtml (type=XHR)
[12:35:57][RES]   headers: {"server": "nginx", "date": "Tue, 11 Aug 2026 10:35:58 GMT", "content-type": "application/json", "x-local-host": "wwwbma9", "x-bma-server": "wwwbma9", "x-user-id": "zAhMACjIzODAyNTM0MzQAIEkFh8ogbiXYOS
[12:35:57][RES]   body size: 97062 bytes, saved to sources/
[12:35:57][REQ] POST moumi.com/mwebapi.phtml?SERVER_GET_COMMON_SETTINGS (type=XHR)
[12:35:57][REQ]   headers: {"Accept": "*/*", "Content-Type": "application/json", "Cookie": "dnsDisplayed=undefined; ccpaApplies=false; signedLspa=undefined; _sp_su=false; euconsent-v2=CQox_wAQox_wAAGABCENCrFgAP_gAABAAAYgF5wBgAF
[12:35:57][REQ]   body: <base64> {"$gpb":"moumi.bma.MoumiMessage","body":[{"message_type":398}],"message_id":26,"message_type":398,"v
[12:35:57][REQ] POST moumi.com/mwebapi.phtml?SERVER_APP_STATS (type=XHR)
[12:35:57][REQ]   headers: {"Accept": "*/*", "Content-Type": "application/json", "Cookie": "dnsDisplayed=undefined; ccpaApplies=false; signedLspa=undefined; _sp_su=false; euconsent-v2=CQox_wAQox_wAAGABCENCrFgAP_gAABAAAYgF5wBgAF
[12:35:57][REQ]   body: ���i�(nf�i�(1�,j��ܦz���r����ǫ��ڦ�-j�"��Z��Z����Z��r����jYbu�޲Z���'^ș]H������LLLHL��N�Mȋ��X�W�YȎ���NM�K�NM�
ML�
ML
�
�
�M�
�L�
MM�
MM��
MM�
MM�
MN
MNL
MNL�
MNM
MNM�
MNN
M�
M��
MLNNL�
MLNNL�
MLNNM�
ML�K
ML�
K
ML�WK��[Ȏ������M͎K���X��\H��K��X�Y���X��\\Ȏ�ȌH���^R��V�Z��SZ�^S�L���T�^Qޓ��S�R\�[��XUӛ���RM�ޓLS�̓T�ޓ��S��\ӑLSQ^S^�L����Z�L��\ӑ]��^�L�L����S����\ӕMUML�L�P��S����ӕMU
[12:35:57][REQ] POST moumi.com/mwebapi.phtml?SERVER_APP_STATS (type=XHR)
[12:35:57][REQ]   headers: {"Accept": "*/*", "Content-Type": "application/json", "Cookie": "dnsDisplayed=undefined; ccpaApplies=false; signedLspa=undefined; _sp_su=false; euconsent-v2=CQox_wAQox_wAAGABCENCrFgAP_gAABAAAYgF5wBgAF
[12:35:57][REQ]   body: <base64> {"$gpb":"moumi.bma.MoumiMessage","body":[{"message_type":278,"server_app_stats":{"instant_paywall_st
[12:35:57][REQ] POST moumi.com/mwebapi.phtml?SERVER_APP_STATS (type=XHR)
[12:35:57][REQ]   headers: {"Accept": "*/*", "Content-Type": "application/json", "Cookie": "dnsDisplayed=undefined; ccpaApplies=false; signedLspa=undefined; _sp_su=false; euconsent-v2=CQox_wAQox_wAAGABCENCrFgAP_gAABAAAYgF5wBgAF
[12:35:57][REQ]   body: <base64> {"$gpb":"moumi.bma.MoumiMessage","body":[{"message_type":278,"server_app_stats":{"instant_paywall_st
[12:35:57][RES] 200 moumi.com/mwebapi.phtml (type=XHR)
[12:35:57][RES]   headers: {"server": "nginx", "date": "Tue, 11 Aug 2026 10:35:58 GMT", "content-type": "application/json", "x-local-host": "wwwbma36", "x-bma-server": "wwwbma36", "x-user-id": "zAhMACjIzODAyNTM0MzQAIEkFh8ogbiXY
[12:35:57][RES]   body size: 194 bytes, saved to sources/
[12:35:57][RES] 200 moumi.com/mwebapi.phtml (type=XHR)
[12:35:57][RES]   headers: {"server": "nginx", "date": "Tue, 11 Aug 2026 10:35:58 GMT", "content-type": "application/json", "x-local-host": "wwwbma5", "x-bma-server": "wwwbma5", "x-user-id": "zAhMACjIzODAyNTM0MzQAIEkFh8ogbiXYOS
[12:35:57][RES]   body size: 194 bytes, saved to sources/
[12:35:57][RES] 200 moumi.com/mwebapi.phtml (type=XHR)
[12:35:57][RES]   headers: {"server": "nginx", "date": "Tue, 11 Aug 2026 10:35:58 GMT", "content-type": "application/json", "x-local-host": "wwwbma11", "x-bma-server": "wwwbma11", "x-user-id": "zAhMACjIzODAyNTM0MzQAIEkFh8ogbiXY
[12:35:57][RES]   body size: 194 bytes, saved to sources/
[12:35:57][RES] 200 moumi.com/mwebapi.phtml (type=XHR)
[12:35:57][RES]   headers: {"server": "nginx", "date": "Tue, 11 Aug 2026 10:35:58 GMT", "content-type": "application/json", "x-local-host": "wwwbma37", "x-bma-server": "wwwbma37", "x-user-id": "zAhMACjIzODAyNTM0MzQAIEkFh8ogbiXY
[12:35:57][RES]   body size: 34868 bytes, saved to sources/
[12:35:58][REQ] POST eu1.moumi.com/hotpanel/hotpanel2.phtml?version=2.0 (type=Ping)
[12:35:58][REQ]   headers: {"Accept": "*/*", "Content-Type": "text/plain;charset=UTF-8", "Cookie": "dnsDisplayed=undefined; ccpaApplies=false; signedLspa=undefined; _sp_su=false; euconsent-v2=CQox_wAQox_wAAGABCENCrFgAP_gAABAAAY
[12:35:58][REQ]   body: <base64> {"application":{"brand":2,"layout":3,"platform":2,"app_version":"6.2877.0","is_premium":false},"devi
[12:35:58][REQ] POST region1.analytics.google.com/g/collect?v=2&tid=G-1MSEYK9Z8R&gtm=45je6871v884411251z886036 (type=XHR)
[12:35:58][REQ]   headers: {"Accept": "*/*", "Content-Type": "text/plain;charset=UTF-8", "Origin": "https://moumi.com", "Referer": "https://moumi.com/", "User-Agent": "Mozilla/5.0 (Windows NT 10.0; Win64; x64) AppleWebKit/537.3
[12:35:58][REQ]   body: <base64> en=page_view&_et=10300

en=page_view&_et=2

en=page_view&_et=3402

en=page_view&_et=4
[12:35:58][RES] 204 region1.analytics.google.com/g/collect (type=XHR)
[12:35:58][RES]   headers: {"access-control-allow-origin": "https://moumi.com", "date": "Tue, 11 Aug 2026 10:35:59 GMT", "pragma": "no-cache", "expires": "Fri, 01 Jan 1990 00:00:00 GMT", "cache-control": "no-cache, no-store, mu
[12:35:58][RES]   body size: 0 bytes, saved to sources/
[12:36:01][REQ] GET www.facebook.com/tr/?id=1359524264116659&ev=SubscribedButtonClick&dl=ht (type=Image)
[12:36:01][REQ]   headers: {"Accept": "image/avif,image/webp,image/apng,image/svg+xml,image/*,*/*;q=0.8", "Referer": "https://moumi.com/", "User-Agent": "Mozilla/5.0 (Windows NT 10.0; Win64; x64) AppleWebKit/537.36 (KHTML, like
[12:36:01][REQ] POST moumi.com/mwebapi.phtml?SERVER_SCREEN_STORY_FLOW_ACTION (type=XHR)
[12:36:01][REQ]   headers: {"Accept": "*/*", "Content-Type": "application/json", "Cookie": "dnsDisplayed=undefined; ccpaApplies=false; signedLspa=undefined; _sp_su=false; euconsent-v2=CQox_wAQox_wAAGABCENCrFgAP_gAABAAAYgF5wBgAF
[12:36:01][REQ]   body: ���i�(nf�i�(1�,j��ܦz���r����ǫ���r����h�'���*'i�b�}y��+y�ܢ{^���秉�گ����"��ڶ*'~Z0���v�&���{��v�j�b�	��Ơz'w�g����*^�m�z�"�}b����
�w_j[
[12:36:01][RES] 200 moumi.com/mwebapi.phtml (type=XHR)
[12:36:01][RES]   headers: {"server": "nginx", "date": "Tue, 11 Aug 2026 10:36:02 GMT", "content-type": "application/json", "x-local-host": "wwwbma9", "x-bma-server": "wwwbma9", "x-user-id": "zAhMACjIzODAyNTM0MzQAIEkFh8ogbiXYOS
[12:36:01][RES]   body size: 5996 bytes, saved to sources/
[12:36:01][REQ] GET eu1.ecdn2.moumicdn.com/i/v2/-/mobileweb/webdist/js/es5/4888.08c7aec3bd4a37289bd6.js? (type=Script)
[12:36:01][REQ]   headers: {"Accept": "*/*", "Origin": "https://moumi.com", "Referer": "https://moumi.com/", "User-Agent": "Mozilla/5.0 (Windows NT 10.0; Win64; x64) AppleWebKit/537.36 (KHTML, like Gecko) Chrome/151.0.0.0 Safar
[12:36:01][REQ] GET eu1.ecdn2.moumicdn.com/i/v2/-/mobileweb/webdist/js/es5/1903.e752e2f4a95ce610feb9.js? (type=Script)
[12:36:01][REQ]   headers: {"Accept": "*/*", "Origin": "https://moumi.com", "Referer": "https://moumi.com/", "User-Agent": "Mozilla/5.0 (Windows NT 10.0; Win64; x64) AppleWebKit/537.36 (KHTML, like Gecko) Chrome/151.0.0.0 Safar
[12:36:01][REQ] GET eu1.ecdn2.moumicdn.com/i/v2/-/mobileweb/webdist/js/es5/encounters.b520e9ef162e8fdca650.js? (type=Script)
[12:36:01][REQ]   headers: {"Accept": "*/*", "Origin": "https://moumi.com", "Referer": "https://moumi.com/", "User-Agent": "Mozilla/5.0 (Windows NT 10.0; Win64; x64) AppleWebKit/537.36 (KHTML, like Gecko) Chrome/151.0.0.0 Safar
[12:36:01][REQ] GET eu1.ecdn2.moumicdn.com/i/v2/-/mobileweb/webdist/js/es5/3320.0eae7d65b0c73123f4b0.js? (type=Script)
[12:36:01][REQ]   headers: {"Accept": "*/*", "Origin": "https://moumi.com", "Referer": "https://moumi.com/", "User-Agent": "Mozilla/5.0 (Windows NT 10.0; Win64; x64) AppleWebKit/537.36 (KHTML, like Gecko) Chrome/151.0.0.0 Safar
[12:36:01][REQ] GET eu1.ecdn2.moumicdn.com/i/v2/-/mobileweb/webdist/js/es5/signup.d2b5ef70ccbb4ac8d0b8.js? (type=Script)
[12:36:01][REQ]   headers: {"Accept": "*/*", "Origin": "https://moumi.com", "Referer": "https://moumi.com/", "User-Agent": "Mozilla/5.0 (Windows NT 10.0; Win64; x64) AppleWebKit/537.36 (KHTML, like Gecko) Chrome/151.0.0.0 Safar
[12:36:01][RES] 200 eu1.ecdn2.moumicdn.com/i/v2/-/mobileweb/webdist/js/es5/4888.08c7aec3bd4a37289bd6.js (type=Script)
[12:36:01][RES]   headers: {"server": "nginx", "content-type": "application/x-javascript", "last-modified": "Thu, 14 May 2026 10:05:18 GMT", "content-encoding": "gzip", "expires": "Thu, 27 May 2027 16:13:46 GMT", "cache-control
[12:36:01][RES]   body size: 7578 bytes, saved to sources/
[12:36:01][RES] 200 eu1.ecdn2.moumicdn.com/i/v2/-/mobileweb/webdist/js/es5/1903.e752e2f4a95ce610feb9.js (type=Script)
[12:36:01][RES]   headers: {"server": "nginx", "content-type": "application/x-javascript", "last-modified": "Fri, 24 Jul 2026 13:47:22 GMT", "content-encoding": "gzip", "expires": "Sat, 24 Jul 2027 13:50:15 GMT", "cache-control
[12:36:01][RES]   body size: 78572 bytes, saved to sources/
[12:36:01][RES] 200 eu1.ecdn2.moumicdn.com/i/v2/-/mobileweb/webdist/js/es5/encounters.b520e9ef162e8fdca650.js (type=Script)
[12:36:01][RES]   headers: {"server": "nginx", "content-type": "application/x-javascript", "last-modified": "Wed, 29 Jul 2026 13:08:58 GMT", "content-encoding": "gzip", "expires": "Thu, 29 Jul 2027 13:10:49 GMT", "cache-control
[12:36:01][RES]   body size: 87167 bytes, saved to sources/
[12:36:01][RES] 200 eu1.ecdn2.moumicdn.com/i/v2/-/mobileweb/webdist/js/es5/3320.0eae7d65b0c73123f4b0.js (type=Script)
[12:36:01][RES]   headers: {"server": "nginx", "content-type": "application/x-javascript", "last-modified": "Thu, 14 May 2026 10:05:18 GMT", "content-encoding": "gzip", "expires": "Wed, 26 May 2027 04:30:18 GMT", "cache-control
[12:36:01][RES]   body size: 9697 bytes, saved to sources/
[12:36:01][RES] 200 eu1.ecdn2.moumicdn.com/i/v2/-/mobileweb/webdist/js/es5/signup.d2b5ef70ccbb4ac8d0b8.js (type=Script)
[12:36:01][RES]   headers: {"server": "nginx", "content-type": "application/x-javascript", "last-modified": "Wed, 29 Jul 2026 12:33:05 GMT", "content-encoding": "gzip", "expires": "Thu, 29 Jul 2027 12:35:07 GMT", "cache-control
[12:36:01][RES]   body size: 88013 bytes, saved to sources/
[12:36:01][REQ] POST moumi.com/mwebapi.phtml?SERVER_GET_USER (type=XHR)
[12:36:01][REQ]   headers: {"Accept": "*/*", "Content-Type": "application/json", "Cookie": "dnsDisplayed=undefined; ccpaApplies=false; signedLspa=undefined; _sp_su=false; euconsent-v2=CQox_wAQox_wAAGABCENCrFgAP_gAABAAAYgF5wBgAF
[12:36:01][REQ]   body: ���i�(nf�i�(1�,j��ܦz���r��4�ǫ���z۬z�)m�����i'����z�,z��z���L (���������� �$(���`��V^�u�
�w��/S)�W}��'���.�Ǵ�ǫ~'�u����ॶ�v���,z�bzWE�[^����-����mt߽:ӽ<���׏v�m5�m��m6�M��m4�}7�M��]:�Nt��7�N;Ӿt�]t�8�M��]4�]x���ӽv�]xߪު笵�[�k ���v��������@���jV�ܩ{h)m�����i'����z�%n隕���*^�
[m�h���I��z���	[�f�n�ʗ���mz�ږ��'^�]�}��G(�{vⷪ��-�{^��-�
[m�h���I��z�'��޲�z�b�+y�I��Ơz'w�g����*^�M�z�"�}b����
�w_j[
[12:36:01][RES] 200 moumi.com/mwebapi.phtml (type=XHR)
[12:36:01][RES]   headers: {"server": "nginx", "date": "Tue, 11 Aug 2026 10:36:02 GMT", "content-type": "application/json", "x-local-host": "wwwbma3", "x-bma-server": "wwwbma3", "x-user-id": "zAhMACjIzODAyNTM0MzQAIEkFh8ogbiXYOS
[12:36:01][RES]   body size: 10902 bytes, saved to sources/
[12:36:02][REQ] POST region1.analytics.google.com/g/collect?v=2&tid=G-1MSEYK9Z8R&gtm=45je6871v884411251z886036 (type=XHR)
[12:36:02][REQ]   headers: {"Accept": "*/*", "Content-Type": "text/plain;charset=UTF-8", "Origin": "https://moumi.com", "Referer": "https://moumi.com/", "User-Agent": "Mozilla/5.0 (Windows NT 10.0; Win64; x64) AppleWebKit/537.3
[12:36:02][REQ]   body: <base64> en=page_view&_et=4480

en=page_view&_et=4

en=page_view&_et=83&dl=https%3A%2F%2Fmoumi.com%2Flanding

[12:36:02][RES] 204 region1.analytics.google.com/g/collect (type=XHR)
[12:36:02][RES]   headers: {"access-control-allow-origin": "https://moumi.com", "date": "Tue, 11 Aug 2026 10:36:03 GMT", "pragma": "no-cache", "expires": "Fri, 01 Jan 1990 00:00:00 GMT", "cache-control": "no-cache, no-store, mu
[12:36:02][RES]   body size: 0 bytes, saved to sources/
[12:36:06][REQ] POST eu1.moumi.com/hotpanel/hotpanel2.phtml?version=2.0 (type=Ping)
[12:36:06][REQ]   headers: {"Accept": "*/*", "Content-Type": "text/plain;charset=UTF-8", "Cookie": "dnsDisplayed=undefined; ccpaApplies=false; signedLspa=undefined; _sp_su=false; euconsent-v2=CQox_wAQox_wAAGABCENCrFgAP_gAABAAAY
[12:36:06][REQ]   body: <base64> {"application":{"brand":2,"layout":3,"platform":2,"app_version":"6.2877.0","is_premium":false},"devi
[12:36:07][REQ] POST region1.analytics.google.com/g/collect?v=2&tid=G-1MSEYK9Z8R&gtm=45je6871v884411251za20gzb (type=XHR)
[12:36:07][REQ]   headers: {"Accept": "*/*", "Origin": "https://moumi.com", "Referer": "https://moumi.com/", "User-Agent": "Mozilla/5.0 (Windows NT 10.0; Win64; x64) AppleWebKit/537.36 (KHTML, like Gecko) Chrome/151.0.0.0 Safar
[12:36:07][RES] 204 region1.analytics.google.com/g/collect (type=XHR)
[12:36:07][RES]   headers: {"access-control-allow-origin": "https://moumi.com", "date": "Tue, 11 Aug 2026 10:36:08 GMT", "pragma": "no-cache", "expires": "Fri, 01 Jan 1990 00:00:00 GMT", "cache-control": "no-cache, no-store, mu
[12:36:07][RES]   body size: 0 bytes, saved to sources/
[12:36:42][LIVE] Still recording...
[12:36:42][REQ] POST eu1.moumi.com/hotpanel/hotpanel2.phtml?version=2.0 (type=Ping)
[12:36:42][REQ]   headers: {"Accept": "*/*", "Content-Type": "text/plain;charset=UTF-8", "Cookie": "dnsDisplayed=undefined; ccpaApplies=false; signedLspa=undefined; _sp_su=false; euconsent-v2=CQox_wAQox_wAAGABCENCrFgAP_gAABAAAY
[12:36:42][REQ]   body: <base64> {"application":{"brand":2,"layout":3,"platform":2,"app_version":"6.2877.0","is_premium":false},"devi
[12:36:42][SRC] cookies + storage saved
[12:38:12][LIVE] Still recording...
[12:38:12][REQ] POST eu1.moumi.com/hotpanel/hotpanel2.phtml?version=2.0 (type=Ping)
[12:38:12][REQ]   headers: {"Accept": "*/*", "Content-Type": "text/plain;charset=UTF-8", "Cookie": "dnsDisplayed=undefined; ccpaApplies=false; signedLspa=undefined; _sp_su=false; euconsent-v2=CQox_wAQox_wAAGABCENCrFgAP_gAABAAAY
[12:38:12][REQ]   body: <base64> {"application":{"brand":2,"layout":3,"platform":2,"app_version":"6.2877.0","is_premium":false},"devi
[12:38:12][SRC] cookies + storage saved
[12:38:19][REQ] POST eu1.moumi.com/hotpanel/hotpanel2.phtml?version=2.0 (type=Ping)
[12:38:19][REQ]   headers: {"Accept": "*/*", "Content-Type": "text/plain;charset=UTF-8", "Cookie": "dnsDisplayed=undefined; ccpaApplies=false; signedLspa=undefined; _sp_su=false; euconsent-v2=CQox_wAQox_wAAGABCENCrFgAP_gAABAAAY
[12:38:19][REQ]   body: j�e�ƭ��ۭ���V���w�V�~��٪i��슉�����+)�颺gږǝz��zZjW��`]z��z'\�����;��s��m�^��m�^{���ځ����(�)ek�tZ)ݣ
O]4Z)����eyg�*+�~���0�b��rJ��&{�y�M4I�ڮ/�߽��ǫr�����w_���ם�ǫ���������L�� Aa��vJn�e��\�7{h��2��q��!��Ǭ�*'�םo���5�_�~�]5�o�ӷ�z{l���׍�ܟ�Y_������jg������ڙ��~'�vܩ{V��*'�*^��kv�m�����sm�f�ݿ^w�[��޶�{�8�x��-��$�x,r���v�{�����zx�׋+��+y��jg��Ygjg��F�w'�W�g�iڙ�w~'�vv�{��zWmʗ�i�b�{r��.�ַk��ߟ[oW6��vm����zu���l׿:�:��y���rH���+y��jg�߫�秉�x���r���v�z{���,z{u�θ㎽��x
[12:38:21][REQ] GET www.facebook.com/tr/?id=1359524264116659&ev=SubscribedButtonClick&dl=ht (type=Image)
[12:38:21][REQ]   headers: {"Accept": "image/avif,image/webp,image/apng,image/svg+xml,image/*,*/*;q=0.8", "Referer": "https://moumi.com/", "User-Agent": "Mozilla/5.0 (Windows NT 10.0; Win64; x64) AppleWebKit/537.36 (KHTML, like
[12:38:21][REQ] POST moumi.com/mwebapi.phtml?SERVER_VALIDATE_USER_FIELD (type=XHR)
[12:38:21][REQ]   headers: {"Accept": "*/*", "Content-Type": "application/json", "Cookie": "dnsDisplayed=undefined; ccpaApplies=false; signedLspa=undefined; _sp_su=false; euconsent-v2=CQox_wAQox_wAAGABCENCrFgAP_gAABAAAYgF5wBgAF
[12:38:21][REQ]   body: <base64> {"$gpb":"moumi.bma.MoumiMessage","body":[{"message_type":488,"server_validate_user_field":{"field_ty
[12:38:21][RES] 200 moumi.com/mwebapi.phtml (type=XHR)
[12:38:21][RES]   headers: {"server": "nginx", "date": "Tue, 11 Aug 2026 10:38:21 GMT", "content-type": "application/json", "x-local-host": "wwwbma10", "x-bma-server": "wwwbma10", "x-user-id": "zAhMACjIzODAyNTM0MzQAIEkFh8ogbiXY
[12:38:21][RES]   body size: 318 bytes, saved to sources/
[12:38:21][REQ] POST moumi.com/mwebapi.phtml?SERVER_SAVE_USER (type=XHR)
[12:38:21][REQ]   headers: {"Accept": "*/*", "Content-Type": "application/json", "Cookie": "dnsDisplayed=undefined; ccpaApplies=false; signedLspa=undefined; _sp_su=false; euconsent-v2=CQox_wAQox_wAAGABCENCrFgAP_gAABAAAYgF5wBgAF
[12:38:21][REQ]   body: ���i�(nf�i�(1�,j��ܦz���r��4�ǫ���j����ॶ�v�������I��Rǫ�ǫ���i�(nf����zw^�iڙ�%��ho_}�Ov���'s 
2380253434  I�� n%�9)�����s�������v��_l����zW_�[^�
[m�h���Rǫ'�tX���鮈�rب�m��M6�J޶��~'�u����ॶ�v���,z�bzWE�[^����-����mt߽:ӽ<���׏v�m5�m��m6�M��m4�}7�M��]:�Nt��7�N;Ӿt�]t�8�M��]4�]x���ӽv�]xߪު笵�[�k ���v��������@���jV�ܩ{h)m�����i'����z�%n隕���*^�
[m�h���I��z���	[�f�n�ʗ���mz�ږ��'^�]�}��G(�{vⷪ��-�{^��-�
[m�h���I��z�'��޲�z�b�+y�I��Ơz'w�g����*^�Noz�"�}b����
�w_j[
[12:38:21][RES] 200 moumi.com/mwebapi.phtml (type=XHR)
[12:38:21][RES]   headers: {"server": "nginx", "date": "Tue, 11 Aug 2026 10:38:22 GMT", "content-type": "application/json", "x-local-host": "wwwbma35", "x-bma-server": "wwwbma35", "x-user-id": "zAhMACjIzODAyNTM0MzQAIEkFh8ogbiXY
[12:38:21][RES]   body size: 13935 bytes, saved to sources/
[12:38:21][REQ] POST moumi.com/mwebapi.phtml?SERVER_UPDATE_SESSION (type=XHR)
[12:38:21][REQ]   headers: {"Accept": "*/*", "Content-Type": "application/json", "Cookie": "dnsDisplayed=undefined; ccpaApplies=false; signedLspa=undefined; _sp_su=false; euconsent-v2=CQox_wAQox_wAAGABCENCrFgAP_gAABAAAYgF5wBgAF
[12:38:21][REQ]   body: <base64> {"$gpb":"moumi.bma.MoumiMessage","body":[{"message_type":199,"server_update_session":{"$gpb":"moumi.
[12:38:21][REQ] POST region1.analytics.google.com/g/collect?v=2&tid=G-1MSEYK9Z8R&gtm=45je6871v884411251z886036 (type=XHR)
[12:38:21][REQ]   headers: {"Accept": "*/*", "Origin": "https://moumi.com", "Referer": "https://moumi.com/", "User-Agent": "Mozilla/5.0 (Windows NT 10.0; Win64; x64) AppleWebKit/537.36 (KHTML, like Gecko) Chrome/151.0.0.0 Safar
[12:38:21][REQ] GET www.google.de/ads/ga-audiences?v=1&t=sr&slf_rd=1&_r=4&tid=G-1MSEYK9Z8R&cid=183816 (type=Image)
[12:38:21][REQ]   headers: {"Accept": "image/avif,image/webp,image/apng,image/svg+xml,image/*,*/*;q=0.8", "Referer": "https://moumi.com/", "User-Agent": "Mozilla/5.0 (Windows NT 10.0; Win64; x64) AppleWebKit/537.36 (KHTML, like
[12:38:21][REQ] POST moumi.com/mwebapi.phtml?SERVER_APP_STATS (type=XHR)
[12:38:21][REQ]   headers: {"Accept": "*/*", "Content-Type": "application/json", "Cookie": "dnsDisplayed=undefined; ccpaApplies=false; signedLspa=undefined; _sp_su=false; euconsent-v2=CQox_wAQox_wAAGABCENCrFgAP_gAABAAAYgF5wBgAF
[12:38:21][REQ]   body: <base64> {"$gpb":"moumi.bma.MoumiMessage","body":[{"message_type":278,"server_app_stats":{"$gpb":"moumi.bma.S
[12:38:21][REQ] POST moumi.com/mwebapi.phtml?SERVER_APP_STATS (type=XHR)
[12:38:21][REQ]   headers: {"Accept": "*/*", "Content-Type": "application/json", "Cookie": "dnsDisplayed=undefined; ccpaApplies=false; signedLspa=undefined; _sp_su=false; euconsent-v2=CQox_wAQox_wAAGABCENCrFgAP_gAABAAAYgF5wBgAF
[12:38:21][REQ]   body: <base64> {"$gpb":"moumi.bma.MoumiMessage","body":[{"message_type":278,"server_app_stats":{"$gpb":"moumi.bma.S
[12:38:21][REQ] GET moumi.com/pcomet/1/11/init?im=mid:0&comet=mode:master,ua:m,type:5&seq=0767272 (type=XHR)
[12:38:21][REQ]   headers: {"Accept": "text/event-stream", "Cookie": "dnsDisplayed=undefined; ccpaApplies=false; signedLspa=undefined; _sp_su=false; euconsent-v2=CQox_wAQox_wAAGABCENCrFgAP_gAABAAAYgF5wBgAFABFACYAFIApoC8wAKACAKE
[12:38:21][RES] 200 moumi.com/mwebapi.phtml (type=XHR)
[12:38:21][RES]   headers: {"server": "nginx", "date": "Tue, 11 Aug 2026 10:38:22 GMT", "content-type": "application/json", "x-local-host": "wwwbma12", "x-bma-server": "wwwbma12", "x-user-id": "zAhMACjIzODAyNTM0MzQAIEkFh8ogbiXY
[12:38:21][RES]   body size: 194 bytes, saved to sources/
[12:38:21][RES] 200 moumi.com/mwebapi.phtml (type=XHR)
[12:38:21][RES]   headers: {"server": "nginx", "date": "Tue, 11 Aug 2026 10:38:22 GMT", "content-type": "application/json", "x-local-host": "wwwbma6", "x-bma-server": "wwwbma6", "x-user-id": "zAhMACjIzODAyNTM0MzQAIEkFh8ogbiXYOS
[12:38:21][RES]   body size: 194 bytes, saved to sources/
[12:38:21][RES] 204 region1.analytics.google.com/g/collect (type=XHR)
[12:38:21][RES]   headers: {"access-control-allow-origin": "https://moumi.com", "date": "Tue, 11 Aug 2026 10:38:22 GMT", "pragma": "no-cache", "expires": "Fri, 01 Jan 1990 00:00:00 GMT", "cache-control": "no-cache, no-store, mu
[12:38:21][RES]   body size: 0 bytes, saved to sources/
[12:38:21][RES] 200 moumi.com/mwebapi.phtml (type=XHR)
[12:38:21][RES]   headers: {"server": "nginx", "date": "Tue, 11 Aug 2026 10:38:22 GMT", "content-type": "application/json", "x-local-host": "wwwbma1", "x-bma-server": "wwwbma1", "x-user-id": "zAhMACjIzODAyNTM0MzQAIEkFh8ogbiXYOS
[12:38:21][RES]   body size: 194 bytes, saved to sources/
[12:38:23][REQ] GET www.facebook.com/tr/?id=1359524264116659&ev=SubscribedButtonClick&dl=ht (type=Image)
[12:38:23][REQ]   headers: {"Accept": "image/avif,image/webp,image/apng,image/svg+xml,image/*,*/*;q=0.8", "Referer": "https://moumi.com/", "User-Agent": "Mozilla/5.0 (Windows NT 10.0; Win64; x64) AppleWebKit/537.36 (KHTML, like
[12:38:23][REQ] POST moumi.com/mwebapi.phtml?SERVER_GET_EXTERNAL_PROVIDERS (type=XHR)
[12:38:23][REQ]   headers: {"Accept": "*/*", "Content-Type": "application/json", "Cookie": "dnsDisplayed=undefined; ccpaApplies=false; signedLspa=undefined; _sp_su=false; euconsent-v2=CQox_wAQox_wAAGABCENCrFgAP_gAABAAAYgF5wBgAF
[12:38:23][REQ]   body: <base64> {"$gpb":"moumi.bma.MoumiMessage","body":[{"message_type":362,"server_get_external_providers":{"conte
[12:38:23][RES] 200 moumi.com/mwebapi.phtml (type=XHR)
[12:38:23][RES]   headers: {"server": "nginx", "date": "Tue, 11 Aug 2026 10:38:24 GMT", "content-type": "application/json", "x-local-host": "wwwbma11", "x-bma-server": "wwwbma11", "x-user-id": "zAhMACjIzODAyNTM0MzQAIEkFh8ogbiXY
[12:38:23][RES]   body size: 382 bytes, saved to sources/
[12:38:25][REQ] GET www.facebook.com/tr/?id=1359524264116659&ev=SubscribedButtonClick&dl=ht (type=Image)
[12:38:25][REQ]   headers: {"Accept": "image/avif,image/webp,image/apng,image/svg+xml,image/*,*/*;q=0.8", "Referer": "https://moumi.com/", "User-Agent": "Mozilla/5.0 (Windows NT 10.0; Win64; x64) AppleWebKit/537.36 (KHTML, like
[12:38:26][REQ] POST eu1.moumi.com/hotpanel/hotpanel2.phtml?version=2.0 (type=Ping)
[12:38:26][REQ]   headers: {"Accept": "*/*", "Content-Type": "text/plain;charset=UTF-8", "Cookie": "dnsDisplayed=undefined; ccpaApplies=false; signedLspa=undefined; _sp_su=false; euconsent-v2=CQox_wAQox_wAAGABCENCrFgAP_gAABAAAY
[12:38:26][REQ]   body: <base64> {"application":{"brand":2,"layout":3,"platform":2,"app_version":"6.2877.0","is_premium":false},"devi
[12:38:26][REQ] POST region1.analytics.google.com/g/collect?v=2&tid=G-1MSEYK9Z8R&gtm=45je6871v884411251z886036 (type=XHR)
[12:38:26][REQ]   headers: {"Accept": "*/*", "Origin": "https://moumi.com", "Referer": "https://moumi.com/", "User-Agent": "Mozilla/5.0 (Windows NT 10.0; Win64; x64) AppleWebKit/537.36 (KHTML, like Gecko) Chrome/151.0.0.0 Safar
[12:38:26][RES] 204 region1.analytics.google.com/g/collect (type=XHR)
[12:38:26][RES]   headers: {"access-control-allow-origin": "https://moumi.com", "date": "Tue, 11 Aug 2026 10:38:27 GMT", "pragma": "no-cache", "expires": "Fri, 01 Jan 1990 00:00:00 GMT", "cache-control": "no-cache, no-store, mu
[12:38:26][RES]   body size: 0 bytes, saved to sources/
[12:38:47][LIVE] Still recording...
[12:38:47][SRC] cookies + storage saved
[12:39:03][REQ] POST www.facebook.com/tr/? (type=Document)
[12:39:03][REQ]   headers: {"Accept": "text/html,application/xhtml+xml,application/xml;q=0.9,image/avif,image/webp,image/apng,*/*;q=0.8,application/signed-exchange;v=b3;q=0.7", "Content-Type": "application/x-www-form-urlencoded
[12:39:03][REQ]   body: <base64> id=1359524264116659&ev=SubscribedButtonClick&dl=https%3A%2F%2Fmoumi.com%2Fencounters&rl=&if=false&ts
[12:39:05][REQ] POST www.facebook.com/tr/? (type=Document)
[12:39:05][REQ]   headers: {"Accept": "text/html,application/xhtml+xml,application/xml;q=0.9,image/avif,image/webp,image/apng,*/*;q=0.8,application/signed-exchange;v=b3;q=0.7", "Content-Type": "application/x-www-form-urlencoded
[12:39:05][REQ]   body: <base64> id=1359524264116659&ev=SubscribedButtonClick&dl=https%3A%2F%2Fmoumi.com%2Fencounters&rl=&if=false&ts
[12:39:06][REQ] POST www.facebook.com/tr/? (type=Document)
[12:39:06][REQ]   headers: {"Accept": "text/html,application/xhtml+xml,application/xml;q=0.9,image/avif,image/webp,image/apng,*/*;q=0.8,application/signed-exchange;v=b3;q=0.7", "Content-Type": "application/x-www-form-urlencoded
[12:39:06][REQ]   body: <base64> id=1359524264116659&ev=SubscribedButtonClick&dl=https%3A%2F%2Fmoumi.com%2Fencounters&rl=&if=false&ts
[12:39:11][REQ] GET www.facebook.com/tr/?id=1359524264116659&ev=SubscribedButtonClick&dl=ht (type=Image)
[12:39:11][REQ]   headers: {"Accept": "image/avif,image/webp,image/apng,image/svg+xml,image/*,*/*;q=0.8", "Referer": "https://moumi.com/", "User-Agent": "Mozilla/5.0 (Windows NT 10.0; Win64; x64) AppleWebKit/537.36 (KHTML, like
[12:39:11][REQ] POST eu1.ecdn2.moumicdn.com/d43/hidden?euri=5T-otifsJNUtvAwmFoEiX9Abd2bmYcwudbQ8m5BMUla0Y (type=XHR)
[12:39:11][REQ]   headers: {"Accept": "*/*", "Content-Type": "multipart/form-data; boundary=----WebKitFormBoundaryRphASBlTgwhTqjsc", "Origin": "https://moumi.com", "Referer": "https://moumi.com/", "User-Agent": "Mozilla/5.0 (Wi
[12:39:11][REQ]   body: <base64> ------WebKitFormBoundaryRphASBlTgwhTqjsc

Content-Disposition: form-data; name="album_type"



2

--
[12:39:12][REQ] GET moumi.com/pcomet/1/11/delivered?seq=07672721571202465793&t=1786444472555_229054.0& (type=XHR)
[12:39:12][REQ]   headers: {"Accept": "*/*", "Cookie": "dnsDisplayed=undefined; ccpaApplies=false; signedLspa=undefined; _sp_su=false; euconsent-v2=CQox_wAQox_wAAGABCENCrFgAP_gAABAAAYgF5wBgAFABFACYAFIApoC8wAKACAKEgBgBFACYAvMdAC
[12:39:12][RES] 200 eu1.ecdn2.moumicdn.com/d43/hidden (type=XHR)
[12:39:12][RES]   headers: {"server": "nginx", "content-type": "text/javascript; charset=utf-8", "expires": "Mon, 26 Jul 1997 05:00:00 GMT", "last-modified": "Tue, 11 Aug 2026 10:39:12 GMT", "pragma": "no-cache", "cache-control
[12:39:12][RES]   body size: 530 bytes, saved to sources/
[12:39:12][REQ] POST eu1.ecdn2.moumicdn.com/d43/hidden?euri=5T-otifsJNUtvAwmFoEiX9Abd2bmYcwudbQ8m5BMUla0Y (type=XHR)
[12:39:12][REQ]   headers: {"Accept": "*/*", "Content-Type": "multipart/form-data; boundary=----WebKitFormBoundaryLdJj3PCyHrtcaRDg", "Origin": "https://moumi.com", "Referer": "https://moumi.com/", "User-Agent": "Mozilla/5.0 (Wi
[12:39:12][REQ]   body: <base64> ------WebKitFormBoundaryLdJj3PCyHrtcaRDg

Content-Disposition: form-data; name="album_type"



2

--
[12:39:12][REQ] GET moumi.com/pcomet/1/11/delivered?seq=07672721571202465794&t=1786444472555_229054.0& (type=XHR)
[12:39:12][REQ]   headers: {"Accept": "*/*", "Cookie": "dnsDisplayed=undefined; ccpaApplies=false; signedLspa=undefined; _sp_su=false; euconsent-v2=CQox_wAQox_wAAGABCENCrFgAP_gAABAAAYgF5wBgAFABFACYAFIApoC8wAKACAKEgBgBFACYAvMdAC
[12:39:12][RES] 200 eu1.ecdn2.moumicdn.com/d43/hidden (type=XHR)
[12:39:12][RES]   headers: {"server": "nginx", "content-type": "text/javascript; charset=utf-8", "expires": "Mon, 26 Jul 1997 05:00:00 GMT", "last-modified": "Tue, 11 Aug 2026 10:39:12 GMT", "pragma": "no-cache", "cache-control
[12:39:12][RES]   body size: 530 bytes, saved to sources/
[12:39:12][REQ] POST eu1.ecdn2.moumicdn.com/d43/hidden?euri=5T-otifsJNUtvAwmFoEiX9Abd2bmYcwudbQ8m5BMUla0Y (type=XHR)
[12:39:12][REQ]   headers: {"Accept": "*/*", "Content-Type": "multipart/form-data; boundary=----WebKitFormBoundaryXQMgBeSW0y3XqTHf", "Origin": "https://moumi.com", "Referer": "https://moumi.com/", "User-Agent": "Mozilla/5.0 (Wi
[12:39:12][REQ]   body: <base64> ------WebKitFormBoundaryXQMgBeSW0y3XqTHf

Content-Disposition: form-data; name="album_type"



2

--
[12:39:12][REQ] POST moumi.com/mwebapi.phtml?SERVER_GET_COMMON_SETTINGS (type=XHR)
[12:39:12][REQ]   headers: {"Accept": "*/*", "Content-Type": "application/json", "Cookie": "dnsDisplayed=undefined; ccpaApplies=false; signedLspa=undefined; _sp_su=false; euconsent-v2=CQox_wAQox_wAAGABCENCrFgAP_gAABAAAYgF5wBgAF
[12:39:12][REQ]   body: <base64> {"$gpb":"moumi.bma.MoumiMessage","body":[{"message_type":398}],"message_id":38,"message_type":398,"v
[12:39:12][REQ] GET moumi.com/pcomet/1/11/delivered?seq=07672721571202465795&t=1786444472555_229054.0& (type=XHR)
[12:39:12][REQ]   headers: {"Accept": "*/*", "Cookie": "dnsDisplayed=undefined; ccpaApplies=false; signedLspa=undefined; _sp_su=false; euconsent-v2=CQox_wAQox_wAAGABCENCrFgAP_gAABAAAYgF5wBgAFABFACYAFIApoC8wAKACAKEgBgBFACYAvMdAC
[12:39:12][REQ] POST moumi.com/mwebapi.phtml?SERVER_GET_COMMON_SETTINGS (type=XHR)
[12:39:12][REQ]   headers: {"Accept": "*/*", "Content-Type": "application/json", "Cookie": "dnsDisplayed=undefined; ccpaApplies=false; signedLspa=undefined; _sp_su=false; euconsent-v2=CQox_wAQox_wAAGABCENCrFgAP_gAABAAAYgF5wBgAF
[12:39:12][REQ]   body: <base64> {"$gpb":"moumi.bma.MoumiMessage","body":[{"message_type":398}],"message_id":39,"message_type":398,"v
[12:39:12][REQ] GET moumi.com/pcomet/1/11/delivered?seq=07672721571202465796&t=1786444472555_229054.0& (type=XHR)
[12:39:12][REQ]   headers: {"Accept": "*/*", "Cookie": "dnsDisplayed=undefined; ccpaApplies=false; signedLspa=undefined; _sp_su=false; euconsent-v2=CQox_wAQox_wAAGABCENCrFgAP_gAABAAAYgF5wBgAFABFACYAFIApoC8wAKACAKEgBgBFACYAvMdAC
[12:39:13][RES] 200 moumi.com/mwebapi.phtml (type=XHR)
[12:39:13][RES]   headers: {"server": "nginx", "date": "Tue, 11 Aug 2026 10:39:13 GMT", "content-type": "application/json", "x-local-host": "wwwbma37", "x-bma-server": "wwwbma37", "x-user-id": "zAhMACjIzODAyNTM0MzQAIEkFh8ogbiXY
[12:39:13][RES]   body size: 34405 bytes, saved to sources/
[12:39:13][RES] 200 moumi.com/mwebapi.phtml (type=XHR)
[12:39:13][RES]   headers: {"server": "nginx", "date": "Tue, 11 Aug 2026 10:39:13 GMT", "content-type": "application/json", "x-local-host": "wwwbma4", "x-bma-server": "wwwbma4", "x-user-id": "zAhMACjIzODAyNTM0MzQAIEkFh8ogbiXYOS
[12:39:13][RES]   body size: 34405 bytes, saved to sources/
[12:39:13][REQ] POST moumi.com/mwebapi.phtml?SERVER_GET_PROMO_BLOCKS (type=XHR)
[12:39:13][REQ]   headers: {"Accept": "*/*", "Content-Type": "application/json", "Cookie": "dnsDisplayed=undefined; ccpaApplies=false; signedLspa=undefined; _sp_su=false; euconsent-v2=CQox_wAQox_wAAGABCENCrFgAP_gAABAAAYgF5wBgAF
[12:39:13][REQ]   body: <base64> {"$gpb":"moumi.bma.MoumiMessage","body":[{"message_type":583,"server_get_promo_blocks":{"requested_p
[12:39:13][REQ] POST moumi.com/mwebapi.phtml?SERVER_GET_PROMO_BLOCKS (type=XHR)
[12:39:13][REQ]   headers: {"Accept": "*/*", "Content-Type": "application/json", "Cookie": "dnsDisplayed=undefined; ccpaApplies=false; signedLspa=undefined; _sp_su=false; euconsent-v2=CQox_wAQox_wAAGABCENCrFgAP_gAABAAAYgF5wBgAF
[12:39:13][REQ]   body: <base64> {"$gpb":"moumi.bma.MoumiMessage","body":[{"message_type":583,"server_get_promo_blocks":{"requested_p
[12:39:13][REQ] GET moumi.com/pcomet/1/11/init?im=mid:0&comet=mode:master,ua:m,type:5&seq=0767272 (type=XHR)
[12:39:13][REQ]   headers: {"Accept": "text/event-stream", "Cookie": "dnsDisplayed=undefined; ccpaApplies=false; signedLspa=undefined; _sp_su=false; euconsent-v2=CQox_wAQox_wAAGABCENCrFgAP_gAABAAAYgF5wBgAFABFACYAFIApoC8wAKACAKE
[12:39:13][REQ] GET moumi.com/pcomet/1/11/init?im=mid:0&comet=mode:master,ua:m,type:5&seq=0767272 (type=XHR)
[12:39:13][REQ]   headers: {"Accept": "text/event-stream", "Cookie": "dnsDisplayed=undefined; ccpaApplies=false; signedLspa=undefined; _sp_su=false; euconsent-v2=CQox_wAQox_wAAGABCENCrFgAP_gAABAAAYgF5wBgAFABFACYAFIApoC8wAKACAKE
[12:39:13][REQ] GET moumi.com/pcomet/1/11/delivered?seq=07672721571202465797&t=1786444472555_280577.1& (type=XHR)
[12:39:13][REQ]   headers: {"Accept": "*/*", "Cookie": "dnsDisplayed=undefined; ccpaApplies=false; signedLspa=undefined; _sp_su=false; euconsent-v2=CQox_wAQox_wAAGABCENCrFgAP_gAABAAAYgF5wBgAFABFACYAFIApoC8wAKACAKEgBgBFACYAvMdAC
[12:39:13][RES] 200 eu1.ecdn2.moumicdn.com/d43/hidden (type=XHR)
[12:39:13][RES]   headers: {"server": "nginx", "content-type": "text/javascript; charset=utf-8", "expires": "Mon, 26 Jul 1997 05:00:00 GMT", "last-modified": "Tue, 11 Aug 2026 10:39:13 GMT", "pragma": "no-cache", "cache-control
[12:39:13][RES]   body size: 530 bytes, saved to sources/
[12:39:13][RES] 200 moumi.com/mwebapi.phtml (type=XHR)
[12:39:13][RES]   headers: {"server": "nginx", "date": "Tue, 11 Aug 2026 10:39:13 GMT", "content-type": "application/json", "x-local-host": "wwwbma9", "x-bma-server": "wwwbma9", "x-user-id": "zAhMACjIzODAyNTM0MzQAIEkFh8ogbiXYOS
[12:39:13][RES]   body size: 531 bytes, saved to sources/
[12:39:13][RES] 200 moumi.com/mwebapi.phtml (type=XHR)
[12:39:13][RES]   headers: {"server": "nginx", "date": "Tue, 11 Aug 2026 10:39:13 GMT", "content-type": "application/json", "x-local-host": "wwwbma35", "x-bma-server": "wwwbma35", "x-user-id": "zAhMACjIzODAyNTM0MzQAIEkFh8ogbiXY
[12:39:13][RES]   body size: 531 bytes, saved to sources/
[12:39:13][REQ] POST moumi.com/mwebapi.phtml?SERVER_MULTI_UPLOAD_PHOTO (type=XHR)
[12:39:13][REQ]   headers: {"Accept": "*/*", "Content-Type": "application/json", "Cookie": "dnsDisplayed=undefined; ccpaApplies=false; signedLspa=undefined; _sp_su=false; euconsent-v2=CQox_wAQox_wAAGABCENCrFgAP_gAABAAAYgF5wBgAF
[12:39:13][REQ]   body: <base64> {"$gpb":"moumi.bma.MoumiMessage","body":[{"message_type":495,"server_multi_upload_photo":{"photos":[
[12:39:13][REQ] GET eu1.ecdn2.moumicdn.com/p52/hidden?euri=AAAAAAAAAAIQP1ZHlX1QtlBGhmVUrluuWwADCmlcSSaEb (type=Image)
[12:39:13][REQ]   headers: {"Accept": "image/avif,image/webp,image/apng,image/svg+xml,image/*,*/*;q=0.8", "Referer": "https://moumi.com/", "User-Agent": "Mozilla/5.0 (Windows NT 10.0; Win64; x64) AppleWebKit/537.36 (KHTML, like
[12:39:13][REQ] GET eu1.ecdn2.moumicdn.com/p52/hidden?euri=AAAAAAAAAAIQdzSTtkkI6Cb3FFVv8r3nGwCES.Z3nb.L. (type=Image)
[12:39:13][REQ]   headers: {"Accept": "image/avif,image/webp,image/apng,image/svg+xml,image/*,*/*;q=0.8", "Referer": "https://moumi.com/", "User-Agent": "Mozilla/5.0 (Windows NT 10.0; Win64; x64) AppleWebKit/537.36 (KHTML, like
[12:39:13][REQ] GET eu1.ecdn2.moumicdn.com/p52/hidden?euri=AAAAAAAAAAIQTcjVGPkmhsuWOBzDKkKD.wDj1SpigjW.Y (type=Image)
[12:39:13][REQ]   headers: {"Accept": "image/avif,image/webp,image/apng,image/svg+xml,image/*,*/*;q=0.8", "Referer": "https://moumi.com/", "User-Agent": "Mozilla/5.0 (Windows NT 10.0; Win64; x64) AppleWebKit/537.36 (KHTML, like
[12:39:13][RES] 200 moumi.com/mwebapi.phtml (type=XHR)
[12:39:13][RES]   headers: {"server": "nginx", "date": "Tue, 11 Aug 2026 10:39:14 GMT", "content-type": "application/json", "x-local-host": "wwwbma10", "x-bma-server": "wwwbma10", "x-user-id": "zAhMACjIzODAyNTM0MzQAIEkFh8ogbiXY
[12:39:13][RES]   body size: 18403 bytes, saved to sources/
[12:39:13][REQ] POST moumi.com/mwebapi.phtml?SERVER_GET_COMMON_SETTINGS (type=XHR)
[12:39:13][REQ]   headers: {"Accept": "*/*", "Content-Type": "application/json", "Cookie": "dnsDisplayed=undefined; ccpaApplies=false; signedLspa=undefined; _sp_su=false; euconsent-v2=CQox_wAQox_wAAGABCENCrFgAP_gAABAAAYgF5wBgAF
[12:39:13][REQ]   body: <base64> {"$gpb":"moumi.bma.MoumiMessage","body":[{"message_type":398}],"message_id":43,"message_type":398,"v
[12:39:13][REQ] GET moumi.com/pcomet/1/11/delivered?seq=07672721571202465798&t=1786444472555_280577.1& (type=XHR)
[12:39:13][REQ]   headers: {"Accept": "*/*", "Cookie": "dnsDisplayed=undefined; ccpaApplies=false; signedLspa=undefined; _sp_su=false; euconsent-v2=CQox_wAQox_wAAGABCENCrFgAP_gAABAAAYgF5wBgAFABFACYAFIApoC8wAKACAKEgBgBFACYAvMdAC
[12:39:13][REQ] POST moumi.com/mwebapi.phtml?SERVER_GET_COMMON_SETTINGS (type=XHR)
[12:39:13][REQ]   headers: {"Accept": "*/*", "Content-Type": "application/json", "Cookie": "dnsDisplayed=undefined; ccpaApplies=false; signedLspa=undefined; _sp_su=false; euconsent-v2=CQox_wAQox_wAAGABCENCrFgAP_gAABAAAYgF5wBgAF
[12:39:13][REQ]   body: <base64> {"$gpb":"moumi.bma.MoumiMessage","body":[{"message_type":398}],"message_id":44,"message_type":398,"v
[12:39:13][REQ] GET moumi.com/pcomet/1/11/delivered?seq=07672721571202465799&t=1786444472555_280577.1& (type=XHR)
[12:39:13][REQ]   headers: {"Accept": "*/*", "Cookie": "dnsDisplayed=undefined; ccpaApplies=false; signedLspa=undefined; _sp_su=false; euconsent-v2=CQox_wAQox_wAAGABCENCrFgAP_gAABAAAYgF5wBgAFABFACYAFIApoC8wAKACAKEgBgBFACYAvMdAC
[12:39:14][REQ] GET moumi.com/pcomet/1/11/delivered?seq=07672721571202465800&t=1786444472555_280577.1& (type=XHR)
[12:39:14][REQ]   headers: {"Accept": "*/*", "Cookie": "dnsDisplayed=undefined; ccpaApplies=false; signedLspa=undefined; _sp_su=false; euconsent-v2=CQox_wAQox_wAAGABCENCrFgAP_gAABAAAYgF5wBgAFABFACYAFIApoC8wAKACAKEgBgBFACYAvMdAC
[12:39:14][REQ] GET moumi.com/pcomet/1/11/delivered?seq=07672721571202465801&t=1786444472555_280577.1& (type=XHR)
[12:39:14][REQ]   headers: {"Accept": "*/*", "Cookie": "dnsDisplayed=undefined; ccpaApplies=false; signedLspa=undefined; _sp_su=false; euconsent-v2=CQox_wAQox_wAAGABCENCrFgAP_gAABAAAYgF5wBgAFABFACYAFIApoC8wAKACAKEgBgBFACYAvMdAC
[12:39:14][RES] 200 moumi.com/mwebapi.phtml (type=XHR)
[12:39:14][RES]   headers: {"server": "nginx", "date": "Tue, 11 Aug 2026 10:39:14 GMT", "content-type": "application/json", "x-local-host": "wwwbma37", "x-bma-server": "wwwbma37", "x-user-id": "zAhMACjIzODAyNTM0MzQAIEkFh8ogbiXY
[12:39:14][RES]   body size: 34397 bytes, saved to sources/
[12:39:14][RES] 200 moumi.com/mwebapi.phtml (type=XHR)
[12:39:14][RES]   headers: {"server": "nginx", "date": "Tue, 11 Aug 2026 10:39:14 GMT", "content-type": "application/json", "x-local-host": "wwwbma36", "x-bma-server": "wwwbma36", "x-user-id": "zAhMACjIzODAyNTM0MzQAIEkFh8ogbiXY
[12:39:14][RES]   body size: 34396 bytes, saved to sources/
[12:39:14][REQ] GET moumi.com/pcomet/1/11/init?im=mid:0&comet=mode:master,ua:m,type:5&seq=0767272 (type=XHR)
[12:39:14][REQ]   headers: {"Accept": "text/event-stream", "Cookie": "dnsDisplayed=undefined; ccpaApplies=false; signedLspa=undefined; _sp_su=false; euconsent-v2=CQox_wAQox_wAAGABCENCrFgAP_gAABAAAYgF5wBgAFABFACYAFIApoC8wAKACAKE
[12:39:14][REQ] GET moumi.com/pcomet/1/11/init?im=mid:0&comet=mode:master,ua:m,type:5&seq=0767272 (type=XHR)
[12:39:14][REQ]   headers: {"Accept": "text/event-stream", "Cookie": "dnsDisplayed=undefined; ccpaApplies=false; signedLspa=undefined; _sp_su=false; euconsent-v2=CQox_wAQox_wAAGABCENCrFgAP_gAABAAAYgF5wBgAFABFACYAFIApoC8wAKACAKE
[12:39:14][REQ] GET moumi.com/pcomet/1/11/delivered?seq=07672721571202465802&t=1786444472555_281583.2& (type=XHR)
[12:39:14][REQ]   headers: {"Accept": "*/*", "Cookie": "dnsDisplayed=undefined; ccpaApplies=false; signedLspa=undefined; _sp_su=false; euconsent-v2=CQox_wAQox_wAAGABCENCrFgAP_gAABAAAYgF5wBgAFABFACYAFIApoC8wAKACAKEgBgBFACYAvMdAC
[12:39:14][REQ] POST moumi.com/mwebapi.phtml?SERVER_GET_COMMON_SETTINGS (type=XHR)
[12:39:14][REQ]   headers: {"Accept": "*/*", "Content-Type": "application/json", "Cookie": "dnsDisplayed=undefined; ccpaApplies=false; signedLspa=undefined; _sp_su=false; euconsent-v2=CQox_wAQox_wAAGABCENCrFgAP_gAABAAAYgF5wBgAF
[12:39:14][REQ]   body: <base64> {"$gpb":"moumi.bma.MoumiMessage","body":[{"message_type":398}],"message_id":45,"message_type":398,"v
[12:39:14][REQ] GET moumi.com/pcomet/1/11/delivered?seq=07672721571202465803&t=1786444472555_281583.2& (type=XHR)
[12:39:14][REQ]   headers: {"Accept": "*/*", "Cookie": "dnsDisplayed=undefined; ccpaApplies=false; signedLspa=undefined; _sp_su=false; euconsent-v2=CQox_wAQox_wAAGABCENCrFgAP_gAABAAAYgF5wBgAFABFACYAFIApoC8wAKACAKEgBgBFACYAvMdAC
[12:39:15][RES] 200 moumi.com/mwebapi.phtml (type=XHR)
[12:39:15][RES]   headers: {"server": "nginx", "date": "Tue, 11 Aug 2026 10:39:15 GMT", "content-type": "application/json", "x-local-host": "wwwbma2", "x-bma-server": "wwwbma2", "x-user-id": "zAhMACjIzODAyNTM0MzQAIEkFh8ogbiXYOS
[12:39:15][RES]   body size: 34396 bytes, saved to sources/
[12:39:15][REQ] GET moumi.com/pcomet/1/11/init?im=mid:0&comet=mode:master,ua:m,type:5&seq=0767272 (type=XHR)
[12:39:15][REQ]   headers: {"Accept": "text/event-stream", "Cookie": "dnsDisplayed=undefined; ccpaApplies=false; signedLspa=undefined; _sp_su=false; euconsent-v2=CQox_wAQox_wAAGABCENCrFgAP_gAABAAAYgF5wBgAFABFACYAFIApoC8wAKACAKE
[12:39:15][REQ] GET moumi.com/pcomet/1/11/init?im=mid:0&comet=mode:master,ua:m,type:5&seq=0767272 (type=XHR)
[12:39:15][REQ]   headers: {"Accept": "text/event-stream", "Cookie": "dnsDisplayed=undefined; ccpaApplies=false; signedLspa=undefined; _sp_su=false; euconsent-v2=CQox_wAQox_wAAGABCENCrFgAP_gAABAAAYgF5wBgAFABFACYAFIApoC8wAKACAKE
[12:39:15][REQ] POST moumi.com/mwebapi.phtml?SERVER_GET_COMMON_SETTINGS (type=XHR)
[12:39:15][REQ]   headers: {"Accept": "*/*", "Content-Type": "application/json", "Cookie": "dnsDisplayed=undefined; ccpaApplies=false; signedLspa=undefined; _sp_su=false; euconsent-v2=CQox_wAQox_wAAGABCENCrFgAP_gAABAAAYgF5wBgAF
[12:39:15][REQ]   body: <base64> {"$gpb":"moumi.bma.MoumiMessage","body":[{"message_type":398}],"message_id":46,"message_type":398,"v
[12:39:15][REQ] POST moumi.com/mwebapi.phtml?SERVER_GET_COMMON_SETTINGS (type=XHR)
[12:39:15][REQ]   headers: {"Accept": "*/*", "Content-Type": "application/json", "Cookie": "dnsDisplayed=undefined; ccpaApplies=false; signedLspa=undefined; _sp_su=false; euconsent-v2=CQox_wAQox_wAAGABCENCrFgAP_gAABAAAYgF5wBgAF
[12:39:15][REQ]   body: <base64> {"$gpb":"moumi.bma.MoumiMessage","body":[{"message_type":398}],"message_id":47,"message_type":398,"v
[12:39:15][REQ] GET moumi.com/pcomet/1/11/delivered?seq=07672721571202465805&t=1786444472555_282555.3& (type=XHR)
[12:39:15][REQ]   headers: {"Accept": "*/*", "Cookie": "dnsDisplayed=undefined; ccpaApplies=false; signedLspa=undefined; _sp_su=false; euconsent-v2=CQox_wAQox_wAAGABCENCrFgAP_gAABAAAYgF5wBgAFABFACYAFIApoC8wAKACAKEgBgBFACYAvMdAC
[12:39:15][REQ] POST moumi.com/mwebapi.phtml?SERVER_GET_COMMON_SETTINGS (type=XHR)
[12:39:15][REQ]   headers: {"Accept": "*/*", "Content-Type": "application/json", "Cookie": "dnsDisplayed=undefined; ccpaApplies=false; signedLspa=undefined; _sp_su=false; euconsent-v2=CQox_wAQox_wAAGABCENCrFgAP_gAABAAAYgF5wBgAF
[12:39:15][REQ]   body: <base64> {"$gpb":"moumi.bma.MoumiMessage","body":[{"message_type":398}],"message_id":48,"message_type":398,"v
[12:39:15][REQ] GET moumi.com/pcomet/1/11/delivered?seq=07672721571202465806&t=1786444472555_282555.3& (type=XHR)
[12:39:15][REQ]   headers: {"Accept": "*/*", "Cookie": "dnsDisplayed=undefined; ccpaApplies=false; signedLspa=undefined; _sp_su=false; euconsent-v2=CQox_wAQox_wAAGABCENCrFgAP_gAABAAAYgF5wBgAFABFACYAFIApoC8wAKACAKEgBgBFACYAvMdAC
[12:39:15][RES] 200 moumi.com/mwebapi.phtml (type=XHR)
[12:39:15][RES]   headers: {"server": "nginx", "date": "Tue, 11 Aug 2026 10:39:15 GMT", "content-type": "application/json", "x-local-host": "wwwbma37", "x-bma-server": "wwwbma37", "x-user-id": "zAhMACjIzODAyNTM0MzQAIEkFh8ogbiXY
[12:39:15][RES]   body size: 34396 bytes, saved to sources/
[12:39:15][RES] 200 moumi.com/mwebapi.phtml (type=XHR)
[12:39:15][RES]   headers: {"server": "nginx", "date": "Tue, 11 Aug 2026 10:39:15 GMT", "content-type": "application/json", "x-local-host": "wwwbma1", "x-bma-server": "wwwbma1", "x-user-id": "zAhMACjIzODAyNTM0MzQAIEkFh8ogbiXYOS
[12:39:15][RES]   body size: 34396 bytes, saved to sources/
[12:39:15][REQ] GET moumi.com/pcomet/1/11/init?im=mid:0&comet=mode:master,ua:m,type:5&seq=0767272 (type=XHR)
[12:39:15][REQ]   headers: {"Accept": "text/event-stream", "Cookie": "dnsDisplayed=undefined; ccpaApplies=false; signedLspa=undefined; _sp_su=false; euconsent-v2=CQox_wAQox_wAAGABCENCrFgAP_gAABAAAYgF5wBgAFABFACYAFIApoC8wAKACAKE
[12:39:15][REQ] GET moumi.com/pcomet/1/11/init?im=mid:0&comet=mode:master,ua:m,type:5&seq=0767272 (type=XHR)
[12:39:15][REQ]   headers: {"Accept": "text/event-stream", "Cookie": "dnsDisplayed=undefined; ccpaApplies=false; signedLspa=undefined; _sp_su=false; euconsent-v2=CQox_wAQox_wAAGABCENCrFgAP_gAABAAAYgF5wBgAFABFACYAFIApoC8wAKACAKE
[12:39:15][RES] 200 moumi.com/mwebapi.phtml (type=XHR)
[12:39:15][RES]   headers: {"server": "nginx", "date": "Tue, 11 Aug 2026 10:39:15 GMT", "content-type": "application/json", "x-local-host": "wwwbma25", "x-bma-server": "wwwbma25", "x-user-id": "zAhMACjIzODAyNTM0MzQAIEkFh8ogbiXY
[12:39:15][RES]   body size: 34396 bytes, saved to sources/
[12:39:15][REQ] GET moumi.com/pcomet/1/11/init?im=mid:0&comet=mode:master,ua:m,type:5&seq=0767272 (type=XHR)
[12:39:15][REQ]   headers: {"Accept": "text/event-stream", "Cookie": "dnsDisplayed=undefined; ccpaApplies=false; signedLspa=undefined; _sp_su=false; euconsent-v2=CQox_wAQox_wAAGABCENCrFgAP_gAABAAAYgF5wBgAFABFACYAFIApoC8wAKACAKE
[12:39:16][REQ] POST moumi.com/mwebapi.phtml?SERVER_GET_COMMON_SETTINGS (type=XHR)
[12:39:16][REQ]   headers: {"Accept": "*/*", "Content-Type": "application/json", "Cookie": "dnsDisplayed=undefined; ccpaApplies=false; signedLspa=undefined; _sp_su=false; euconsent-v2=CQox_wAQox_wAAGABCENCrFgAP_gAABAAAYgF5wBgAF
[12:39:16][REQ]   body: <base64> {"$gpb":"moumi.bma.MoumiMessage","body":[{"message_type":398}],"message_id":49,"message_type":398,"v
[12:39:16][REQ] GET moumi.com/pcomet/1/11/delivered?seq=07672721571202465807&t=1786444472555_282817.5& (type=XHR)
[12:39:16][REQ]   headers: {"Accept": "*/*", "Cookie": "dnsDisplayed=undefined; ccpaApplies=false; signedLspa=undefined; _sp_su=false; euconsent-v2=CQox_wAQox_wAAGABCENCrFgAP_gAABAAAYgF5wBgAFABFACYAFIApoC8wAKACAKEgBgBFACYAvMdAC
[12:39:16][REQ] POST moumi.com/mwebapi.phtml?SERVER_GET_COMMON_SETTINGS (type=XHR)
[12:39:16][REQ]   headers: {"Accept": "*/*", "Content-Type": "application/json", "Cookie": "dnsDisplayed=undefined; ccpaApplies=false; signedLspa=undefined; _sp_su=false; euconsent-v2=CQox_wAQox_wAAGABCENCrFgAP_gAABAAAYgF5wBgAF
[12:39:16][REQ]   body: <base64> {"$gpb":"moumi.bma.MoumiMessage","body":[{"message_type":398}],"message_id":50,"message_type":398,"v
[12:39:16][REQ] GET moumi.com/pcomet/1/11/delivered?seq=07672721571202465808&t=1786444472555_282817.5& (type=XHR)
[12:39:16][REQ]   headers: {"Accept": "*/*", "Cookie": "dnsDisplayed=undefined; ccpaApplies=false; signedLspa=undefined; _sp_su=false; euconsent-v2=CQox_wAQox_wAAGABCENCrFgAP_gAABAAAYgF5wBgAFABFACYAFIApoC8wAKACAKEgBgBFACYAvMdAC
[12:39:16][REQ] POST moumi.com/mwebapi.phtml?SERVER_GET_COMMON_SETTINGS (type=XHR)
[12:39:16][REQ]   headers: {"Accept": "*/*", "Content-Type": "application/json", "Cookie": "dnsDisplayed=undefined; ccpaApplies=false; signedLspa=undefined; _sp_su=false; euconsent-v2=CQox_wAQox_wAAGABCENCrFgAP_gAABAAAYgF5wBgAF
[12:39:16][REQ]   body: <base64> {"$gpb":"moumi.bma.MoumiMessage","body":[{"message_type":398}],"message_id":51,"message_type":398,"v
[12:39:16][REQ] GET moumi.com/pcomet/1/11/delivered?seq=07672721571202465809&t=1786444472555_282817.5& (type=XHR)
[12:39:16][REQ]   headers: {"Accept": "*/*", "Cookie": "dnsDisplayed=undefined; ccpaApplies=false; signedLspa=undefined; _sp_su=false; euconsent-v2=CQox_wAQox_wAAGABCENCrFgAP_gAABAAAYgF5wBgAFABFACYAFIApoC8wAKACAKEgBgBFACYAvMdAC
[12:39:16][RES] 200 moumi.com/mwebapi.phtml (type=XHR)
[12:39:16][RES]   headers: {"server": "nginx", "date": "Tue, 11 Aug 2026 10:39:16 GMT", "content-type": "application/json", "x-local-host": "wwwbma35", "x-bma-server": "wwwbma35", "x-user-id": "zAhMACjIzODAyNTM0MzQAIEkFh8ogbiXY
[12:39:16][RES]   body size: 34396 bytes, saved to sources/
[12:39:16][REQ] GET moumi.com/pcomet/1/11/init?im=mid:0&comet=mode:master,ua:m,type:5&seq=0767272 (type=XHR)
[12:39:16][REQ]   headers: {"Accept": "text/event-stream", "Cookie": "dnsDisplayed=undefined; ccpaApplies=false; signedLspa=undefined; _sp_su=false; euconsent-v2=CQox_wAQox_wAAGABCENCrFgAP_gAABAAAYgF5wBgAFABFACYAFIApoC8wAKACAKE
[12:39:16][REQ] GET moumi.com/pcomet/1/11/init?im=mid:0&comet=mode:master,ua:m,type:5&seq=0767272 (type=XHR)
[12:39:16][REQ]   headers: {"Accept": "text/event-stream", "Cookie": "dnsDisplayed=undefined; ccpaApplies=false; signedLspa=undefined; _sp_su=false; euconsent-v2=CQox_wAQox_wAAGABCENCrFgAP_gAABAAAYgF5wBgAFABFACYAFIApoC8wAKACAKE
[12:39:16][RES] 200 moumi.com/mwebapi.phtml (type=XHR)
[12:39:16][RES]   headers: {"server": "nginx", "date": "Tue, 11 Aug 2026 10:39:16 GMT", "content-type": "application/json", "x-local-host": "wwwbma9", "x-bma-server": "wwwbma9", "x-user-id": "zAhMACjIzODAyNTM0MzQAIEkFh8ogbiXYOS
[12:39:16][RES]   body size: 34397 bytes, saved to sources/
[12:39:16][REQ] GET moumi.com/pcomet/1/11/init?im=mid:0&comet=mode:master,ua:m,type:5&seq=0767272 (type=XHR)
[12:39:16][REQ]   headers: {"Accept": "text/event-stream", "Cookie": "dnsDisplayed=undefined; ccpaApplies=false; signedLspa=undefined; _sp_su=false; euconsent-v2=CQox_wAQox_wAAGABCENCrFgAP_gAABAAAYgF5wBgAFABFACYAFIApoC8wAKACAKE
[12:39:16][RES] 200 moumi.com/mwebapi.phtml (type=XHR)
[12:39:16][RES]   headers: {"server": "nginx", "date": "Tue, 11 Aug 2026 10:39:16 GMT", "content-type": "application/json", "x-local-host": "wwwbma20", "x-bma-server": "wwwbma20", "x-user-id": "zAhMACjIzODAyNTM0MzQAIEkFh8ogbiXY
[12:39:16][RES]   body size: 34396 bytes, saved to sources/
[12:39:16][REQ] GET moumi.com/pcomet/1/11/init?im=mid:0&comet=mode:master,ua:m,type:5&seq=0767272 (type=XHR)
[12:39:16][REQ]   headers: {"Accept": "text/event-stream", "Cookie": "dnsDisplayed=undefined; ccpaApplies=false; signedLspa=undefined; _sp_su=false; euconsent-v2=CQox_wAQox_wAAGABCENCrFgAP_gAABAAAYgF5wBgAFABFACYAFIApoC8wAKACAKE
[12:39:16][REQ] GET moumi.com/pcomet/1/11/init?im=mid:0&comet=mode:master,ua:m,type:5&seq=0767272 (type=XHR)
[12:39:16][REQ]   headers: {"Accept": "text/event-stream", "Cookie": "dnsDisplayed=undefined; ccpaApplies=false; signedLspa=undefined; _sp_su=false; euconsent-v2=CQox_wAQox_wAAGABCENCrFgAP_gAABAAAYgF5wBgAFABFACYAFIApoC8wAKACAKE
[12:39:16][REQ] POST moumi.com/mwebapi.phtml?SERVER_GET_COMMON_SETTINGS (type=XHR)
[12:39:16][REQ]   headers: {"Accept": "*/*", "Content-Type": "application/json", "Cookie": "dnsDisplayed=undefined; ccpaApplies=false; signedLspa=undefined; _sp_su=false; euconsent-v2=CQox_wAQox_wAAGABCENCrFgAP_gAABAAAYgF5wBgAF
[12:39:16][REQ]   body: <base64> {"$gpb":"moumi.bma.MoumiMessage","body":[{"message_type":398}],"message_id":52,"message_type":398,"v
[12:39:16][REQ] POST moumi.com/mwebapi.phtml?SERVER_GET_COMMON_SETTINGS (type=XHR)
[12:39:16][REQ]   headers: {"Accept": "*/*", "Content-Type": "application/json", "Cookie": "dnsDisplayed=undefined; ccpaApplies=false; signedLspa=undefined; _sp_su=false; euconsent-v2=CQox_wAQox_wAAGABCENCrFgAP_gAABAAAYgF5wBgAF
[12:39:16][REQ]   body: <base64> {"$gpb":"moumi.bma.MoumiMessage","body":[{"message_type":398}],"message_id":53,"message_type":398,"v
[12:39:16][REQ] GET moumi.com/pcomet/1/11/delivered?seq=07672721571202465811&t=1786444472555_283704.8& (type=XHR)
[12:39:16][REQ]   headers: {"Accept": "*/*", "Cookie": "dnsDisplayed=undefined; ccpaApplies=false; signedLspa=undefined; _sp_su=false; euconsent-v2=CQox_wAQox_wAAGABCENCrFgAP_gAABAAAYgF5wBgAFABFACYAFIApoC8wAKACAKEgBgBFACYAvMdAC
[12:39:16][RES] 200 moumi.com/mwebapi.phtml (type=XHR)
[12:39:16][RES]   headers: {"server": "nginx", "date": "Tue, 11 Aug 2026 10:39:17 GMT", "content-type": "application/json", "x-local-host": "wwwbma35", "x-bma-server": "wwwbma35", "x-user-id": "zAhMACjIzODAyNTM0MzQAIEkFh8ogbiXY
[12:39:16][RES]   body size: 34396 bytes, saved to sources/
[12:39:16][RES] 200 moumi.com/mwebapi.phtml (type=XHR)
[12:39:16][RES]   headers: {"server": "nginx", "date": "Tue, 11 Aug 2026 10:39:17 GMT", "content-type": "application/json", "x-local-host": "wwwbma9", "x-bma-server": "wwwbma9", "x-user-id": "zAhMACjIzODAyNTM0MzQAIEkFh8ogbiXYOS
[12:39:16][RES]   body size: 34396 bytes, saved to sources/
[12:39:16][REQ] GET moumi.com/pcomet/1/11/init?im=mid:0&comet=mode:master,ua:m,type:5&seq=0767272 (type=XHR)
[12:39:16][REQ]   headers: {"Accept": "text/event-stream", "Cookie": "dnsDisplayed=undefined; ccpaApplies=false; signedLspa=undefined; _sp_su=false; euconsent-v2=CQox_wAQox_wAAGABCENCrFgAP_gAABAAAYgF5wBgAFABFACYAFIApoC8wAKACAKE
[12:39:16][REQ] GET moumi.com/pcomet/1/11/init?im=mid:0&comet=mode:master,ua:m,type:5&seq=0767272 (type=XHR)
[12:39:16][REQ]   headers: {"Accept": "text/event-stream", "Cookie": "dnsDisplayed=undefined; ccpaApplies=false; signedLspa=undefined; _sp_su=false; euconsent-v2=CQox_wAQox_wAAGABCENCrFgAP_gAABAAAYgF5wBgAFABFACYAFIApoC8wAKACAKE
[12:39:16][REQ] POST eu1.moumi.com/hotpanel/hotpanel2.phtml?version=2.0 (type=Ping)
[12:39:16][REQ]   headers: {"Accept": "*/*", "Content-Type": "text/plain;charset=UTF-8", "Cookie": "dnsDisplayed=undefined; ccpaApplies=false; signedLspa=undefined; _sp_su=false; euconsent-v2=CQox_wAQox_wAAGABCENCrFgAP_gAABAAAY
[12:39:16][REQ]   body: j�e�ƭ��ۭ���V���w�V�~��٪i��슉�����+)�颺gږǝz��zZjW��`]z��z'\�����;��s��m�^��m�^{���ځ����(�)ek�tZ)ݣ
O]4Z)����eyg�*+�~���0�b��rJ��&{�y�M4I�ڮ/�߽��ǫr�����w_���ם�ǫ���������L�� Aa��vJn�e��\�7{h��2��q��!��Ǭ�*'�םo���5�_�~�]5�o�ӷ�z{l����}��ܜ�'$zW�z{u��Z���zW�z{{��l׿:�;�^y���rH���+y��jg����秉�y���r���v�z{��v�{�ۡܧ�؟�ƭ���؟�ƭ���ʗ���b~'�*'i�b�{r��Zrدjب��Zq�{�8�u�m��$�x,r���v�{}���zx�כ+��+y��jg��Ygjg�ݺ�z-���jب�z-���jب�ܩ{y�'�q�b�v��*'�*^��-�����镧�l׿:�;�^y���rH���+y��jg����秉�y���r���v�z{�
[12:39:16][REQ] GET www.facebook.com/tr/?id=1359524264116659&ev=SubscribedButtonClick&dl=ht (type=Image)
[12:39:16][REQ]   headers: {"Accept": "image/avif,image/webp,image/apng,image/svg+xml,image/*,*/*;q=0.8", "Referer": "https://moumi.com/", "User-Agent": "Mozilla/5.0 (Windows NT 10.0; Win64; x64) AppleWebKit/537.36 (KHTML, like
[12:39:16][REQ] POST moumi.com/mwebapi.phtml?SERVER_APP_STATS (type=XHR)
[12:39:16][REQ]   headers: {"Accept": "*/*", "Content-Type": "application/json", "Cookie": "dnsDisplayed=undefined; ccpaApplies=false; signedLspa=undefined; _sp_su=false; euconsent-v2=CQox_wAQox_wAAGABCENCrFgAP_gAABAAAYgF5wBgAF
[12:39:16][REQ]   body: <base64> {"$gpb":"moumi.bma.MoumiMessage","body":[{"message_type":278,"server_app_stats":{"$gpb":"moumi.bma.S
[12:39:16][REQ] POST moumi.com/mwebapi.phtml?SERVER_APP_STATS (type=XHR)
[12:39:16][REQ]   headers: {"Accept": "*/*", "Content-Type": "application/json", "Cookie": "dnsDisplayed=undefined; ccpaApplies=false; signedLspa=undefined; _sp_su=false; euconsent-v2=CQox_wAQox_wAAGABCENCrFgAP_gAABAAAYgF5wBgAF
[12:39:16][REQ]   body: <base64> {"$gpb":"moumi.bma.MoumiMessage","body":[{"message_type":278,"server_app_stats":{"$gpb":"moumi.bma.S
[12:39:16][RES] 200 moumi.com/mwebapi.phtml (type=XHR)
[12:39:16][RES]   headers: {"server": "nginx", "date": "Tue, 11 Aug 2026 10:39:17 GMT", "content-type": "application/json", "x-local-host": "wwwbma11", "x-bma-server": "wwwbma11", "x-user-id": "zAhMACjIzODAyNTM0MzQAIEkFh8ogbiXY
[12:39:16][RES]   body size: 194 bytes, saved to sources/
[12:39:16][RES] 200 moumi.com/mwebapi.phtml (type=XHR)
[12:39:16][RES]   headers: {"server": "nginx", "date": "Tue, 11 Aug 2026 10:39:17 GMT", "content-type": "application/json", "x-local-host": "wwwbma10", "x-bma-server": "wwwbma10", "x-user-id": "zAhMACjIzODAyNTM0MzQAIEkFh8ogbiXY
[12:39:16][RES]   body size: 194 bytes, saved to sources/
[12:39:16][REQ] POST moumi.com/mwebapi.phtml?SERVER_GET_COMMON_SETTINGS (type=XHR)
[12:39:16][REQ]   headers: {"Accept": "*/*", "Content-Type": "application/json", "Cookie": "dnsDisplayed=undefined; ccpaApplies=false; signedLspa=undefined; _sp_su=false; euconsent-v2=CQox_wAQox_wAAGABCENCrFgAP_gAABAAAYgF5wBgAF
[12:39:16][REQ]   body: <base64> {"$gpb":"moumi.bma.MoumiMessage","body":[{"message_type":398}],"message_id":56,"message_type":398,"v
[12:39:16][REQ] GET moumi.com/pcomet/1/11/delivered?seq=07672721571202465812&t=1786444472555_283925.9& (type=XHR)
[12:39:16][REQ]   headers: {"Accept": "*/*", "Cookie": "dnsDisplayed=undefined; ccpaApplies=false; signedLspa=undefined; _sp_su=false; euconsent-v2=CQox_wAQox_wAAGABCENCrFgAP_gAABAAAYgF5wBgAFABFACYAFIApoC8wAKACAKEgBgBFACYAvMdAC
[12:39:16][RES] 200 moumi.com/mwebapi.phtml (type=XHR)
[12:39:16][RES]   headers: {"server": "nginx", "date": "Tue, 11 Aug 2026 10:39:17 GMT", "content-type": "application/json", "x-local-host": "wwwbma14", "x-bma-server": "wwwbma14", "x-user-id": "zAhMACjIzODAyNTM0MzQAIEkFh8ogbiXY
[12:39:16][RES]   body size: 34397 bytes, saved to sources/
[12:39:16][REQ] GET moumi.com/pcomet/1/11/init?im=mid:0&comet=mode:master,ua:m,type:5&seq=0767272 (type=XHR)
[12:39:16][REQ]   headers: {"Accept": "text/event-stream", "Cookie": "dnsDisplayed=undefined; ccpaApplies=false; signedLspa=undefined; _sp_su=false; euconsent-v2=CQox_wAQox_wAAGABCENCrFgAP_gAABAAAYgF5wBgAFABFACYAFIApoC8wAKACAKE
[12:39:16][REQ] GET moumi.com/pcomet/1/11/init?im=mid:0&comet=mode:master,ua:m,type:5&seq=0767272 (type=XHR)
[12:39:16][REQ]   headers: {"Accept": "text/event-stream", "Cookie": "dnsDisplayed=undefined; ccpaApplies=false; signedLspa=undefined; _sp_su=false; euconsent-v2=CQox_wAQox_wAAGABCENCrFgAP_gAABAAAYgF5wBgAFABFACYAFIApoC8wAKACAKE
[12:39:17][REQ] POST moumi.com/mwebapi.phtml?SERVER_GET_COMMON_SETTINGS (type=XHR)
[12:39:17][REQ]   headers: {"Accept": "*/*", "Content-Type": "application/json", "Cookie": "dnsDisplayed=undefined; ccpaApplies=false; signedLspa=undefined; _sp_su=false; euconsent-v2=CQox_wAQox_wAAGABCENCrFgAP_gAABAAAYgF5wBgAF
[12:39:17][REQ]   body: <base64> {"$gpb":"moumi.bma.MoumiMessage","body":[{"message_type":398}],"message_id":57,"message_type":398,"v
[12:39:17][REQ] GET moumi.com/pcomet/1/11/delivered?seq=07672721571202465813&t=1786444472555_284400.10 (type=XHR)
[12:39:17][REQ]   headers: {"Accept": "*/*", "Cookie": "dnsDisplayed=undefined; ccpaApplies=false; signedLspa=undefined; _sp_su=false; euconsent-v2=CQox_wAQox_wAAGABCENCrFgAP_gAABAAAYgF5wBgAFABFACYAFIApoC8wAKACAKEgBgBFACYAvMdAC
[12:39:17][LIVE] Still recording...
[12:39:17][RES] 200 moumi.com/mwebapi.phtml (type=XHR)
[12:39:17][RES]   headers: {"server": "nginx", "date": "Tue, 11 Aug 2026 10:39:17 GMT", "content-type": "application/json", "x-local-host": "wwwbma10", "x-bma-server": "wwwbma10", "x-user-id": "zAhMACjIzODAyNTM0MzQAIEkFh8ogbiXY
[12:39:17][RES]   body size: 34396 bytes, saved to sources/
[12:39:17][SRC] cookies + storage saved
[12:39:17][REQ] GET moumi.com/pcomet/1/11/init?im=mid:0&comet=mode:master,ua:m,type:5&seq=0767272 (type=XHR)
[12:39:17][REQ]   headers: {"Accept": "text/event-stream", "Cookie": "dnsDisplayed=undefined; ccpaApplies=false; signedLspa=undefined; _sp_su=false; euconsent-v2=CQox_wAQox_wAAGABCENCrFgAP_gAABAAAYgF5wBgAFABFACYAFIApoC8wAKACAKE
[12:39:17][REQ] GET moumi.com/pcomet/1/11/init?im=mid:0&comet=mode:master,ua:m,type:5&seq=0767272 (type=XHR)
[12:39:17][REQ]   headers: {"Accept": "text/event-stream", "Cookie": "dnsDisplayed=undefined; ccpaApplies=false; signedLspa=undefined; _sp_su=false; euconsent-v2=CQox_wAQox_wAAGABCENCrFgAP_gAABAAAYgF5wBgAFABFACYAFIApoC8wAKACAKE
[12:39:17][REQ] POST moumi.com/mwebapi.phtml?SERVER_GET_COMMON_SETTINGS (type=XHR)
[12:39:17][REQ]   headers: {"Accept": "*/*", "Content-Type": "application/json", "Cookie": "dnsDisplayed=undefined; ccpaApplies=false; signedLspa=undefined; _sp_su=false; euconsent-v2=CQox_wAQox_wAAGABCENCrFgAP_gAABAAAYgF5wBgAF
[12:39:17][REQ]   body: <base64> {"$gpb":"moumi.bma.MoumiMessage","body":[{"message_type":398}],"message_id":58,"message_type":398,"v
[12:39:17][REQ] POST moumi.com/mwebapi.phtml?SERVER_GET_COMMON_SETTINGS (type=XHR)
[12:39:17][REQ]   headers: {"Accept": "*/*", "Content-Type": "application/json", "Cookie": "dnsDisplayed=undefined; ccpaApplies=false; signedLspa=undefined; _sp_su=false; euconsent-v2=CQox_wAQox_wAAGABCENCrFgAP_gAABAAAYgF5wBgAF
[12:39:17][REQ]   body: <base64> {"$gpb":"moumi.bma.MoumiMessage","body":[{"message_type":398}],"message_id":59,"message_type":398,"v
[12:39:17][REQ] GET moumi.com/pcomet/1/11/delivered?seq=07672721571202465815&t=1786444472555_284629.11 (type=XHR)
[12:39:17][REQ]   headers: {"Accept": "*/*", "Cookie": "dnsDisplayed=undefined; ccpaApplies=false; signedLspa=undefined; _sp_su=false; euconsent-v2=CQox_wAQox_wAAGABCENCrFgAP_gAABAAAYgF5wBgAFABFACYAFIApoC8wAKACAKEgBgBFACYAvMdAC
[12:39:17][RES] 200 moumi.com/mwebapi.phtml (type=XHR)
[12:39:17][RES]   headers: {"server": "nginx", "date": "Tue, 11 Aug 2026 10:39:18 GMT", "content-type": "application/json", "x-local-host": "wwwbma11", "x-bma-server": "wwwbma11", "x-user-id": "zAhMACjIzODAyNTM0MzQAIEkFh8ogbiXY
[12:39:17][RES]   body size: 34397 bytes, saved to sources/
[12:39:17][REQ] GET moumi.com/pcomet/1/11/init?im=mid:0&comet=mode:master,ua:m,type:5&seq=0767272 (type=XHR)
[12:39:17][REQ]   headers: {"Accept": "text/event-stream", "Cookie": "dnsDisplayed=undefined; ccpaApplies=false; signedLspa=undefined; _sp_su=false; euconsent-v2=CQox_wAQox_wAAGABCENCrFgAP_gAABAAAYgF5wBgAFABFACYAFIApoC8wAKACAKE
[12:39:17][REQ] GET moumi.com/pcomet/1/11/init?im=mid:0&comet=mode:master,ua:m,type:5&seq=0767272 (type=XHR)
[12:39:17][REQ]   headers: {"Accept": "text/event-stream", "Cookie": "dnsDisplayed=undefined; ccpaApplies=false; signedLspa=undefined; _sp_su=false; euconsent-v2=CQox_wAQox_wAAGABCENCrFgAP_gAABAAAYgF5wBgAFABFACYAFIApoC8wAKACAKE
[12:39:17][RES] 200 moumi.com/mwebapi.phtml (type=XHR)
[12:39:17][RES]   headers: {"server": "nginx", "date": "Tue, 11 Aug 2026 10:39:18 GMT", "content-type": "application/json", "x-local-host": "wwwbma30", "x-bma-server": "wwwbma30", "x-user-id": "zAhMACjIzODAyNTM0MzQAIEkFh8ogbiXY
[12:39:17][RES]   body size: 34396 bytes, saved to sources/
[12:39:17][REQ] GET moumi.com/pcomet/1/11/init?im=mid:0&comet=mode:master,ua:m,type:5&seq=0767272 (type=XHR)
[12:39:17][REQ]   headers: {"Accept": "text/event-stream", "Cookie": "dnsDisplayed=undefined; ccpaApplies=false; signedLspa=undefined; _sp_su=false; euconsent-v2=CQox_wAQox_wAAGABCENCrFgAP_gAABAAAYgF5wBgAFABFACYAFIApoC8wAKACAKE
[12:39:18][REQ] POST moumi.com/mwebapi.phtml?SERVER_GET_COMMON_SETTINGS (type=XHR)
[12:39:18][REQ]   headers: {"Accept": "*/*", "Content-Type": "application/json", "Cookie": "dnsDisplayed=undefined; ccpaApplies=false; signedLspa=undefined; _sp_su=false; euconsent-v2=CQox_wAQox_wAAGABCENCrFgAP_gAABAAAYgF5wBgAF
[12:39:18][REQ]   body: <base64> {"$gpb":"moumi.bma.MoumiMessage","body":[{"message_type":398}],"message_id":60,"message_type":398,"v
[12:39:18][REQ] GET moumi.com/pcomet/1/11/delivered?seq=07672721571202465816&t=1786444472555_284902.13 (type=XHR)
[12:39:18][REQ]   headers: {"Accept": "*/*", "Cookie": "dnsDisplayed=undefined; ccpaApplies=false; signedLspa=undefined; _sp_su=false; euconsent-v2=CQox_wAQox_wAAGABCENCrFgAP_gAABAAAYgF5wBgAFABFACYAFIApoC8wAKACAKEgBgBFACYAvMdAC
[12:39:18][RES] 200 moumi.com/mwebapi.phtml (type=XHR)
[12:39:18][RES]   headers: {"server": "nginx", "date": "Tue, 11 Aug 2026 10:39:18 GMT", "content-type": "application/json", "x-local-host": "wwwbma12", "x-bma-server": "wwwbma12", "x-user-id": "zAhMACjIzODAyNTM0MzQAIEkFh8ogbiXY
[12:39:18][RES]   body size: 34396 bytes, saved to sources/
[12:39:18][REQ] GET moumi.com/pcomet/1/11/init?im=mid:0&comet=mode:master,ua:m,type:5&seq=0767272 (type=XHR)
[12:39:18][REQ]   headers: {"Accept": "text/event-stream", "Cookie": "dnsDisplayed=undefined; ccpaApplies=false; signedLspa=undefined; _sp_su=false; euconsent-v2=CQox_wAQox_wAAGABCENCrFgAP_gAABAAAYgF5wBgAFABFACYAFIApoC8wAKACAKE
[12:39:18][REQ] POST region1.analytics.google.com/g/collect?v=2&tid=G-1MSEYK9Z8R&gtm=45je6871v884411251z886036 (type=XHR)
[12:39:18][REQ]   headers: {"Accept": "*/*", "Content-Type": "text/plain;charset=UTF-8", "Origin": "https://moumi.com", "Referer": "https://moumi.com/", "User-Agent": "Mozilla/5.0 (Windows NT 10.0; Win64; x64) AppleWebKit/537.3
[12:39:18][REQ]   body: <base64> en=page_view&_et=16163

en=page_view&_et=155

en=page_view&_et=3

en=page_view&_et=3193
[12:39:18][REQ] GET moumi.com/pcomet/1/11/init?im=mid:0&comet=mode:master,ua:m,type:5&seq=0767272 (type=XHR)
[12:39:18][REQ]   headers: {"Accept": "text/event-stream", "Cookie": "dnsDisplayed=undefined; ccpaApplies=false; signedLspa=undefined; _sp_su=false; euconsent-v2=CQox_wAQox_wAAGABCENCrFgAP_gAABAAAYgF5wBgAFABFACYAFIApoC8wAKACAKE
[12:39:18][RES] 204 region1.analytics.google.com/g/collect (type=XHR)
[12:39:18][RES]   headers: {"access-control-allow-origin": "https://moumi.com", "date": "Tue, 11 Aug 2026 10:39:18 GMT", "pragma": "no-cache", "expires": "Fri, 01 Jan 1990 00:00:00 GMT", "cache-control": "no-cache, no-store, mu
[12:39:18][RES]   body size: 0 bytes, saved to sources/
[12:39:18][REQ] POST www.facebook.com/tr/? (type=Document)
[12:39:18][REQ]   headers: {"Accept": "text/html,application/xhtml+xml,application/xml;q=0.9,image/avif,image/webp,image/apng,*/*;q=0.8,application/signed-exchange;v=b3;q=0.7", "Content-Type": "application/x-www-form-urlencoded
[12:39:18][REQ]   body: ��w��v�n��^��ׯJ��r��y�n��'
X���a��l�
��V�v��m�zw(�{^����ږǭ�^��8�<���}�ly�y�����y�n��9�v��Z���ݶ�
�rɬ�V�j�~rɬ�V�j�\�Z+����M��-�u�-�v�����p6�m�m�wm�m��`��)���+�m�m��`��)�z���ݶ�
�����>u�^�)�����h�
>��j׬�����{澂��ئ{�h�V�z[6�`��{�
�t�����m��`��֠�m��f��'�m��kr����
�n�m�}��-�����m��m��-���n{m�m�۰�w�[��h�7����z�����j׈����h�
>��j׬�����{澂��ئ{�h�V�z[w�_���y�n��9�y
�y��xW���޳��m���^�m��`^�߅��:yb��jا�䢵���)�'�v͂�(Z�`�X����������;0׎��u���߽�֛��ת8�n�zk4�n���^��8�4�^y睼�m��~y�]%z���ܜvP"�
[12:39:20][REQ] GET www.facebook.com/tr/?id=1359524264116659&ev=SubscribedButtonClick&dl=ht (type=Image)
[12:39:20][REQ]   headers: {"Accept": "image/avif,image/webp,image/apng,image/svg+xml,image/*,*/*;q=0.8", "Referer": "https://moumi.com/", "User-Agent": "Mozilla/5.0 (Windows NT 10.0; Win64; x64) AppleWebKit/537.36 (KHTML, like
[12:39:20][REQ] POST moumi.com/mwebapi.phtml?SERVER_SAVE_USER (type=XHR)
[12:39:20][REQ]   headers: {"Accept": "*/*", "Content-Type": "application/json", "Cookie": "dnsDisplayed=undefined; ccpaApplies=false; signedLspa=undefined; _sp_su=false; euconsent-v2=CQox_wAQox_wAAGABCENCrFgAP_gAABAAAYgF5wBgAF
[12:39:20][REQ]   body: <base64> {"$gpb":"moumi.bma.MoumiMessage","body":[{"message_type":405,"server_save_user":{"$gpb":"moumi.bma.S
[12:39:20][REQ] POST moumi.com/mwebapi.phtml?SERVER_APP_STATS (type=XHR)
[12:39:20][REQ]   headers: {"Accept": "*/*", "Content-Type": "application/json", "Cookie": "dnsDisplayed=undefined; ccpaApplies=false; signedLspa=undefined; _sp_su=false; euconsent-v2=CQox_wAQox_wAAGABCENCrFgAP_gAABAAAYgF5wBgAF
[12:39:20][REQ]   body: <base64> {"$gpb":"moumi.bma.MoumiMessage","body":[{"message_type":278,"server_app_stats":{"$gpb":"moumi.bma.S
[12:39:20][REQ] POST moumi.com/mwebapi.phtml?SERVER_APP_STATS (type=XHR)
[12:39:20][REQ]   headers: {"Accept": "*/*", "Content-Type": "application/json", "Cookie": "dnsDisplayed=undefined; ccpaApplies=false; signedLspa=undefined; _sp_su=false; euconsent-v2=CQox_wAQox_wAAGABCENCrFgAP_gAABAAAYgF5wBgAF
[12:39:20][REQ]   body: <base64> {"$gpb":"moumi.bma.MoumiMessage","body":[{"message_type":278,"server_app_stats":{"onboarding_page_st
[12:39:20][REQ] POST moumi.com/mwebapi.phtml?SERVER_APP_STATS (type=XHR)
[12:39:20][REQ]   headers: {"Accept": "*/*", "Content-Type": "application/json", "Cookie": "dnsDisplayed=undefined; ccpaApplies=false; signedLspa=undefined; _sp_su=false; euconsent-v2=CQox_wAQox_wAAGABCENCrFgAP_gAABAAAYgF5wBgAF
[12:39:20][REQ]   body: <base64> {"$gpb":"moumi.bma.MoumiMessage","body":[{"message_type":278,"server_app_stats":{"$gpb":"moumi.bma.S
[12:39:20][REQ] GET eu1.ecdn2.moumicdn.com/i/big/assets/cosmos/mobile/profile-quality/normal/mobile_web/standard/sz_430x430/profile-quality-relationship.png?v=23.5.0 (type=Image)
[12:39:20][REQ]   headers: {"Accept": "image/avif,image/webp,image/apng,image/svg+xml,image/*,*/*;q=0.8", "Referer": "https://moumi.com/", "User-Agent": "Mozilla/5.0 (Windows NT 10.0; Win64; x64) AppleWebKit/537.36 (KHTML, like
[12:39:21][RES] 200 moumi.com/mwebapi.phtml (type=XHR)
[12:39:21][RES]   headers: {"server": "nginx", "date": "Tue, 11 Aug 2026 10:39:21 GMT", "content-type": "application/json", "x-local-host": "wwwbma37", "x-bma-server": "wwwbma37", "x-user-id": "zAhMACjIzODAyNTM0MzQAIEkFh8ogbiXY
[12:39:21][RES]   body size: 194 bytes, saved to sources/
[12:39:21][RES] 200 moumi.com/mwebapi.phtml (type=XHR)
[12:39:21][RES]   headers: {"server": "nginx", "date": "Tue, 11 Aug 2026 10:39:21 GMT", "content-type": "application/json", "x-local-host": "wwwbma28", "x-bma-server": "wwwbma28", "x-user-id": "zAhMACjIzODAyNTM0MzQAIEkFh8ogbiXY
[12:39:21][RES]   body size: 194 bytes, saved to sources/
[12:39:21][RES] 200 moumi.com/mwebapi.phtml (type=XHR)
[12:39:21][RES]   headers: {"server": "nginx", "date": "Tue, 11 Aug 2026 10:39:21 GMT", "content-type": "application/json", "x-local-host": "wwwbma32", "x-bma-server": "wwwbma32", "x-user-id": "zAhMACjIzODAyNTM0MzQAIEkFh8ogbiXY
[12:39:21][RES]   body size: 194 bytes, saved to sources/
[12:39:21][RES] 200 moumi.com/mwebapi.phtml (type=XHR)
[12:39:21][RES]   headers: {"server": "nginx", "date": "Tue, 11 Aug 2026 10:39:21 GMT", "content-type": "application/json", "x-local-host": "wwwbma2", "x-bma-server": "wwwbma2", "x-user-id": "zAhMACjIzODAyNTM0MzQAIEkFh8ogbiXYOS
[12:39:21][RES]   body size: 16629 bytes, saved to sources/
[12:39:21][REQ] GET moumi.com/pcomet/1/11/delivered?seq=07672721571202465817&t=1786444472555_285712.14 (type=XHR)
[12:39:21][REQ]   headers: {"Accept": "*/*", "Cookie": "dnsDisplayed=undefined; ccpaApplies=false; signedLspa=undefined; _sp_su=false; euconsent-v2=CQox_wAQox_wAAGABCENCrFgAP_gAABAAAYgF5wBgAFABFACYAFIApoC8wAKACAKEgBgBFACYAvMdAC
[12:39:21][REQ] POST eu1.moumi.com/hotpanel/hotpanel2.phtml?version=2.0 (type=Ping)
[12:39:21][REQ]   headers: {"Accept": "*/*", "Content-Type": "text/plain;charset=UTF-8", "Cookie": "dnsDisplayed=undefined; ccpaApplies=false; signedLspa=undefined; _sp_su=false; euconsent-v2=CQox_wAQox_wAAGABCENCrFgAP_gAABAAAY
[12:39:21][REQ]   body: j�e�ƭ��ۭ���V���w�V�~��٪i��슉�����+)�颺gږǝz��zZjW��`]z��z'\�����;��s��m�^��m�^{���ځ����(�)ek�tZ)ݣ
O]4Z)����eyg�*+�~���0�b��rJ��&{�y�M4I�ڮ/�߽��ǫr�����w_���ם�ǫ���������L�� Aa��vJn�e��\�7{h��2��q��!��Ǭ�*'�םo���5�_�~�]5�o�ӷ�z{l������w+l׿:�;箵���rH���+y��jg��o,r���'u�����zyڙ��Yڙ�=n�r�'����z{�秝���m��^��8�Kki�"��秝���M����zx�׫+��+y��jg��Ygjg�ݺ�z-���jب�z-���jب�ܩ{y�'�q�b�v��*'�*^�-�����镧�l׿:�;��4���rH���+y��jg��o,r���'u�����zyڙ��Yڙ��ٺ��brG�zg��^��,�ب�Kl׿:�;��=���rH���+y��jg��o,r��
[12:39:22][REQ] GET www.facebook.com/tr/?id=1359524264116659&ev=SubscribedButtonClick&dl=ht (type=Image)
[12:39:22][REQ]   headers: {"Accept": "image/avif,image/webp,image/apng,image/svg+xml,image/*,*/*;q=0.8", "Referer": "https://moumi.com/", "User-Agent": "Mozilla/5.0 (Windows NT 10.0; Win64; x64) AppleWebKit/537.36 (KHTML, like
[12:39:22][REQ] POST moumi.com/mwebapi.phtml?SERVER_APP_STATS (type=XHR)
[12:39:22][REQ]   headers: {"Accept": "*/*", "Content-Type": "application/json", "Cookie": "dnsDisplayed=undefined; ccpaApplies=false; signedLspa=undefined; _sp_su=false; euconsent-v2=CQox_wAQox_wAAGABCENCrFgAP_gAABAAAYgF5wBgAF
[12:39:22][REQ]   body: <base64> {"$gpb":"moumi.bma.MoumiMessage","body":[{"message_type":278,"server_app_stats":{"onboarding_page_st
[12:39:22][REQ] POST region1.analytics.google.com/g/collect?v=2&tid=G-1MSEYK9Z8R&gtm=45je6871v884411251z886036 (type=XHR)
[12:39:22][REQ]   headers: {"Accept": "*/*", "Origin": "https://moumi.com", "Referer": "https://moumi.com/", "User-Agent": "Mozilla/5.0 (Windows NT 10.0; Win64; x64) AppleWebKit/537.36 (KHTML, like Gecko) Chrome/151.0.0.0 Safar
[12:39:22][REQ] POST region1.analytics.google.com/g/collect?v=2&tid=G-1MSEYK9Z8R&gtm=45je6871v884411251z886036 (type=XHR)
[12:39:22][REQ]   headers: {"Accept": "*/*", "Origin": "https://moumi.com", "Referer": "https://moumi.com/", "User-Agent": "Mozilla/5.0 (Windows NT 10.0; Win64; x64) AppleWebKit/537.36 (KHTML, like Gecko) Chrome/151.0.0.0 Safar
[12:39:22][REQ] GET www.google.de/ads/ga-audiences?v=1&t=sr&slf_rd=1&_r=4&tid=G-1MSEYK9Z8R&cid=183816 (type=Image)
[12:39:22][REQ]   headers: {"Accept": "image/avif,image/webp,image/apng,image/svg+xml,image/*,*/*;q=0.8", "Referer": "https://moumi.com/", "User-Agent": "Mozilla/5.0 (Windows NT 10.0; Win64; x64) AppleWebKit/537.36 (KHTML, like
[12:39:22][REQ] POST moumi.com/mwebapi.phtml?SERVER_GET_USER (type=XHR)
[12:39:22][REQ]   headers: {"Accept": "*/*", "Content-Type": "application/json", "Cookie": "dnsDisplayed=undefined; ccpaApplies=false; signedLspa=undefined; _sp_su=false; euconsent-v2=CQox_wAQox_wAAGABCENCrFgAP_gAABAAAYgF5wBgAF
[12:39:22][REQ]   body: <base64> {"$gpb":"moumi.bma.MoumiMessage","body":[{"message_type":403,"server_get_user":{"$gpb":"moumi.bma.Se
[12:39:22][RES] 204 region1.analytics.google.com/g/collect (type=XHR)
[12:39:22][RES]   headers: {"access-control-allow-origin": "https://moumi.com", "date": "Tue, 11 Aug 2026 10:39:23 GMT", "pragma": "no-cache", "expires": "Fri, 01 Jan 1990 00:00:00 GMT", "cache-control": "no-cache, no-store, mu
[12:39:22][RES]   body size: 0 bytes, saved to sources/
[12:39:22][RES] 204 region1.analytics.google.com/g/collect (type=XHR)
[12:39:22][RES]   headers: {"access-control-allow-origin": "https://moumi.com", "date": "Tue, 11 Aug 2026 10:39:23 GMT", "pragma": "no-cache", "expires": "Fri, 01 Jan 1990 00:00:00 GMT", "cache-control": "no-cache, no-store, mu
[12:39:22][RES]   body size: 0 bytes, saved to sources/
[12:39:22][RES] 200 moumi.com/mwebapi.phtml (type=XHR)
[12:39:22][RES]   headers: {"server": "nginx", "date": "Tue, 11 Aug 2026 10:39:23 GMT", "content-type": "application/json", "x-local-host": "wwwbma10", "x-bma-server": "wwwbma10", "x-user-id": "zAhMACjIzODAyNTM0MzQAIEkFh8ogbiXY
[12:39:22][RES]   body size: 194 bytes, saved to sources/
[12:39:22][REQ] POST moumi.com/mwebapi.phtml?SERVER_GET_COMMON_SETTINGS (type=XHR)
[12:39:22][REQ]   headers: {"Accept": "*/*", "Content-Type": "application/json", "Cookie": "dnsDisplayed=undefined; ccpaApplies=false; signedLspa=undefined; _sp_su=false; euconsent-v2=CQox_wAQox_wAAGABCENCrFgAP_gAABAAAYgF5wBgAF
[12:39:22][REQ]   body: <base64> {"$gpb":"moumi.bma.MoumiMessage","body":[{"message_type":398}],"message_id":67,"message_type":398,"v
[12:39:22][REQ] GET moumi.com/pcomet/1/11/delivered?seq=07672721571202465818&t=1786444472555_285712.14 (type=XHR)
[12:39:22][REQ]   headers: {"Accept": "*/*", "Cookie": "dnsDisplayed=undefined; ccpaApplies=false; signedLspa=undefined; _sp_su=false; euconsent-v2=CQox_wAQox_wAAGABCENCrFgAP_gAABAAAYgF5wBgAFABFACYAFIApoC8wAKACAKEgBgBFACYAvMdAC
[12:39:22][REQ] POST moumi.com/mwebapi.phtml?SERVER_GET_COMMON_SETTINGS (type=XHR)
[12:39:22][REQ]   headers: {"Accept": "*/*", "Content-Type": "application/json", "Cookie": "dnsDisplayed=undefined; ccpaApplies=false; signedLspa=undefined; _sp_su=false; euconsent-v2=CQox_wAQox_wAAGABCENCrFgAP_gAABAAAYgF5wBgAF
[12:39:22][REQ]   body: <base64> {"$gpb":"moumi.bma.MoumiMessage","body":[{"message_type":398}],"message_id":68,"message_type":398,"v
[12:39:22][REQ] GET moumi.com/pcomet/1/11/delivered?seq=07672721571202465819&t=1786444472555_285712.14 (type=XHR)
[12:39:22][REQ]   headers: {"Accept": "*/*", "Cookie": "dnsDisplayed=undefined; ccpaApplies=false; signedLspa=undefined; _sp_su=false; euconsent-v2=CQox_wAQox_wAAGABCENCrFgAP_gAABAAAYgF5wBgAFABFACYAFIApoC8wAKACAKEgBgBFACYAvMdAC
[12:39:22][RES] 200 moumi.com/mwebapi.phtml (type=XHR)
[12:39:22][RES]   headers: {"server": "nginx", "date": "Tue, 11 Aug 2026 10:39:23 GMT", "content-type": "application/json", "x-local-host": "wwwbma3", "x-bma-server": "wwwbma3", "x-user-id": "zAhMACjIzODAyNTM0MzQAIEkFh8ogbiXYOS
[12:39:22][RES]   body size: 16299 bytes, saved to sources/
[12:39:22][REQ] POST moumi.com/mwebapi.phtml?SERVER_START_PROFILE_QUALITY_WALKTHROUGH (type=XHR)
[12:39:22][REQ]   headers: {"Accept": "*/*", "Content-Type": "application/json", "Cookie": "dnsDisplayed=undefined; ccpaApplies=false; signedLspa=undefined; _sp_su=false; euconsent-v2=CQox_wAQox_wAAGABCENCrFgAP_gAABAAAYgF5wBgAF
[12:39:22][REQ]   body: <base64> {"$gpb":"moumi.bma.MoumiMessage","body":[{"message_type":514,"server_start_profile_quality_walkthrou
[12:39:22][RES] 200 moumi.com/mwebapi.phtml (type=XHR)
[12:39:22][RES]   headers: {"server": "nginx", "date": "Tue, 11 Aug 2026 10:39:23 GMT", "content-type": "application/json", "x-local-host": "wwwbma31", "x-bma-server": "wwwbma31", "x-user-id": "zAhMACjIzODAyNTM0MzQAIEkFh8ogbiXY
[12:39:22][RES]   body size: 1825 bytes, saved to sources/
[12:39:22][REQ] POST moumi.com/mwebapi.phtml?SERVER_GET_RESOURCES (type=XHR)
[12:39:22][REQ]   headers: {"Accept": "*/*", "Content-Type": "application/json", "Cookie": "dnsDisplayed=undefined; ccpaApplies=false; signedLspa=undefined; _sp_su=false; euconsent-v2=CQox_wAQox_wAAGABCENCrFgAP_gAABAAAYgF5wBgAF
[12:39:22][REQ]   body: <base64> {"$gpb":"moumi.bma.MoumiMessage","body":[{"message_type":667,"server_get_resources":{"$gpb":"moumi.b
[12:39:22][REQ] POST moumi.com/mwebapi.phtml?SERVER_GET_PERSON_PROFILE_EDIT_FORM (type=XHR)
[12:39:22][REQ]   headers: {"Accept": "*/*", "Content-Type": "application/json", "Cookie": "dnsDisplayed=undefined; ccpaApplies=false; signedLspa=undefined; _sp_su=false; euconsent-v2=CQox_wAQox_wAAGABCENCrFgAP_gAABAAAYgF5wBgAF
[12:39:22][REQ]   body: <base64> {"$gpb":"moumi.bma.MoumiMessage","body":[{"message_type":377,"server_person_profile_edit_form":{"$gp
[12:39:22][REQ] POST moumi.com/mwebapi.phtml?SERVER_GET_EXPERIENCE_FORM (type=XHR)
[12:39:22][REQ]   headers: {"Accept": "*/*", "Content-Type": "application/json", "Cookie": "dnsDisplayed=undefined; ccpaApplies=false; signedLspa=undefined; _sp_su=false; euconsent-v2=CQox_wAQox_wAAGABCENCrFgAP_gAABAAAYgF5wBgAF
[12:39:22][REQ]   body: <base64> {"$gpb":"moumi.bma.MoumiMessage","body":[{"message_type":608,"server_get_experience_form":{"$gpb":"b
[12:39:22][REQ] POST moumi.com/mwebapi.phtml?SERVER_INTERESTS_GET (type=XHR)
[12:39:22][REQ]   headers: {"Accept": "*/*", "Content-Type": "application/json", "Cookie": "dnsDisplayed=undefined; ccpaApplies=false; signedLspa=undefined; _sp_su=false; euconsent-v2=CQox_wAQox_wAAGABCENCrFgAP_gAABAAAYgF5wBgAF
[12:39:22][REQ]   body: <base64> {"$gpb":"moumi.bma.MoumiMessage","body":[{"message_type":233,"server_interests_get":{"$gpb":"moumi.b
[12:39:22][REQ] POST moumi.com/mwebapi.phtml?SERVER_GET_LANGUAGES (type=XHR)
[12:39:22][REQ]   headers: {"Accept": "*/*", "Content-Type": "application/json", "Cookie": "dnsDisplayed=undefined; ccpaApplies=false; signedLspa=undefined; _sp_su=false; euconsent-v2=CQox_wAQox_wAAGABCENCrFgAP_gAABAAAYgF5wBgAF
[12:39:22][REQ]   body: <base64> {"$gpb":"moumi.bma.MoumiMessage","body":[{"message_type":65,"server_get_languages":{"$gpb":"moumi.bm
[12:39:22][REQ] POST moumi.com/mwebapi.phtml?SERVER_GET_RESOURCES (type=XHR)
[12:39:22][REQ]   headers: {"Accept": "*/*", "Content-Type": "application/json", "Cookie": "dnsDisplayed=undefined; ccpaApplies=false; signedLspa=undefined; _sp_su=false; euconsent-v2=CQox_wAQox_wAAGABCENCrFgAP_gAABAAAYgF5wBgAF
[12:39:22][REQ]   body: <base64> {"$gpb":"moumi.bma.MoumiMessage","body":[{"message_type":667,"server_get_resources":{"$gpb":"moumi.b
[12:39:22][REQ] POST moumi.com/mwebapi.phtml?SERVER_GET_PERSON_PROFILE_EDIT_FORM (type=XHR)
[12:39:22][REQ]   headers: {"Accept": "*/*", "Content-Type": "application/json", "Cookie": "dnsDisplayed=undefined; ccpaApplies=false; signedLspa=undefined; _sp_su=false; euconsent-v2=CQox_wAQox_wAAGABCENCrFgAP_gAABAAAYgF5wBgAF
[12:39:22][REQ]   body: <base64> {"$gpb":"moumi.bma.MoumiMessage","body":[{"message_type":377,"server_person_profile_edit_form":{"$gp
[12:39:22][RES] 200 moumi.com/mwebapi.phtml (type=XHR)
[12:39:22][RES]   headers: {"server": "nginx", "date": "Tue, 11 Aug 2026 10:39:23 GMT", "content-type": "application/json", "x-local-host": "wwwbma11", "x-bma-server": "wwwbma11", "x-user-id": "zAhMACjIzODAyNTM0MzQAIEkFh8ogbiXY
[12:39:22][RES]   body size: 34396 bytes, saved to sources/
[12:39:22][REQ] GET moumi.com/pcomet/1/11/init?im=mid:0&comet=mode:master,ua:m,type:5&seq=0767272 (type=XHR)
[12:39:22][REQ]   headers: {"Accept": "text/event-stream", "Cookie": "dnsDisplayed=undefined; ccpaApplies=false; signedLspa=undefined; _sp_su=false; euconsent-v2=CQox_wAQox_wAAGABCENCrFgAP_gAABAAAYgF5wBgAFABFACYAFIApoC8wAKACAKE
[12:39:22][RES] 200 moumi.com/mwebapi.phtml (type=XHR)
[12:39:22][RES]   headers: {"server": "nginx", "date": "Tue, 11 Aug 2026 10:39:23 GMT", "content-type": "application/json", "x-local-host": "wwwbma36", "x-bma-server": "wwwbma36", "x-user-id": "zAhMACjIzODAyNTM0MzQAIEkFh8ogbiXY
[12:39:22][RES]   body size: 34396 bytes, saved to sources/
[12:39:22][REQ] GET moumi.com/pcomet/1/11/init?im=mid:0&comet=mode:master,ua:m,type:5&seq=0767272 (type=XHR)
[12:39:22][REQ]   headers: {"Accept": "text/event-stream", "Cookie": "dnsDisplayed=undefined; ccpaApplies=false; signedLspa=undefined; _sp_su=false; euconsent-v2=CQox_wAQox_wAAGABCENCrFgAP_gAABAAAYgF5wBgAFABFACYAFIApoC8wAKACAKE
[12:39:22][REQ] GET moumi.com/pcomet/1/11/init?im=mid:0&comet=mode:master,ua:m,type:5&seq=0767272 (type=XHR)
[12:39:22][REQ]   headers: {"Accept": "text/event-stream", "Cookie": "dnsDisplayed=undefined; ccpaApplies=false; signedLspa=undefined; _sp_su=false; euconsent-v2=CQox_wAQox_wAAGABCENCrFgAP_gAABAAAYgF5wBgAFABFACYAFIApoC8wAKACAKE
[12:39:23][RES] 200 moumi.com/mwebapi.phtml (type=XHR)
[12:39:23][RES]   headers: {"server": "nginx", "date": "Tue, 11 Aug 2026 10:39:23 GMT", "content-type": "application/json", "x-local-host": "wwwbma1", "x-bma-server": "wwwbma1", "x-user-id": "zAhMACjIzODAyNTM0MzQAIEkFh8ogbiXYOS
[12:39:23][RES]   body size: 5028 bytes, saved to sources/
[12:39:23][RES] 200 moumi.com/mwebapi.phtml (type=XHR)
[12:39:23][RES]   headers: {"server": "nginx", "date": "Tue, 11 Aug 2026 10:39:23 GMT", "content-type": "application/json", "x-local-host": "wwwbma9", "x-bma-server": "wwwbma9", "x-user-id": "zAhMACjIzODAyNTM0MzQAIEkFh8ogbiXYOS
[12:39:23][RES]   body size: 1516 bytes, saved to sources/
[12:39:23][RES] 200 moumi.com/mwebapi.phtml (type=XHR)
[12:39:23][RES]   headers: {"server": "nginx", "date": "Tue, 11 Aug 2026 10:39:23 GMT", "content-type": "application/json", "x-local-host": "wwwbma14", "x-bma-server": "wwwbma14", "x-user-id": "zAhMACjIzODAyNTM0MzQAIEkFh8ogbiXY
[12:39:23][RES]   body size: 8740 bytes, saved to sources/
[12:39:23][RES] 200 moumi.com/mwebapi.phtml (type=XHR)
[12:39:23][RES]   headers: {"server": "nginx", "date": "Tue, 11 Aug 2026 10:39:23 GMT", "content-type": "application/json", "x-local-host": "wwwbma35", "x-bma-server": "wwwbma35", "x-user-id": "zAhMACjIzODAyNTM0MzQAIEkFh8ogbiXY
[12:39:23][RES]   body size: 35125 bytes, saved to sources/
[12:39:23][RES] 200 moumi.com/mwebapi.phtml (type=XHR)
[12:39:23][RES]   headers: {"server": "nginx", "date": "Tue, 11 Aug 2026 10:39:23 GMT", "content-type": "application/json", "x-local-host": "wwwbma25", "x-bma-server": "wwwbma25", "x-user-id": "zAhMACjIzODAyNTM0MzQAIEkFh8ogbiXY
[12:39:23][RES]   body size: 1537 bytes, saved to sources/
[12:39:23][RES] 200 moumi.com/mwebapi.phtml (type=XHR)
[12:39:23][RES]   headers: {"server": "nginx", "date": "Tue, 11 Aug 2026 10:39:23 GMT", "content-type": "application/json", "x-local-host": "wwwbma10", "x-bma-server": "wwwbma10", "x-user-id": "zAhMACjIzODAyNTM0MzQAIEkFh8ogbiXY
[12:39:23][RES]   body size: 67844 bytes, saved to sources/
[12:39:23][RES] 200 moumi.com/mwebapi.phtml (type=XHR)
[12:39:23][RES]   headers: {"server": "nginx", "date": "Tue, 11 Aug 2026 10:39:23 GMT", "content-type": "application/json", "x-local-host": "wwwbma8", "x-bma-server": "wwwbma8", "x-user-id": "zAhMACjIzODAyNTM0MzQAIEkFh8ogbiXYOS
[12:39:23][RES]   body size: 67844 bytes, saved to sources/
[12:39:23][REQ] GET eu1.ecdn2.moumicdn.com/i/big/assets/cosmos/mobile/profile-quality/normal/mobile_web/standard/sz_430x430/profile-quality-sexuality.png?v=23.5.0 (type=Image)
[12:39:23][REQ]   headers: {"Accept": "image/avif,image/webp,image/apng,image/svg+xml,image/*,*/*;q=0.8", "Referer": "https://moumi.com/", "User-Agent": "Mozilla/5.0 (Windows NT 10.0; Win64; x64) AppleWebKit/537.36 (KHTML, like
[12:39:23][REQ] POST moumi.com/mwebapi.phtml?SERVER_GET_COMMON_SETTINGS (type=XHR)
[12:39:23][REQ]   headers: {"Accept": "*/*", "Content-Type": "application/json", "Cookie": "dnsDisplayed=undefined; ccpaApplies=false; signedLspa=undefined; _sp_su=false; euconsent-v2=CQox_wAQox_wAAGABCENCrFgAP_gAABAAAYgF5wBgAF
[12:39:23][REQ]   body: <base64> {"$gpb":"moumi.bma.MoumiMessage","body":[{"message_type":398}],"message_id":77,"message_type":398,"v
[12:39:23][REQ] GET moumi.com/pcomet/1/11/delivered?seq=07672721571202465820&t=1786444472555_290420.16 (type=XHR)
[12:39:23][REQ]   headers: {"Accept": "*/*", "Cookie": "dnsDisplayed=undefined; ccpaApplies=false; signedLspa=undefined; _sp_su=false; euconsent-v2=CQox_wAQox_wAAGABCENCrFgAP_gAABAAAYgF5wBgAFABFACYAFIApoC8wAKACAKEgBgBFACYAvMdAC
[12:39:23][REQ] POST moumi.com/mwebapi.phtml?SERVER_GET_COMMON_SETTINGS (type=XHR)
[12:39:23][REQ]   headers: {"Accept": "*/*", "Content-Type": "application/json", "Cookie": "dnsDisplayed=undefined; ccpaApplies=false; signedLspa=undefined; _sp_su=false; euconsent-v2=CQox_wAQox_wAAGABCENCrFgAP_gAABAAAYgF5wBgAF
[12:39:23][REQ]   body: <base64> {"$gpb":"moumi.bma.MoumiMessage","body":[{"message_type":398}],"message_id":78,"message_type":398,"v
[12:39:23][REQ] GET moumi.com/pcomet/1/11/delivered?seq=07672721571202465821&t=1786444472555_290420.16 (type=XHR)
[12:39:23][REQ]   headers: {"Accept": "*/*", "Cookie": "dnsDisplayed=undefined; ccpaApplies=false; signedLspa=undefined; _sp_su=false; euconsent-v2=CQox_wAQox_wAAGABCENCrFgAP_gAABAAAYgF5wBgAFABFACYAFIApoC8wAKACAKEgBgBFACYAvMdAC
[12:39:23][RES] 200 moumi.com/mwebapi.phtml (type=XHR)
[12:39:23][RES]   headers: {"server": "nginx", "date": "Tue, 11 Aug 2026 10:39:24 GMT", "content-type": "application/json", "x-local-host": "wwwbma29", "x-bma-server": "wwwbma29", "x-user-id": "zAhMACjIzODAyNTM0MzQAIEkFh8ogbiXY
[12:39:23][RES]   body size: 34396 bytes, saved to sources/
[12:39:23][REQ] GET moumi.com/pcomet/1/11/init?im=mid:0&comet=mode:master,ua:m,type:5&seq=0767272 (type=XHR)
[12:39:23][REQ]   headers: {"Accept": "text/event-stream", "Cookie": "dnsDisplayed=undefined; ccpaApplies=false; signedLspa=undefined; _sp_su=false; euconsent-v2=CQox_wAQox_wAAGABCENCrFgAP_gAABAAAYgF5wBgAFABFACYAFIApoC8wAKACAKE
[12:39:23][REQ] GET moumi.com/pcomet/1/11/init?im=mid:0&comet=mode:master,ua:m,type:5&seq=0767272 (type=XHR)
[12:39:23][REQ]   headers: {"Accept": "text/event-stream", "Cookie": "dnsDisplayed=undefined; ccpaApplies=false; signedLspa=undefined; _sp_su=false; euconsent-v2=CQox_wAQox_wAAGABCENCrFgAP_gAABAAAYgF5wBgAFABFACYAFIApoC8wAKACAKE
[12:39:23][RES] 200 moumi.com/mwebapi.phtml (type=XHR)
[12:39:23][RES]   headers: {"server": "nginx", "date": "Tue, 11 Aug 2026 10:39:24 GMT", "content-type": "application/json", "x-local-host": "wwwbma13", "x-bma-server": "wwwbma13", "x-user-id": "zAhMACjIzODAyNTM0MzQAIEkFh8ogbiXY
[12:39:23][RES]   body size: 34397 bytes, saved to sources/
[12:39:23][REQ] GET moumi.com/pcomet/1/11/init?im=mid:0&comet=mode:master,ua:m,type:5&seq=0767272 (type=XHR)
[12:39:23][REQ]   headers: {"Accept": "text/event-stream", "Cookie": "dnsDisplayed=undefined; ccpaApplies=false; signedLspa=undefined; _sp_su=false; euconsent-v2=CQox_wAQox_wAAGABCENCrFgAP_gAABAAAYgF5wBgAFABFACYAFIApoC8wAKACAKE
[12:39:23][REQ] POST region1.analytics.google.com/g/collect?v=2&tid=G-1MSEYK9Z8R&gtm=45je6871v884411251z886036 (type=XHR)
[12:39:23][REQ]   headers: {"Accept": "*/*", "Origin": "https://moumi.com", "Referer": "https://moumi.com/", "User-Agent": "Mozilla/5.0 (Windows NT 10.0; Win64; x64) AppleWebKit/537.36 (KHTML, like Gecko) Chrome/151.0.0.0 Safar
[12:39:23][RES] 204 region1.analytics.google.com/g/collect (type=XHR)
[12:39:23][RES]   headers: {"access-control-allow-origin": "https://moumi.com", "date": "Tue, 11 Aug 2026 10:39:24 GMT", "pragma": "no-cache", "expires": "Fri, 01 Jan 1990 00:00:00 GMT", "cache-control": "no-cache, no-store, mu
[12:39:23][RES]   body size: 0 bytes, saved to sources/
[12:39:24][REQ] POST moumi.com/mwebapi.phtml?SERVER_SAVE_USER (type=XHR)
[12:39:24][REQ]   headers: {"Accept": "*/*", "Content-Type": "application/json", "Cookie": "dnsDisplayed=undefined; ccpaApplies=false; signedLspa=undefined; _sp_su=false; euconsent-v2=CQox_wAQox_wAAGABCENCrFgAP_gAABAAAYgF5wBgAF
[12:39:24][REQ]   body: ���i�(nf�i�(1�,j��ܦz���r��4�ǫ���j����ॶ�v�������I��Rǫ�ǫ���i�(nf���鮇���zWl���i�(nf�����bzW]��ek+ږ璶���oj[�J�ڊm�*^���'s 
2380253434  I�� n%�9)�����s�������v��_l����zW_�[^�
[m�h���Rǫ'�tX���鮈�rب��t��n�w�zW_�[^�
[m�h���Rǫ'�tX���鮈�rب��6�M�ӭ;��=��x�m��]6�N6�n���6�M��}��M�ӯt�N=�~4�;�Mu�N:ӏ4��u�M�׏x߭;�m�׍���z�Z����
[m�h���I��z���	[�f�n�ʗ����i�(nf�z�ެg�V[�kr��ॶ�v��������@���jV�ܩ{]��׫��i���u��ڇ߱�tr���n+z���ا��޲� ���v�������"{^��-�g��)���4r��{uӉ��Ơz'{�g����*^�Noz�"�}b����
�w_j[
[12:39:24][RES] 200 moumi.com/mwebapi.phtml (type=XHR)
[12:39:24][RES]   headers: {"server": "nginx", "date": "Tue, 11 Aug 2026 10:39:25 GMT", "content-type": "application/json", "x-local-host": "wwwbma7", "x-bma-server": "wwwbma7", "x-user-id": "zAhMACjIzODAyNTM0MzQAIEkFh8ogbiXYOS
[12:39:24][RES]   body size: 17174 bytes, saved to sources/
[12:39:24][REQ] POST moumi.com/mwebapi.phtml?SERVER_GET_COMMON_SETTINGS (type=XHR)
[12:39:24][REQ]   headers: {"Accept": "*/*", "Content-Type": "application/json", "Cookie": "dnsDisplayed=undefined; ccpaApplies=false; signedLspa=undefined; _sp_su=false; euconsent-v2=CQox_wAQox_wAAGABCENCrFgAP_gAABAAAYgF5wBgAF
[12:39:24][REQ]   body: <base64> {"$gpb":"moumi.bma.MoumiMessage","body":[{"message_type":398}],"message_id":80,"message_type":398,"v
[12:39:24][REQ] GET moumi.com/pcomet/1/11/init?im=mid:0&comet=mode:master,ua:m,type:5&seq=0767272 (type=XHR)
[12:39:24][REQ]   headers: {"Accept": "text/event-stream", "Cookie": "dnsDisplayed=undefined; ccpaApplies=false; signedLspa=undefined; _sp_su=false; euconsent-v2=CQox_wAQox_wAAGABCENCrFgAP_gAABAAAYgF5wBgAFABFACYAFIApoC8wAKACAKE
[12:39:24][REQ] GET moumi.com/pcomet/1/11/delivered?seq=07672721571202465822&t=1786444472555_291297.18 (type=XHR)
[12:39:24][REQ]   headers: {"Accept": "*/*", "Cookie": "dnsDisplayed=undefined; ccpaApplies=false; signedLspa=undefined; _sp_su=false; euconsent-v2=CQox_wAQox_wAAGABCENCrFgAP_gAABAAAYgF5wBgAFABFACYAFIApoC8wAKACAKEgBgBFACYAvMdAC
[12:39:24][REQ] GET moumi.com/pcomet/1/11/init?im=mid:0&comet=mode:master,ua:m,type:5&seq=0767272 (type=XHR)
[12:39:24][REQ]   headers: {"Accept": "text/event-stream", "Cookie": "dnsDisplayed=undefined; ccpaApplies=false; signedLspa=undefined; _sp_su=false; euconsent-v2=CQox_wAQox_wAAGABCENCrFgAP_gAABAAAYgF5wBgAFABFACYAFIApoC8wAKACAKE
[12:39:24][REQ] GET moumi.com/pcomet/1/11/init?im=mid:0&comet=mode:master,ua:m,type:5&seq=0767272 (type=XHR)
[12:39:24][REQ]   headers: {"Accept": "text/event-stream", "Cookie": "dnsDisplayed=undefined; ccpaApplies=false; signedLspa=undefined; _sp_su=false; euconsent-v2=CQox_wAQox_wAAGABCENCrFgAP_gAABAAAYgF5wBgAFABFACYAFIApoC8wAKACAKE
[12:39:24][REQ] GET moumi.com/pcomet/1/11/delivered?seq=07672721571202465823&t=1786444472555_292134.19 (type=XHR)
[12:39:24][REQ]   headers: {"Accept": "*/*", "Cookie": "dnsDisplayed=undefined; ccpaApplies=false; signedLspa=undefined; _sp_su=false; euconsent-v2=CQox_wAQox_wAAGABCENCrFgAP_gAABAAAYgF5wBgAFABFACYAFIApoC8wAKACAKEgBgBFACYAvMdAC
[12:39:24][RES] 200 moumi.com/mwebapi.phtml (type=XHR)
[12:39:24][RES]   headers: {"server": "nginx", "date": "Tue, 11 Aug 2026 10:39:25 GMT", "content-type": "application/json", "x-local-host": "wwwbma30", "x-bma-server": "wwwbma30", "x-user-id": "zAhMACjIzODAyNTM0MzQAIEkFh8ogbiXY
[12:39:24][RES]   body size: 34396 bytes, saved to sources/
[12:39:24][REQ] GET moumi.com/pcomet/1/11/init?im=mid:0&comet=mode:master,ua:m,type:5&seq=0767272 (type=XHR)
[12:39:24][REQ]   headers: {"Accept": "text/event-stream", "Cookie": "dnsDisplayed=undefined; ccpaApplies=false; signedLspa=undefined; _sp_su=false; euconsent-v2=CQox_wAQox_wAAGABCENCrFgAP_gAABAAAYgF5wBgAFABFACYAFIApoC8wAKACAKE
[12:39:24][REQ] GET moumi.com/pcomet/1/11/init?im=mid:0&comet=mode:master,ua:m,type:5&seq=0767272 (type=XHR)
[12:39:24][REQ]   headers: {"Accept": "text/event-stream", "Cookie": "dnsDisplayed=undefined; ccpaApplies=false; signedLspa=undefined; _sp_su=false; euconsent-v2=CQox_wAQox_wAAGABCENCrFgAP_gAABAAAYgF5wBgAFABFACYAFIApoC8wAKACAKE
[12:39:25][REQ] POST moumi.com/mwebapi.phtml?SERVER_GET_COMMON_SETTINGS (type=XHR)
[12:39:25][REQ]   headers: {"Accept": "*/*", "Content-Type": "application/json", "Cookie": "dnsDisplayed=undefined; ccpaApplies=false; signedLspa=undefined; _sp_su=false; euconsent-v2=CQox_wAQox_wAAGABCENCrFgAP_gAABAAAYgF5wBgAF
[12:39:25][REQ]   body: <base64> {"$gpb":"moumi.bma.MoumiMessage","body":[{"message_type":398}],"message_id":81,"message_type":398,"v
[12:39:25][REQ] GET moumi.com/pcomet/1/11/delivered?seq=07672721571202465824&t=1786444472555_292320.21 (type=XHR)
[12:39:25][REQ]   headers: {"Accept": "*/*", "Cookie": "dnsDisplayed=undefined; ccpaApplies=false; signedLspa=undefined; _sp_su=false; euconsent-v2=CQox_wAQox_wAAGABCENCrFgAP_gAABAAAYgF5wBgAFABFACYAFIApoC8wAKACAKEgBgBFACYAvMdAC
[12:39:25][RES] 200 moumi.com/mwebapi.phtml (type=XHR)
[12:39:25][RES]   headers: {"server": "nginx", "date": "Tue, 11 Aug 2026 10:39:26 GMT", "content-type": "application/json", "x-local-host": "wwwbma9", "x-bma-server": "wwwbma9", "x-user-id": "zAhMACjIzODAyNTM0MzQAIEkFh8ogbiXYOS
[12:39:25][RES]   body size: 34396 bytes, saved to sources/
[12:39:25][REQ] GET moumi.com/pcomet/1/11/init?im=mid:0&comet=mode:master,ua:m,type:5&seq=0767272 (type=XHR)
[12:39:25][REQ]   headers: {"Accept": "text/event-stream", "Cookie": "dnsDisplayed=undefined; ccpaApplies=false; signedLspa=undefined; _sp_su=false; euconsent-v2=CQox_wAQox_wAAGABCENCrFgAP_gAABAAAYgF5wBgAFABFACYAFIApoC8wAKACAKE
[12:39:25][REQ] GET moumi.com/pcomet/1/11/init?im=mid:0&comet=mode:master,ua:m,type:5&seq=0767272 (type=XHR)
[12:39:25][REQ]   headers: {"Accept": "text/event-stream", "Cookie": "dnsDisplayed=undefined; ccpaApplies=false; signedLspa=undefined; _sp_su=false; euconsent-v2=CQox_wAQox_wAAGABCENCrFgAP_gAABAAAYgF5wBgAFABFACYAFIApoC8wAKACAKE
[12:39:25][REQ] POST moumi.com/mwebapi.phtml?SERVER_GET_COMMON_SETTINGS (type=XHR)
[12:39:25][REQ]   headers: {"Accept": "*/*", "Content-Type": "application/json", "Cookie": "dnsDisplayed=undefined; ccpaApplies=false; signedLspa=undefined; _sp_su=false; euconsent-v2=CQox_wAQox_wAAGABCENCrFgAP_gAABAAAYgF5wBgAF
[12:39:25][REQ]   body: <base64> {"$gpb":"moumi.bma.MoumiMessage","body":[{"message_type":398}],"message_id":82,"message_type":398,"v
[12:39:25][REQ] GET moumi.com/pcomet/1/11/delivered?seq=07672721571202465825&t=1786444472555_293287.22 (type=XHR)
[12:39:25][REQ]   headers: {"Accept": "*/*", "Cookie": "dnsDisplayed=undefined; ccpaApplies=false; signedLspa=undefined; _sp_su=false; euconsent-v2=CQox_wAQox_wAAGABCENCrFgAP_gAABAAAYgF5wBgAFABFACYAFIApoC8wAKACAKEgBgBFACYAvMdAC
[12:39:26][RES] 200 moumi.com/mwebapi.phtml (type=XHR)
[12:39:26][RES]   headers: {"server": "nginx", "date": "Tue, 11 Aug 2026 10:39:26 GMT", "content-type": "application/json", "x-local-host": "wwwbma8", "x-bma-server": "wwwbma8", "x-user-id": "zAhMACjIzODAyNTM0MzQAIEkFh8ogbiXYOS
[12:39:26][RES]   body size: 34396 bytes, saved to sources/
[12:39:26][REQ] GET moumi.com/pcomet/1/11/init?im=mid:0&comet=mode:master,ua:m,type:5&seq=0767272 (type=XHR)
[12:39:26][REQ]   headers: {"Accept": "text/event-stream", "Cookie": "dnsDisplayed=undefined; ccpaApplies=false; signedLspa=undefined; _sp_su=false; euconsent-v2=CQox_wAQox_wAAGABCENCrFgAP_gAABAAAYgF5wBgAFABFACYAFIApoC8wAKACAKE
[12:39:26][REQ] GET moumi.com/pcomet/1/11/init?im=mid:0&comet=mode:master,ua:m,type:5&seq=0767272 (type=XHR)
[12:39:26][REQ]   headers: {"Accept": "text/event-stream", "Cookie": "dnsDisplayed=undefined; ccpaApplies=false; signedLspa=undefined; _sp_su=false; euconsent-v2=CQox_wAQox_wAAGABCENCrFgAP_gAABAAAYgF5wBgAFABFACYAFIApoC8wAKACAKE
[12:39:26][REQ] POST region1.analytics.google.com/g/collect?v=2&tid=G-1MSEYK9Z8R&gtm=45je6871v884411251za20gzb (type=XHR)
[12:39:26][REQ]   headers: {"Accept": "*/*", "Origin": "https://moumi.com", "Referer": "https://moumi.com/", "User-Agent": "Mozilla/5.0 (Windows NT 10.0; Win64; x64) AppleWebKit/537.36 (KHTML, like Gecko) Chrome/151.0.0.0 Safar
[12:39:26][RES] 204 region1.analytics.google.com/g/collect (type=XHR)
[12:39:26][RES]   headers: {"access-control-allow-origin": "https://moumi.com", "date": "Tue, 11 Aug 2026 10:39:27 GMT", "pragma": "no-cache", "expires": "Fri, 01 Jan 1990 00:00:00 GMT", "cache-control": "no-cache, no-store, mu
[12:39:26][RES]   body size: 0 bytes, saved to sources/
[12:39:27][REQ] POST region1.analytics.google.com/g/collect?v=2&tid=G-1MSEYK9Z8R&gtm=45je6871v884411251z886036 (type=XHR)
[12:39:27][REQ]   headers: {"Accept": "*/*", "Origin": "https://moumi.com", "Referer": "https://moumi.com/", "User-Agent": "Mozilla/5.0 (Windows NT 10.0; Win64; x64) AppleWebKit/537.36 (KHTML, like Gecko) Chrome/151.0.0.0 Safar
[12:39:27][RES] 204 region1.analytics.google.com/g/collect (type=XHR)
[12:39:27][RES]   headers: {"access-control-allow-origin": "https://moumi.com", "date": "Tue, 11 Aug 2026 10:39:28 GMT", "pragma": "no-cache", "expires": "Fri, 01 Jan 1990 00:00:00 GMT", "cache-control": "no-cache, no-store, mu
[12:39:27][RES]   body size: 0 bytes, saved to sources/
[12:39:27][REQ] POST eu1.moumi.com/hotpanel/hotpanel2.phtml?version=2.0 (type=Ping)
[12:39:27][REQ]   headers: {"Accept": "*/*", "Content-Type": "text/plain;charset=UTF-8", "Cookie": "dnsDisplayed=undefined; ccpaApplies=false; signedLspa=undefined; _sp_su=false; euconsent-v2=CQox_wAQox_wAAGABCENCrFgAP_gAABAAAY
[12:39:27][REQ]   body: <base64> {"application":{"brand":2,"layout":3,"platform":2,"app_version":"6.2877.0","is_premium":false},"devi
[12:39:28][REQ] POST moumi.com/mwebapi.phtml?SERVER_SAVE_USER (type=XHR)
[12:39:28][REQ]   headers: {"Accept": "*/*", "Content-Type": "application/json", "Cookie": "dnsDisplayed=undefined; ccpaApplies=false; signedLspa=undefined; _sp_su=false; euconsent-v2=CQox_wAQox_wAAGABCENCrFgAP_gAABAAAYgF5wBgAF
[12:39:28][REQ]   body: ���i�(nf�i�(1�,j��ܦz���r��4�ǫ���j����ॶ�v�������I��Rǫ�ǫ���i�(nf���鮇���zWl���i�(nf�����bzW]��ek+ږ璊x%z���䢞	^�*^���'s 
2380253434  I�� n%�9)�����s�������v��_l����zW_�[^�
[m�h���Rǫ'�tX���鮈�rب��t��n�w�zW_�[^�
[m�h���Rǫ'�tX���鮈�rب��6�M�ӭ;��=��x�m��]6�N6�n���6�M��}��M�ӯt�N=�~4�;�Mu�N:ӏ4��u�M�׏x߭;�m�׍���z�Z����
[m�h���I��z���	[�f�n�ʗ����i�(nf�z�ެg�V[�kr��ॶ�v��������@���jV�ܩ{]��׫��i���u��ڇ߱�tr���n+z���ا��޲� ���v�������"{^��-�g��)���4r��{uӉ��Ơz'|�g����*^�Noz�"�}b����
�w_j[
[12:39:28][RES] 200 moumi.com/mwebapi.phtml (type=XHR)
[12:39:28][RES]   headers: {"server": "nginx", "date": "Tue, 11 Aug 2026 10:39:28 GMT", "content-type": "application/json", "x-local-host": "wwwbma11", "x-bma-server": "wwwbma11", "x-user-id": "zAhMACjIzODAyNTM0MzQAIEkFh8ogbiXY
[12:39:28][RES]   body size: 17191 bytes, saved to sources/
[12:39:29][REQ] POST region1.analytics.google.com/g/collect?v=2&tid=G-1MSEYK9Z8R&gtm=45je6871v884411251za20gzb (type=XHR)
[12:39:29][REQ]   headers: {"Accept": "*/*", "Origin": "https://moumi.com", "Referer": "https://moumi.com/", "User-Agent": "Mozilla/5.0 (Windows NT 10.0; Win64; x64) AppleWebKit/537.36 (KHTML, like Gecko) Chrome/151.0.0.0 Safar
[12:39:29][REQ] POST moumi.com/mwebapi.phtml?SERVER_INTERESTS_GET (type=XHR)
[12:39:29][REQ]   headers: {"Accept": "*/*", "Content-Type": "application/json", "Cookie": "dnsDisplayed=undefined; ccpaApplies=false; signedLspa=undefined; _sp_su=false; euconsent-v2=CQox_wAQox_wAAGABCENCrFgAP_gAABAAAYgF5wBgAF
[12:39:29][REQ]   body: <base64> {"$gpb":"moumi.bma.MoumiMessage","body":[{"message_type":233,"server_interests_get":{"$gpb":"moumi.b
[12:39:29][REQ] POST moumi.com/mwebapi.phtml?SERVER_GET_RESOURCES (type=XHR)
[12:39:29][REQ]   headers: {"Accept": "*/*", "Content-Type": "application/json", "Cookie": "dnsDisplayed=undefined; ccpaApplies=false; signedLspa=undefined; _sp_su=false; euconsent-v2=CQox_wAQox_wAAGABCENCrFgAP_gAABAAAYgF5wBgAF
[12:39:29][REQ]   body: <base64> {"$gpb":"moumi.bma.MoumiMessage","body":[{"message_type":667,"server_get_resources":{"$gpb":"moumi.b
[12:39:30][RES] 204 region1.analytics.google.com/g/collect (type=XHR)
[12:39:30][RES]   headers: {"access-control-allow-origin": "https://moumi.com", "date": "Tue, 11 Aug 2026 10:39:30 GMT", "pragma": "no-cache", "expires": "Fri, 01 Jan 1990 00:00:00 GMT", "cache-control": "no-cache, no-store, mu
[12:39:30][RES]   body size: 0 bytes, saved to sources/
[12:39:30][RES] 200 moumi.com/mwebapi.phtml (type=XHR)
[12:39:30][RES]   headers: {"server": "nginx", "date": "Tue, 11 Aug 2026 10:39:30 GMT", "content-type": "application/json", "x-local-host": "wwwbma4", "x-bma-server": "wwwbma4", "x-user-id": "zAhMACjIzODAyNTM0MzQAIEkFh8ogbiXYOS
[12:39:30][RES]   body size: 1854 bytes, saved to sources/
[12:39:30][RES] 200 moumi.com/mwebapi.phtml (type=XHR)
[12:39:30][RES]   headers: {"server": "nginx", "date": "Tue, 11 Aug 2026 10:39:30 GMT", "content-type": "application/json", "x-local-host": "wwwbma36", "x-bma-server": "wwwbma36", "x-user-id": "zAhMACjIzODAyNTM0MzQAIEkFh8ogbiXY
[12:39:30][RES]   body size: 31717 bytes, saved to sources/
[12:39:30][REQ] GET eu1.ecdn2.moumicdn.com/i/big/assets/cosmos/mobile/profile-quality/normal/mobile_web/standard/sz_430x430/profile-quality-interests.png?v=23.5.0 (type=Image)
[12:39:30][REQ]   headers: {"Accept": "image/avif,image/webp,image/apng,image/svg+xml,image/*,*/*;q=0.8", "Referer": "https://moumi.com/", "User-Agent": "Mozilla/5.0 (Windows NT 10.0; Win64; x64) AppleWebKit/537.36 (KHTML, like
[12:39:30][REQ] POST region1.analytics.google.com/g/collect?v=2&tid=G-1MSEYK9Z8R&gtm=45je6871v884411251z886036 (type=XHR)
[12:39:30][REQ]   headers: {"Accept": "*/*", "Origin": "https://moumi.com", "Referer": "https://moumi.com/", "User-Agent": "Mozilla/5.0 (Windows NT 10.0; Win64; x64) AppleWebKit/537.36 (KHTML, like Gecko) Chrome/151.0.0.0 Safar
[12:39:31][RES] 204 region1.analytics.google.com/g/collect (type=XHR)
[12:39:31][RES]   headers: {"access-control-allow-origin": "https://moumi.com", "date": "Tue, 11 Aug 2026 10:39:31 GMT", "pragma": "no-cache", "expires": "Fri, 01 Jan 1990 00:00:00 GMT", "cache-control": "no-cache, no-store, mu
[12:39:31][RES]   body size: 0 bytes, saved to sources/
[12:39:32][REQ] GET www.facebook.com/tr/?id=1359524264116659&ev=SubscribedButtonClick&dl=ht (type=Image)
[12:39:32][REQ]   headers: {"Accept": "image/avif,image/webp,image/apng,image/svg+xml,image/*,*/*;q=0.8", "Referer": "https://moumi.com/", "User-Agent": "Mozilla/5.0 (Windows NT 10.0; Win64; x64) AppleWebKit/537.36 (KHTML, like
[12:39:33][REQ] POST eu1.moumi.com/hotpanel/hotpanel2.phtml?version=2.0 (type=Ping)
[12:39:33][REQ]   headers: {"Accept": "*/*", "Content-Type": "text/plain;charset=UTF-8", "Cookie": "dnsDisplayed=undefined; ccpaApplies=false; signedLspa=undefined; _sp_su=false; euconsent-v2=CQox_wAQox_wAAGABCENCrFgAP_gAABAAAY
[12:39:33][REQ]   body: <base64> {"application":{"brand":2,"layout":3,"platform":2,"app_version":"6.2877.0","is_premium":false},"devi
[12:39:34][REQ] GET www.facebook.com/tr/?id=1359524264116659&ev=SubscribedButtonClick&dl=ht (type=Image)
[12:39:34][REQ]   headers: {"Accept": "image/avif,image/webp,image/apng,image/svg+xml,image/*,*/*;q=0.8", "Referer": "https://moumi.com/", "User-Agent": "Mozilla/5.0 (Windows NT 10.0; Win64; x64) AppleWebKit/537.36 (KHTML, like
[12:39:35][REQ] POST www.facebook.com/tr/? (type=Document)
[12:39:35][REQ]   headers: {"Accept": "text/html,application/xhtml+xml,application/xml;q=0.9,image/avif,image/webp,image/apng,*/*;q=0.8,application/signed-exchange;v=b3;q=0.7", "Content-Type": "application/x-www-form-urlencoded
[12:39:35][REQ]   body: ��w��v�n��^��ׯJ��r��y�n��'
X���a��l�
��V�v��m����W���b�-�׊��ږǭ�^��8�}�h�}�ly�y�����y�n��9�v��Z���ݶ�
�rɬm�`{�,���v��7���e��&�����-�X��ןj�m�m��g^�اjب�m�m��`��'v�p6�m�m���R�v�p6�m�m��w�M�m�m��a6��yP|�^B�*}矹�eyݶ�-��邆)]�m�{6�p4�-���6�p6ٻ�����`��ܩ{m�m���h�m�m�jg��p6�m�m�j[��m��m��7���'M�m�16��yP|�P�}��~祕�\w�_���y�n��9�y
�y��xW���޳��m���^�m��`^�߅��:yb��jا�䢵���)�'�v͂�(Z�`�X����������;0׎��u���߽�֛���Z8�n�zk4�n���^��8�4�^y睼�m��~y�]%z���ܜvP"�ڽ��i�^�gyZjW�
�����^���ب��ɢ)��h�M
[12:39:35][REQ] POST region1.analytics.google.com/g/collect?v=2&tid=G-1MSEYK9Z8R&gtm=45je6871v884411251za20gzb (type=XHR)
[12:39:35][REQ]   headers: {"Accept": "*/*", "Origin": "https://moumi.com", "Referer": "https://moumi.com/", "User-Agent": "Mozilla/5.0 (Windows NT 10.0; Win64; x64) AppleWebKit/537.36 (KHTML, like Gecko) Chrome/151.0.0.0 Safar
[12:39:36][RES] 204 region1.analytics.google.com/g/collect (type=XHR)
[12:39:36][RES]   headers: {"access-control-allow-origin": "https://moumi.com", "date": "Tue, 11 Aug 2026 10:39:36 GMT", "pragma": "no-cache", "expires": "Fri, 01 Jan 1990 00:00:00 GMT", "cache-control": "no-cache, no-store, mu
[12:39:36][RES]   body size: 0 bytes, saved to sources/
[12:39:37][REQ] POST www.facebook.com/tr/? (type=Document)
[12:39:37][REQ]   headers: {"Accept": "text/html,application/xhtml+xml,application/xml;q=0.9,image/avif,image/webp,image/apng,*/*;q=0.8,application/signed-exchange;v=b3;q=0.7", "Content-Type": "application/x-www-form-urlencoded
[12:39:37][REQ]   body: ��w��v�n��^��ׯJ��r��y�n��'
X���a��l�
��V�v��m����W���b�-�׊��ږǭ�^��8��۸�}�ly�y�����y�n��9�v��Z���ݶ�
�rɬm�`{�,���v��7���e��&�����-�X��ןj�m�m��g^�اjب�m�m��`��'v�p6�m�m���R�v�p6�m�m��w�M�m�m��at�P9��B�*(�)��m��i�(b��n��'�m�M��kZ�m�m���h�m�m�ʗ��p6ٻ�����`��v�{m�m��`��������
��n�q�An�m�t���COE�|
�$�xw�_���y�n��9�y
�y��xW���޳��m���^�m��`^�߅��:yb��jا�䢵���)�'�v͂�(Z�`�X����������;0׎��u���߽�֛���j8�n�zk4�n���^��8�4�^y睼�m��~y�]%z���ܜvP"�ڽ��i�^�gyZjW�
�����^���ب��ɢ)��h�M���l��&��
[12:39:39][REQ] POST eu1.moumi.com/hotpanel/hotpanel2.phtml?version=2.0 (type=Ping)
[12:39:39][REQ]   headers: {"Accept": "*/*", "Content-Type": "text/plain;charset=UTF-8", "Cookie": "dnsDisplayed=undefined; ccpaApplies=false; signedLspa=undefined; _sp_su=false; euconsent-v2=CQox_wAQox_wAAGABCENCrFgAP_gAABAAAY
[12:39:39][REQ]   body: <base64> {"application":{"brand":2,"layout":3,"platform":2,"app_version":"6.2877.0","is_premium":false},"devi
[12:39:41][REQ] POST www.facebook.com/tr/? (type=Document)
[12:39:41][REQ]   headers: {"Accept": "text/html,application/xhtml+xml,application/xml;q=0.9,image/avif,image/webp,image/apng,*/*;q=0.8,application/signed-exchange;v=b3;q=0.7", "Content-Type": "application/x-www-form-urlencoded
[12:39:41][REQ]   body: ��w��v�n��^��ׯJ��r��y�n��'
X���a��l�
��V�v��m����W���b�-�׊��ږǭ�^��8��tר�}�ly�y�����y�n��9�v��Z���ݶ�
�rɬn�m���k��h�Ǧj{br׫�&���,����'�ܥ�xy���ߜ�k��h�h�����k��h�v���>��h��ZnW�����'�m��g^�اjب�m�m��`��'v�p6�m�m���R�v�p6�m�m��w�M�m�m��d������
t���-��>�0��e��v)������(�Ϩ�ب�Ͷ�-��邆)]�m�{6�p7�-���6�p6ٻ�����`��ܩ{m�m���h�m�m�jg��p6�m�m�j[��m��m��7���'M�m�4������zW���h��h�楗�^iا��w��K>��b�{w�_���y�n��9�y
�y��xW���޳��m���^�m��`^�߅��:yb��jا�䢵���)�'�v͂�(Z�`�X����������;0׎��u���߽�֛���
[12:39:42][REQ] POST www.facebook.com/tr/? (type=Document)
[12:39:42][REQ]   headers: {"Accept": "text/html,application/xhtml+xml,application/xml;q=0.9,image/avif,image/webp,image/apng,*/*;q=0.8,application/signed-exchange;v=b3;q=0.7", "Content-Type": "application/x-www-form-urlencoded
[12:39:42][REQ]   body: ��w��v�n��^��ׯJ��r��y�n��'
X���a��l�
��V�v��m����W���b�-�׊��ږǭ�^��8�ͽ�X�}�ly�y�����y�n��9�v��Z���ݶ�
�rɬn�m���k��h�Ǧj{br׫�&���,����'�ܥ�xy���ߜ�k��h�h�����k��h�v���>��h��ZnW�����'�m��g^�اjب�m�m��`��'v�p6�m�m���R�v�p6�m�m��w�M�m�m��d������
t���-��>�0��e�ˬ�Ϩ�ب�Ͷ�-��邆)]�m�{6�p7�-���6�p6ٻ�����`��ܩ{m�m���h�m�m�jg��p6�m�m�j[��m��m��7���'M�m�4������zW���h��h�楗�.�'>��b�{w�_���y�n��9�y
�y��xW���޳��m���^�m��`^�߅��:yb��jا�䢵���)�'�v͂�(Z�`�X����������;0׎��u���߽�֛��ۊ8�n�zk4�n���^�
[12:39:44][REQ] GET www.facebook.com/tr/?id=1359524264116659&ev=SubscribedButtonClick&dl=ht (type=Image)
[12:39:44][REQ]   headers: {"Accept": "image/avif,image/webp,image/apng,image/svg+xml,image/*,*/*;q=0.8", "Referer": "https://moumi.com/", "User-Agent": "Mozilla/5.0 (Windows NT 10.0; Win64; x64) AppleWebKit/537.36 (KHTML, like
[12:39:46][REQ] POST eu1.moumi.com/hotpanel/hotpanel2.phtml?version=2.0 (type=Ping)
[12:39:46][REQ]   headers: {"Accept": "*/*", "Content-Type": "text/plain;charset=UTF-8", "Cookie": "dnsDisplayed=undefined; ccpaApplies=false; signedLspa=undefined; _sp_su=false; euconsent-v2=CQox_wAQox_wAAGABCENCrFgAP_gAABAAAY
[12:39:46][REQ]   body: <base64> {"application":{"brand":2,"layout":3,"platform":2,"app_version":"6.2877.0","is_premium":false},"devi
[12:39:50][LIVE] Still recording...
[12:39:50][REQ] GET www.facebook.com/tr/?id=1359524264116659&ev=SubscribedButtonClick&dl=ht (type=Image)
[12:39:50][REQ]   headers: {"Accept": "image/avif,image/webp,image/apng,image/svg+xml,image/*,*/*;q=0.8", "Referer": "https://moumi.com/", "User-Agent": "Mozilla/5.0 (Windows NT 10.0; Win64; x64) AppleWebKit/537.36 (KHTML, like
[12:39:50][SRC] cookies + storage saved
[12:39:51][REQ] POST www.facebook.com/tr/? (type=Document)
[12:39:51][REQ]   headers: {"Accept": "text/html,application/xhtml+xml,application/xml;q=0.9,image/avif,image/webp,image/apng,*/*;q=0.8,application/signed-exchange;v=b3;q=0.7", "Content-Type": "application/x-www-form-urlencoded
[12:39:51][REQ]   body: <base64> id=1359524264116659&ev=SubscribedButtonClick&dl=https%3A%2F%2Fmoumi.com%2Fprofile-quality%2F14&rl=&i
[12:39:53][REQ] GET www.facebook.com/tr/?id=1359524264116659&ev=SubscribedButtonClick&dl=ht (type=Image)
[12:39:53][REQ]   headers: {"Accept": "image/avif,image/webp,image/apng,image/svg+xml,image/*,*/*;q=0.8", "Referer": "https://moumi.com/", "User-Agent": "Mozilla/5.0 (Windows NT 10.0; Win64; x64) AppleWebKit/537.36 (KHTML, like
[12:39:53][REQ] GET www.facebook.com/tr/?id=1359524264116659&ev=SubscribedButtonClick&dl=ht (type=Image)
[12:39:53][REQ]   headers: {"Accept": "image/avif,image/webp,image/apng,image/svg+xml,image/*,*/*;q=0.8", "Referer": "https://moumi.com/", "User-Agent": "Mozilla/5.0 (Windows NT 10.0; Win64; x64) AppleWebKit/537.36 (KHTML, like
[12:39:55][REQ] POST eu1.moumi.com/hotpanel/hotpanel2.phtml?version=2.0 (type=Ping)
[12:39:55][REQ]   headers: {"Accept": "*/*", "Content-Type": "text/plain;charset=UTF-8", "Cookie": "dnsDisplayed=undefined; ccpaApplies=false; signedLspa=undefined; _sp_su=false; euconsent-v2=CQox_wAQox_wAAGABCENCrFgAP_gAABAAAY
[12:39:55][REQ]   body: <base64> {"application":{"brand":2,"layout":3,"platform":2,"app_version":"6.2877.0","is_premium":false},"devi
[12:39:56][REQ] GET eu1.ecdn2.moumicdn.com/i/big/assets/cosmos/mobile/profile-quality/normal/mobile_web/standard/sz_430x430/profile-quality-about-me.png?v=23.5.0 (type=Image)
[12:39:56][REQ]   headers: {"Accept": "image/avif,image/webp,image/apng,image/svg+xml,image/*,*/*;q=0.8", "Referer": "https://moumi.com/", "User-Agent": "Mozilla/5.0 (Windows NT 10.0; Win64; x64) AppleWebKit/537.36 (KHTML, like
[12:39:56][REQ] POST moumi.com/mwebapi.phtml?SERVER_INTERESTS_UPDATE (type=XHR)
[12:39:56][REQ]   headers: {"Accept": "*/*", "Content-Type": "application/json", "Cookie": "dnsDisplayed=undefined; ccpaApplies=false; signedLspa=undefined; _sp_su=false; euconsent-v2=CQox_wAQox_wAAGABCENCrFgAP_gAABAAAYgF5wBgAF
[12:39:56][REQ]   body: <base64> {"$gpb":"moumi.bma.MoumiMessage","body":[{"message_type":236,"interests_update":{"$gpb":"moumi.bma.I
[12:39:56][RES] 200 moumi.com/mwebapi.phtml (type=XHR)
[12:39:56][RES]   headers: {"server": "nginx", "date": "Tue, 11 Aug 2026 10:39:57 GMT", "content-type": "application/json", "x-local-host": "wwwbma3", "x-bma-server": "wwwbma3", "x-user-id": "zAhMACjIzODAyNTM0MzQAIEkFh8ogbiXYOS
[12:39:56][RES]   body size: 194 bytes, saved to sources/
[12:39:57][REQ] POST region1.analytics.google.com/g/collect?v=2&tid=G-1MSEYK9Z8R&gtm=45je6871v884411251z886036 (type=XHR)
[12:39:57][REQ]   headers: {"Accept": "*/*", "Origin": "https://moumi.com", "Referer": "https://moumi.com/", "User-Agent": "Mozilla/5.0 (Windows NT 10.0; Win64; x64) AppleWebKit/537.36 (KHTML, like Gecko) Chrome/151.0.0.0 Safar
[12:39:57][RES] 204 region1.analytics.google.com/g/collect (type=XHR)
[12:39:57][RES]   headers: {"access-control-allow-origin": "https://moumi.com", "date": "Tue, 11 Aug 2026 10:39:58 GMT", "pragma": "no-cache", "expires": "Fri, 01 Jan 1990 00:00:00 GMT", "cache-control": "no-cache, no-store, mu
[12:39:57][RES]   body size: 0 bytes, saved to sources/
[12:40:01][REQ] POST eu1.moumi.com/hotpanel/hotpanel2.phtml?version=2.0 (type=Ping)
[12:40:01][REQ]   headers: {"Accept": "*/*", "Content-Type": "text/plain;charset=UTF-8", "Cookie": "dnsDisplayed=undefined; ccpaApplies=false; signedLspa=undefined; _sp_su=false; euconsent-v2=CQox_wAQox_wAAGABCENCrFgAP_gAABAAAY
[12:40:01][REQ]   body: <base64> {"application":{"brand":2,"layout":3,"platform":2,"app_version":"6.2877.0","is_premium":false},"devi
[12:40:02][REQ] POST region1.analytics.google.com/g/collect?v=2&tid=G-1MSEYK9Z8R&gtm=45je6871v884411251za20gzb (type=XHR)
[12:40:02][REQ]   headers: {"Accept": "*/*", "Origin": "https://moumi.com", "Referer": "https://moumi.com/", "User-Agent": "Mozilla/5.0 (Windows NT 10.0; Win64; x64) AppleWebKit/537.36 (KHTML, like Gecko) Chrome/151.0.0.0 Safar
[12:40:02][RES] 204 region1.analytics.google.com/g/collect (type=XHR)
[12:40:02][RES]   headers: {"access-control-allow-origin": "https://moumi.com", "date": "Tue, 11 Aug 2026 10:40:03 GMT", "pragma": "no-cache", "expires": "Fri, 01 Jan 1990 00:00:00 GMT", "cache-control": "no-cache, no-store, mu
[12:40:02][RES]   body size: 0 bytes, saved to sources/
[12:40:05][REQ] GET eu1.ecdn2.moumicdn.com/i/big/assets/cosmos/mobile/profile-quality/normal/mobile_web/standard/sz_430x430/profile-quality-height.png?v=23.5.0 (type=Image)
[12:40:05][REQ]   headers: {"Accept": "image/avif,image/webp,image/apng,image/svg+xml,image/*,*/*;q=0.8", "Referer": "https://moumi.com/", "User-Agent": "Mozilla/5.0 (Windows NT 10.0; Win64; x64) AppleWebKit/537.36 (KHTML, like
[12:40:05][REQ] POST moumi.com/mwebapi.phtml?SERVER_SAVE_USER (type=XHR)
[12:40:05][REQ]   headers: {"Accept": "*/*", "Content-Type": "application/json", "Cookie": "dnsDisplayed=undefined; ccpaApplies=false; signedLspa=undefined; _sp_su=false; euconsent-v2=CQox_wAQox_wAAGABCENCrFgAP_gAABAAAYgF5wBgAF
[12:40:05][REQ]   body: <base64> {"$gpb":"moumi.bma.MoumiMessage","body":[{"message_type":405,"server_save_user":{"$gpb":"moumi.bma.S
[12:40:05][RES] 200 moumi.com/mwebapi.phtml (type=XHR)
[12:40:05][RES]   headers: {"server": "nginx", "date": "Tue, 11 Aug 2026 10:40:06 GMT", "content-type": "application/json", "x-local-host": "wwwbma14", "x-bma-server": "wwwbma14", "x-user-id": "zAhMACjIzODAyNTM0MzQAIEkFh8ogbiXY
[12:40:05][RES]   body size: 18352 bytes, saved to sources/
[12:40:06][REQ] POST region1.analytics.google.com/g/collect?v=2&tid=G-1MSEYK9Z8R&gtm=45je6871v884411251z886036 (type=XHR)
[12:40:06][REQ]   headers: {"Accept": "*/*", "Origin": "https://moumi.com", "Referer": "https://moumi.com/", "User-Agent": "Mozilla/5.0 (Windows NT 10.0; Win64; x64) AppleWebKit/537.36 (KHTML, like Gecko) Chrome/151.0.0.0 Safar
[12:40:06][RES] 204 region1.analytics.google.com/g/collect (type=XHR)
[12:40:06][RES]   headers: {"access-control-allow-origin": "https://moumi.com", "date": "Tue, 11 Aug 2026 10:40:06 GMT", "pragma": "no-cache", "expires": "Fri, 01 Jan 1990 00:00:00 GMT", "cache-control": "no-cache, no-store, mu
[12:40:06][RES]   body size: 0 bytes, saved to sources/
[12:40:10][REQ] POST eu1.moumi.com/hotpanel/hotpanel2.phtml?version=2.0 (type=Ping)
[12:40:10][REQ]   headers: {"Accept": "*/*", "Content-Type": "text/plain;charset=UTF-8", "Cookie": "dnsDisplayed=undefined; ccpaApplies=false; signedLspa=undefined; _sp_su=false; euconsent-v2=CQox_wAQox_wAAGABCENCrFgAP_gAABAAAY
[12:40:10][REQ]   body: <base64> {"application":{"brand":2,"layout":3,"platform":2,"app_version":"6.2877.0","is_premium":false},"devi
[12:40:10][REQ] POST region1.analytics.google.com/g/collect?v=2&tid=G-1MSEYK9Z8R&gtm=45je6871v884411251za20gzb (type=XHR)
[12:40:10][REQ]   headers: {"Accept": "*/*", "Origin": "https://moumi.com", "Referer": "https://moumi.com/", "User-Agent": "Mozilla/5.0 (Windows NT 10.0; Win64; x64) AppleWebKit/537.36 (KHTML, like Gecko) Chrome/151.0.0.0 Safar
[12:40:10][REQ] GET eu1.ecdn2.moumicdn.com/i/big/assets/cosmos/mobile/profile-quality/normal/mobile_web/standard/sz_430x430/profile-quality-education.png?v=23.5.0 (type=Image)
[12:40:10][REQ]   headers: {"Accept": "image/avif,image/webp,image/apng,image/svg+xml,image/*,*/*;q=0.8", "Referer": "https://moumi.com/", "User-Agent": "Mozilla/5.0 (Windows NT 10.0; Win64; x64) AppleWebKit/537.36 (KHTML, like
[12:40:10][RES] 204 region1.analytics.google.com/g/collect (type=XHR)
[12:40:10][RES]   headers: {"access-control-allow-origin": "https://moumi.com", "date": "Tue, 11 Aug 2026 10:40:11 GMT", "pragma": "no-cache", "expires": "Fri, 01 Jan 1990 00:00:00 GMT", "cache-control": "no-cache, no-store, mu
[12:40:10][RES]   body size: 0 bytes, saved to sources/
[12:40:11][REQ] POST moumi.com/mwebapi.phtml?SERVER_SAVE_USER (type=XHR)
[12:40:11][REQ]   headers: {"Accept": "*/*", "Content-Type": "application/json", "Cookie": "dnsDisplayed=undefined; ccpaApplies=false; signedLspa=undefined; _sp_su=false; euconsent-v2=CQox_wAQox_wAAGABCENCrFgAP_gAABAAAYgF5wBgAF
[12:40:11][REQ]   body: <base64> {"$gpb":"moumi.bma.MoumiMessage","body":[{"message_type":405,"server_save_user":{"$gpb":"moumi.bma.S
[12:40:11][RES] 200 moumi.com/mwebapi.phtml (type=XHR)
[12:40:11][RES]   headers: {"server": "nginx", "date": "Tue, 11 Aug 2026 10:40:11 GMT", "content-type": "application/json", "x-local-host": "wwwbma10", "x-bma-server": "wwwbma10", "x-user-id": "zAhMACjIzODAyNTM0MzQAIEkFh8ogbiXY
[12:40:11][RES]   body size: 18375 bytes, saved to sources/
[12:40:11][REQ] POST region1.analytics.google.com/g/collect?v=2&tid=G-1MSEYK9Z8R&gtm=45je6871v884411251z886036 (type=XHR)
[12:40:11][REQ]   headers: {"Accept": "*/*", "Origin": "https://moumi.com", "Referer": "https://moumi.com/", "User-Agent": "Mozilla/5.0 (Windows NT 10.0; Win64; x64) AppleWebKit/537.36 (KHTML, like Gecko) Chrome/151.0.0.0 Safar
[12:40:11][RES] 204 region1.analytics.google.com/g/collect (type=XHR)
[12:40:11][RES]   headers: {"access-control-allow-origin": "https://moumi.com", "date": "Tue, 11 Aug 2026 10:40:12 GMT", "pragma": "no-cache", "expires": "Fri, 01 Jan 1990 00:00:00 GMT", "cache-control": "no-cache, no-store, mu
[12:40:11][RES]   body size: 0 bytes, saved to sources/
[12:40:15][REQ] POST eu1.moumi.com/hotpanel/hotpanel2.phtml?version=2.0 (type=Ping)
[12:40:15][REQ]   headers: {"Accept": "*/*", "Content-Type": "text/plain;charset=UTF-8", "Cookie": "dnsDisplayed=undefined; ccpaApplies=false; signedLspa=undefined; _sp_su=false; euconsent-v2=CQox_wAQox_wAAGABCENCrFgAP_gAABAAAY
[12:40:15][REQ]   body: <base64> {"application":{"brand":2,"layout":3,"platform":2,"app_version":"6.2877.0","is_premium":false},"devi
[12:40:16][REQ] POST region1.analytics.google.com/g/collect?v=2&tid=G-1MSEYK9Z8R&gtm=45je6871v884411251za20gzb (type=XHR)
[12:40:16][REQ]   headers: {"Accept": "*/*", "Origin": "https://moumi.com", "Referer": "https://moumi.com/", "User-Agent": "Mozilla/5.0 (Windows NT 10.0; Win64; x64) AppleWebKit/537.36 (KHTML, like Gecko) Chrome/151.0.0.0 Safar
[12:40:16][RES] 204 region1.analytics.google.com/g/collect (type=XHR)
[12:40:16][RES]   headers: {"access-control-allow-origin": "https://moumi.com", "date": "Tue, 11 Aug 2026 10:40:17 GMT", "pragma": "no-cache", "expires": "Fri, 01 Jan 1990 00:00:00 GMT", "cache-control": "no-cache, no-store, mu
[12:40:16][RES]   body size: 0 bytes, saved to sources/
[12:40:17][REQ] GET eu1.ecdn2.moumicdn.com/i/big/assets/cosmos/mobile/profile-quality/normal/mobile_web/standard/sz_430x430/profile-quality-work.png?v=23.5.0 (type=Image)
[12:40:17][REQ]   headers: {"Accept": "image/avif,image/webp,image/apng,image/svg+xml,image/*,*/*;q=0.8", "Referer": "https://moumi.com/", "User-Agent": "Mozilla/5.0 (Windows NT 10.0; Win64; x64) AppleWebKit/537.36 (KHTML, like
[12:40:17][REQ] POST moumi.com/mwebapi.phtml?SERVER_EXPERIENCE_ACTION (type=XHR)
[12:40:17][REQ]   headers: {"Accept": "*/*", "Content-Type": "application/json", "Cookie": "dnsDisplayed=undefined; ccpaApplies=false; signedLspa=undefined; _sp_su=false; euconsent-v2=CQox_wAQox_wAAGABCENCrFgAP_gAABAAAYgF5wBgAF
[12:40:17][REQ]   body: <base64> {"$gpb":"moumi.bma.MoumiMessage","body":[{"message_type":616,"server_experience_action":{"$gpb":"bad
[12:40:17][RES] 200 moumi.com/mwebapi.phtml (type=XHR)
[12:40:17][RES]   headers: {"server": "nginx", "date": "Tue, 11 Aug 2026 10:40:18 GMT", "content-type": "application/json", "x-local-host": "wwwbma35", "x-bma-server": "wwwbma35", "x-user-id": "zAhMACjIzODAyNTM0MzQAIEkFh8ogbiXY
[12:40:17][RES]   body size: 298 bytes, saved to sources/
[12:40:18][REQ] POST region1.analytics.google.com/g/collect?v=2&tid=G-1MSEYK9Z8R&gtm=45je6871v884411251z886036 (type=XHR)
[12:40:18][REQ]   headers: {"Accept": "*/*", "Origin": "https://moumi.com", "Referer": "https://moumi.com/", "User-Agent": "Mozilla/5.0 (Windows NT 10.0; Win64; x64) AppleWebKit/537.36 (KHTML, like Gecko) Chrome/151.0.0.0 Safar
[12:40:18][RES] 204 region1.analytics.google.com/g/collect (type=XHR)
[12:40:18][RES]   headers: {"access-control-allow-origin": "https://moumi.com", "date": "Tue, 11 Aug 2026 10:40:18 GMT", "pragma": "no-cache", "expires": "Fri, 01 Jan 1990 00:00:00 GMT", "cache-control": "no-cache, no-store, mu
[12:40:18][RES]   body size: 0 bytes, saved to sources/
[12:40:22][LIVE] Still recording...
[12:40:22][REQ] POST eu1.moumi.com/hotpanel/hotpanel2.phtml?version=2.0 (type=Ping)
[12:40:22][REQ]   headers: {"Accept": "*/*", "Content-Type": "text/plain;charset=UTF-8", "Cookie": "dnsDisplayed=undefined; ccpaApplies=false; signedLspa=undefined; _sp_su=false; euconsent-v2=CQox_wAQox_wAAGABCENCrFgAP_gAABAAAY
[12:40:22][REQ]   body: <base64> {"application":{"brand":2,"layout":3,"platform":2,"app_version":"6.2877.0","is_premium":false},"devi
[12:40:22][SRC] cookies + storage saved
[12:40:23][REQ] POST region1.analytics.google.com/g/collect?v=2&tid=G-1MSEYK9Z8R&gtm=45je6871v884411251za20gzb (type=XHR)
[12:40:23][REQ]   headers: {"Accept": "*/*", "Origin": "https://moumi.com", "Referer": "https://moumi.com/", "User-Agent": "Mozilla/5.0 (Windows NT 10.0; Win64; x64) AppleWebKit/537.36 (KHTML, like Gecko) Chrome/151.0.0.0 Safar
[12:40:23][RES] 204 region1.analytics.google.com/g/collect (type=XHR)
[12:40:23][RES]   headers: {"access-control-allow-origin": "https://moumi.com", "date": "Tue, 11 Aug 2026 10:40:23 GMT", "pragma": "no-cache", "expires": "Fri, 01 Jan 1990 00:00:00 GMT", "cache-control": "no-cache, no-store, mu
[12:40:23][RES]   body size: 0 bytes, saved to sources/
[12:40:29][REQ] POST region1.analytics.google.com/g/collect?v=2&tid=G-1MSEYK9Z8R&gtm=45je6871v884411251z886036 (type=XHR)
[12:40:29][REQ]   headers: {"Accept": "*/*", "Origin": "https://moumi.com", "Referer": "https://moumi.com/", "User-Agent": "Mozilla/5.0 (Windows NT 10.0; Win64; x64) AppleWebKit/537.36 (KHTML, like Gecko) Chrome/151.0.0.0 Safar
[12:40:29][REQ] POST moumi.com/mwebapi.phtml?SERVER_GET_PERSON_PROFILE_EDIT_FORM (type=XHR)
[12:40:29][REQ]   headers: {"Accept": "*/*", "Content-Type": "application/json", "Cookie": "dnsDisplayed=undefined; ccpaApplies=false; signedLspa=undefined; _sp_su=false; euconsent-v2=CQox_wAQox_wAAGABCENCrFgAP_gAABAAAYgF5wBgAF
[12:40:29][REQ]   body: <base64> {"$gpb":"moumi.bma.MoumiMessage","body":[{"message_type":377,"server_person_profile_edit_form":{"$gp
[12:40:29][REQ] GET eu1.ecdn2.moumicdn.com/i/big/assets/cosmos/mobile/profile-quality/normal/mobile_web/standard/sz_430x430/profile-quality-questions.png?v=23.5.0 (type=Image)
[12:40:29][REQ]   headers: {"Accept": "image/avif,image/webp,image/apng,image/svg+xml,image/*,*/*;q=0.8", "Referer": "https://moumi.com/", "User-Agent": "Mozilla/5.0 (Windows NT 10.0; Win64; x64) AppleWebKit/537.36 (KHTML, like
[12:40:29][REQ] GET www.google.de/ads/ga-audiences?v=1&t=sr&slf_rd=1&_r=4&tid=G-1MSEYK9Z8R&cid=183816 (type=Image)
[12:40:29][REQ]   headers: {"Accept": "image/avif,image/webp,image/apng,image/svg+xml,image/*,*/*;q=0.8", "Referer": "https://moumi.com/", "User-Agent": "Mozilla/5.0 (Windows NT 10.0; Win64; x64) AppleWebKit/537.36 (KHTML, like
[12:40:29][RES] 204 region1.analytics.google.com/g/collect (type=XHR)
[12:40:29][RES]   headers: {"access-control-allow-origin": "https://moumi.com", "date": "Tue, 11 Aug 2026 10:40:30 GMT", "pragma": "no-cache", "expires": "Fri, 01 Jan 1990 00:00:00 GMT", "cache-control": "no-cache, no-store, mu
[12:40:29][RES]   body size: 0 bytes, saved to sources/
[12:40:29][RES] 200 moumi.com/mwebapi.phtml (type=XHR)
[12:40:29][RES]   headers: {"server": "nginx", "date": "Tue, 11 Aug 2026 10:40:30 GMT", "content-type": "application/json", "x-local-host": "wwwbma2", "x-bma-server": "wwwbma2", "x-user-id": "zAhMACjIzODAyNTM0MzQAIEkFh8ogbiXYOS
[12:40:29][RES]   body size: 68039 bytes, saved to sources/
[12:40:30][REQ] POST moumi.com/mwebapi.phtml?SERVER_EXPERIENCE_ACTION (type=XHR)
[12:40:30][REQ]   headers: {"Accept": "*/*", "Content-Type": "application/json", "Cookie": "dnsDisplayed=undefined; ccpaApplies=false; signedLspa=undefined; _sp_su=false; euconsent-v2=CQox_wAQox_wAAGABCENCrFgAP_gAABAAAYgF5wBgAF
[12:40:30][REQ]   body: <base64> {"$gpb":"moumi.bma.MoumiMessage","body":[{"message_type":616,"server_experience_action":{"$gpb":"bad
[12:40:30][RES] 200 moumi.com/mwebapi.phtml (type=XHR)
[12:40:30][RES]   headers: {"server": "nginx", "date": "Tue, 11 Aug 2026 10:40:30 GMT", "content-type": "application/json", "x-local-host": "wwwbma23", "x-bma-server": "wwwbma23", "x-user-id": "zAhMACjIzODAyNTM0MzQAIEkFh8ogbiXY
[12:40:30][RES]   body size: 298 bytes, saved to sources/
[12:40:33][REQ] GET www.facebook.com/tr/?id=1359524264116659&ev=SubscribedButtonClick&dl=ht (type=Image)
[12:40:33][REQ]   headers: {"Accept": "image/avif,image/webp,image/apng,image/svg+xml,image/*,*/*;q=0.8", "Referer": "https://moumi.com/", "User-Agent": "Mozilla/5.0 (Windows NT 10.0; Win64; x64) AppleWebKit/537.36 (KHTML, like
[12:40:34][REQ] POST eu1.moumi.com/hotpanel/hotpanel2.phtml?version=2.0 (type=Ping)
[12:40:34][REQ]   headers: {"Accept": "*/*", "Content-Type": "text/plain;charset=UTF-8", "Cookie": "dnsDisplayed=undefined; ccpaApplies=false; signedLspa=undefined; _sp_su=false; euconsent-v2=CQox_wAQox_wAAGABCENCrFgAP_gAABAAAY
[12:40:34][REQ]   body: <base64> {"application":{"brand":2,"layout":3,"platform":2,"app_version":"6.2877.0","is_premium":false},"devi
[12:40:35][REQ] POST region1.analytics.google.com/g/collect?v=2&tid=G-1MSEYK9Z8R&gtm=45je6871v884411251za20gzb (type=XHR)
[12:40:35][REQ]   headers: {"Accept": "*/*", "Origin": "https://moumi.com", "Referer": "https://moumi.com/", "User-Agent": "Mozilla/5.0 (Windows NT 10.0; Win64; x64) AppleWebKit/537.36 (KHTML, like Gecko) Chrome/151.0.0.0 Safar
[12:40:35][RES] 204 region1.analytics.google.com/g/collect (type=XHR)
[12:40:35][RES]   headers: {"access-control-allow-origin": "https://moumi.com", "date": "Tue, 11 Aug 2026 10:40:36 GMT", "pragma": "no-cache", "expires": "Fri, 01 Jan 1990 00:00:00 GMT", "cache-control": "no-cache, no-store, mu
[12:40:35][RES]   body size: 0 bytes, saved to sources/
[12:40:36][REQ] POST moumi.com/mwebapi.phtml?SERVER_SAVE_USER (type=XHR)
[12:40:36][REQ]   headers: {"Accept": "*/*", "Content-Type": "application/json", "Cookie": "dnsDisplayed=undefined; ccpaApplies=false; signedLspa=undefined; _sp_su=false; euconsent-v2=CQox_wAQox_wAAGABCENCrFgAP_gAABAAAYgF5wBgAF
[12:40:36][REQ]   body: ���i�(nf�i�(1�,j��ܦz���r��4�ǫ���j����ॶ�v�������I��Rǫ�ǫ���i�(nf���鮇���zWl���i�(nf�����bzWbwm��*^۫ږ�ӎ]��ek+ږ�ӎn���w0!0 �#3�#S3C3@�X|��]����Yxn��8+
��0�L�m\e�ȱ��~'�u����ॶ�v���,z�bzWE�[^����-����J޶��~'�u����ॶ�v���,z�bzWE�[^����-����mt߽:ӽ<���׏v�m5�m��m6�M��m4�}7�M��]:�Nt��7�N;Ӿt�]t�8�M��]4�]x���ӽv�]xߪު笵�[�k ���v��������@���jV�ܩ{h)m�����i'����z�%n隕���*^�
[m�h���I��z���	[�f�n�ʗ���mz�ږ��'^�]�}��G(�{vⷪ��-�{^��-�
[m�h���I��z�'��޲�z�b�+y�I��Ơz'}�g����*^�Noz�"�}b����
�w_j[
[12:40:36][REQ] POST www.facebook.com/tr/? (type=Document)
[12:40:36][REQ]   headers: {"Accept": "text/html,application/xhtml+xml,application/xml;q=0.9,image/avif,image/webp,image/apng,*/*;q=0.8,application/signed-exchange;v=b3;q=0.7", "Content-Type": "application/x-www-form-urlencoded
[12:40:36][REQ]   body: <base64> id=1359524264116659&ev=SubscribedButtonClick&dl=https%3A%2F%2Fmoumi.com%2Fprofile-quality%2F20&rl=&i
[12:40:36][RES] 200 moumi.com/mwebapi.phtml (type=XHR)
[12:40:36][RES]   headers: {"server": "nginx", "date": "Tue, 11 Aug 2026 10:40:37 GMT", "content-type": "application/json", "x-local-host": "wwwbma9", "x-bma-server": "wwwbma9", "x-user-id": "zAhMACjIzODAyNTM0MzQAIEkFh8ogbiXYOS
[12:40:36][RES]   body size: 18895 bytes, saved to sources/
[12:40:36][REQ] POST moumi.com/mwebapi.phtml?SERVER_GET_PERSON_PROFILE_EDIT_FORM (type=XHR)
[12:40:36][REQ]   headers: {"Accept": "*/*", "Content-Type": "application/json", "Cookie": "dnsDisplayed=undefined; ccpaApplies=false; signedLspa=undefined; _sp_su=false; euconsent-v2=CQox_wAQox_wAAGABCENCrFgAP_gAABAAAYgF5wBgAF
[12:40:36][REQ]   body: <base64> {"$gpb":"moumi.bma.MoumiMessage","body":[{"message_type":377,"server_person_profile_edit_form":{"$gp
[12:40:36][RES] 200 moumi.com/mwebapi.phtml (type=XHR)
[12:40:36][RES]   headers: {"server": "nginx", "date": "Tue, 11 Aug 2026 10:40:37 GMT", "content-type": "application/json", "x-local-host": "wwwbma6", "x-bma-server": "wwwbma6", "x-user-id": "zAhMACjIzODAyNTM0MzQAIEkFh8ogbiXYOS
[12:40:36][RES]   body size: 68153 bytes, saved to sources/
[12:40:39][REQ] GET www.facebook.com/tr/?id=1359524264116659&ev=SubscribedButtonClick&dl=ht (type=Image)
[12:40:39][REQ]   headers: {"Accept": "image/avif,image/webp,image/apng,image/svg+xml,image/*,*/*;q=0.8", "Referer": "https://moumi.com/", "User-Agent": "Mozilla/5.0 (Windows NT 10.0; Win64; x64) AppleWebKit/537.36 (KHTML, like
[12:40:41][REQ] POST eu1.moumi.com/hotpanel/hotpanel2.phtml?version=2.0 (type=Ping)
[12:40:41][REQ]   headers: {"Accept": "*/*", "Content-Type": "text/plain;charset=UTF-8", "Cookie": "dnsDisplayed=undefined; ccpaApplies=false; signedLspa=undefined; _sp_su=false; euconsent-v2=CQox_wAQox_wAAGABCENCrFgAP_gAABAAAY
[12:40:41][REQ]   body: <base64> {"application":{"brand":2,"layout":3,"platform":2,"app_version":"6.2877.0","is_premium":false},"devi
[12:40:43][REQ] POST moumi.com/mwebapi.phtml?SERVER_SAVE_USER (type=XHR)
[12:40:43][REQ]   headers: {"Accept": "*/*", "Content-Type": "application/json", "Cookie": "dnsDisplayed=undefined; ccpaApplies=false; signedLspa=undefined; _sp_su=false; euconsent-v2=CQox_wAQox_wAAGABCENCrFgAP_gAABAAAYgF5wBgAF
[12:40:43][REQ]   body: ���i�(nf�i�(1�,j��ܦz���r��4�ǫ���j����ॶ�v�������I��Rǫ�ǫ���i�(nf���鮇���zWl���i�(nf�����bzWbwm��*^۫ږ���]��ek+ږ���n���w0!0 �#3�#S3C3@�X|��]����Yxn��8+
��0�L�m\e�ȱ��~'�u����ॶ�v���,z�bzWE�[^����-����J޶��~'�u����ॶ�v���,z�bzWE�[^����-����mt߽:ӽ<���׏v�m5�m��m6�M��m4�}7�M��]:�Nt��7�N;Ӿt�]t�8�M��]4�]x���ӽv�]xߪު笵�[�k ���v��������@���jV�ܩ{h)m�����i'����z�%n隕���*^�
[m�h���I��z���	[�f�n�ʗ���mz�ږ��'^�]�}��G(�{vⷪ��-�{^��-�
[m�h���I��z�'��޲�z�b�+y�I��Ơz'}�g����*^�Noz�"�}b����
�w_j[
[12:40:43][REQ] POST www.facebook.com/tr/? (type=Document)
[12:40:43][REQ]   headers: {"Accept": "text/html,application/xhtml+xml,application/xml;q=0.9,image/avif,image/webp,image/apng,*/*;q=0.8,application/signed-exchange;v=b3;q=0.7", "Content-Type": "application/x-www-form-urlencoded
[12:40:43][REQ]   body: <base64> id=1359524264116659&ev=SubscribedButtonClick&dl=https%3A%2F%2Fmoumi.com%2Fprofile-quality%2F20&rl=&i
[12:40:43][RES] 200 moumi.com/mwebapi.phtml (type=XHR)
[12:40:43][RES]   headers: {"server": "nginx", "date": "Tue, 11 Aug 2026 10:40:43 GMT", "content-type": "application/json", "x-local-host": "wwwbma11", "x-bma-server": "wwwbma11", "x-user-id": "zAhMACjIzODAyNTM0MzQAIEkFh8ogbiXY
[12:40:43][RES]   body size: 18828 bytes, saved to sources/
[12:40:43][REQ] POST moumi.com/mwebapi.phtml?SERVER_GET_PERSON_PROFILE_EDIT_FORM (type=XHR)
[12:40:43][REQ]   headers: {"Accept": "*/*", "Content-Type": "application/json", "Cookie": "dnsDisplayed=undefined; ccpaApplies=false; signedLspa=undefined; _sp_su=false; euconsent-v2=CQox_wAQox_wAAGABCENCrFgAP_gAABAAAYgF5wBgAF
[12:40:43][REQ]   body: <base64> {"$gpb":"moumi.bma.MoumiMessage","body":[{"message_type":377,"server_person_profile_edit_form":{"$gp
[12:40:43][RES] 200 moumi.com/mwebapi.phtml (type=XHR)
[12:40:43][RES]   headers: {"server": "nginx", "date": "Tue, 11 Aug 2026 10:40:43 GMT", "content-type": "application/json", "x-local-host": "wwwbma13", "x-bma-server": "wwwbma13", "x-user-id": "zAhMACjIzODAyNTM0MzQAIEkFh8ogbiXY
[12:40:43][RES]   body size: 68176 bytes, saved to sources/
[12:40:44][REQ] GET www.facebook.com/tr/?id=1359524264116659&ev=SubscribedButtonClick&dl=ht (type=Image)
[12:40:44][REQ]   headers: {"Accept": "image/avif,image/webp,image/apng,image/svg+xml,image/*,*/*;q=0.8", "Referer": "https://moumi.com/", "User-Agent": "Mozilla/5.0 (Windows NT 10.0; Win64; x64) AppleWebKit/537.36 (KHTML, like
[12:40:46][REQ] POST moumi.com/mwebapi.phtml?SERVER_SAVE_USER (type=XHR)
[12:40:46][REQ]   headers: {"Accept": "*/*", "Content-Type": "application/json", "Cookie": "dnsDisplayed=undefined; ccpaApplies=false; signedLspa=undefined; _sp_su=false; euconsent-v2=CQox_wAQox_wAAGABCENCrFgAP_gAABAAAYgF5wBgAF
[12:40:46][REQ]   body: ���i�(nf�i�(1�,j��ܦz���r��4�ǫ���j����ॶ�v�������I��Rǫ�ǫ���i�(nf���鮇���zWl���i�(nf�����bzWbwn��*^۫ږ�۟]��ek+ږ�۟n���w0!0 �#3�#S3C3@�X|��]����Yxn��8+
��0�L�m\e�ȱ��~'�u����ॶ�v���,z�bzWE�[^����-����J޶��~'�u����ॶ�v���,z�bzWE�[^����-����mt߽:ӽ<���׏v�m5�m��m6�M��m4�}7�M��]:�Nt��7�N;Ӿt�]t�8�M��]4�]x���ӽv�]xߪު笵�[�k ���v��������@���jV�ܩ{h)m�����i'����z�%n隕���*^�
[m�h���I��z���	[�f�n�ʗ���mz�ږ��'^�]�}��G(�{vⷪ��-�{^��-�
[m�h���I��z�'��޲�z�b�+y�I��Ơz'}�g����*^�Noz�"�}b����
�w_j[
[12:40:46][REQ] POST www.facebook.com/tr/? (type=Document)
[12:40:46][REQ]   headers: {"Accept": "text/html,application/xhtml+xml,application/xml;q=0.9,image/avif,image/webp,image/apng,*/*;q=0.8,application/signed-exchange;v=b3;q=0.7", "Content-Type": "application/x-www-form-urlencoded
[12:40:46][REQ]   body: <base64> id=1359524264116659&ev=SubscribedButtonClick&dl=https%3A%2F%2Fmoumi.com%2Fprofile-quality%2F20&rl=&i
[12:40:47][RES] 200 moumi.com/mwebapi.phtml (type=XHR)
[12:40:47][RES]   headers: {"server": "nginx", "date": "Tue, 11 Aug 2026 10:40:47 GMT", "content-type": "application/json", "x-local-host": "wwwbma5", "x-bma-server": "wwwbma5", "x-user-id": "zAhMACjIzODAyNTM0MzQAIEkFh8ogbiXYOS
[12:40:47][RES]   body size: 19562 bytes, saved to sources/
[12:40:47][REQ] POST moumi.com/mwebapi.phtml?SERVER_GET_PERSON_PROFILE_EDIT_FORM (type=XHR)
[12:40:47][REQ]   headers: {"Accept": "*/*", "Content-Type": "application/json", "Cookie": "dnsDisplayed=undefined; ccpaApplies=false; signedLspa=undefined; _sp_su=false; euconsent-v2=CQox_wAQox_wAAGABCENCrFgAP_gAABAAAYgF5wBgAF
[12:40:47][REQ]   body: <base64> {"$gpb":"moumi.bma.MoumiMessage","body":[{"message_type":377,"server_person_profile_edit_form":{"$gp
[12:40:47][RES] 200 moumi.com/mwebapi.phtml (type=XHR)
[12:40:47][RES]   headers: {"server": "nginx", "date": "Tue, 11 Aug 2026 10:40:47 GMT", "content-type": "application/json", "x-local-host": "wwwbma13", "x-bma-server": "wwwbma13", "x-user-id": "zAhMACjIzODAyNTM0MzQAIEkFh8ogbiXY
[12:40:47][RES]   body size: 68196 bytes, saved to sources/
[12:40:48][REQ] POST eu1.moumi.com/hotpanel/hotpanel2.phtml?version=2.0 (type=Ping)
[12:40:48][REQ]   headers: {"Accept": "*/*", "Content-Type": "text/plain;charset=UTF-8", "Cookie": "dnsDisplayed=undefined; ccpaApplies=false; signedLspa=undefined; _sp_su=false; euconsent-v2=CQox_wAQox_wAAGABCENCrFgAP_gAABAAAY
[12:40:48][REQ]   body: <base64> {"application":{"brand":2,"layout":3,"platform":2,"app_version":"6.2877.0","is_premium":false},"devi
[12:40:48][REQ] GET eu1.ecdn2.moumicdn.com/i/big/assets/cosmos/mobile/profile-quality/normal/mobile_web/standard/sz_430x430/profile-quality-drinking.png?v=23.5.0 (type=Image)
[12:40:48][REQ]   headers: {"Accept": "image/avif,image/webp,image/apng,image/svg+xml,image/*,*/*;q=0.8", "Referer": "https://moumi.com/", "User-Agent": "Mozilla/5.0 (Windows NT 10.0; Win64; x64) AppleWebKit/537.36 (KHTML, like
[12:40:49][REQ] POST region1.analytics.google.com/g/collect?v=2&tid=G-1MSEYK9Z8R&gtm=45je6871v884411251z886036 (type=XHR)
[12:40:49][REQ]   headers: {"Accept": "*/*", "Origin": "https://moumi.com", "Referer": "https://moumi.com/", "User-Agent": "Mozilla/5.0 (Windows NT 10.0; Win64; x64) AppleWebKit/537.36 (KHTML, like Gecko) Chrome/151.0.0.0 Safar
[12:40:49][RES] 204 region1.analytics.google.com/g/collect (type=XHR)
[12:40:49][RES]   headers: {"access-control-allow-origin": "https://moumi.com", "date": "Tue, 11 Aug 2026 10:40:50 GMT", "pragma": "no-cache", "expires": "Fri, 01 Jan 1990 00:00:00 GMT", "cache-control": "no-cache, no-store, mu
[12:40:49][RES]   body size: 0 bytes, saved to sources/
[12:40:50][REQ] POST moumi.com/mwebapi.phtml?SERVER_SAVE_USER (type=XHR)
[12:40:50][REQ]   headers: {"Accept": "*/*", "Content-Type": "application/json", "Cookie": "dnsDisplayed=undefined; ccpaApplies=false; signedLspa=undefined; _sp_su=false; euconsent-v2=CQox_wAQox_wAAGABCENCrFgAP_gAABAAAYgF5wBgAF
[12:40:50][REQ]   body: <base64> {"$gpb":"moumi.bma.MoumiMessage","body":[{"message_type":405,"server_save_user":{"$gpb":"moumi.bma.S
[12:40:50][RES] 200 moumi.com/mwebapi.phtml (type=XHR)
[12:40:50][RES]   headers: {"server": "nginx", "date": "Tue, 11 Aug 2026 10:40:51 GMT", "content-type": "application/json", "x-local-host": "wwwbma9", "x-bma-server": "wwwbma9", "x-user-id": "zAhMACjIzODAyNTM0MzQAIEkFh8ogbiXYOS
[12:40:50][RES]   body size: 19329 bytes, saved to sources/
[12:40:52][LIVE] Still recording...
[12:40:52][REQ] POST region1.analytics.google.com/g/collect?v=2&tid=G-1MSEYK9Z8R&gtm=45je6871v884411251za20gzb (type=XHR)
[12:40:52][REQ]   headers: {"Accept": "*/*", "Origin": "https://moumi.com", "Referer": "https://moumi.com/", "User-Agent": "Mozilla/5.0 (Windows NT 10.0; Win64; x64) AppleWebKit/537.36 (KHTML, like Gecko) Chrome/151.0.0.0 Safar
[12:40:52][REQ] GET eu1.ecdn2.moumicdn.com/i/big/assets/cosmos/mobile/profile-quality/normal/mobile_web/standard/sz_430x430/profile-quality-smoking.png?v=23.5.0 (type=Image)
[12:40:52][REQ]   headers: {"Accept": "image/avif,image/webp,image/apng,image/svg+xml,image/*,*/*;q=0.8", "Referer": "https://moumi.com/", "User-Agent": "Mozilla/5.0 (Windows NT 10.0; Win64; x64) AppleWebKit/537.36 (KHTML, like
[12:40:52][SRC] cookies + storage saved
[12:40:52][RES] 204 region1.analytics.google.com/g/collect (type=XHR)
[12:40:52][RES]   headers: {"access-control-allow-origin": "https://moumi.com", "date": "Tue, 11 Aug 2026 10:40:52 GMT", "pragma": "no-cache", "expires": "Fri, 01 Jan 1990 00:00:00 GMT", "cache-control": "no-cache, no-store, mu
[12:40:52][RES]   body size: 0 bytes, saved to sources/
[12:40:53][REQ] POST region1.analytics.google.com/g/collect?v=2&tid=G-1MSEYK9Z8R&gtm=45je6871v884411251z886036 (type=XHR)
[12:40:53][REQ]   headers: {"Accept": "*/*", "Origin": "https://moumi.com", "Referer": "https://moumi.com/", "User-Agent": "Mozilla/5.0 (Windows NT 10.0; Win64; x64) AppleWebKit/537.36 (KHTML, like Gecko) Chrome/151.0.0.0 Safar
[12:40:53][RES] 204 region1.analytics.google.com/g/collect (type=XHR)
[12:40:53][RES]   headers: {"access-control-allow-origin": "https://moumi.com", "date": "Tue, 11 Aug 2026 10:40:53 GMT", "pragma": "no-cache", "expires": "Fri, 01 Jan 1990 00:00:00 GMT", "cache-control": "no-cache, no-store, mu
[12:40:53][RES]   body size: 0 bytes, saved to sources/
[12:40:53][REQ] POST eu1.moumi.com/hotpanel/hotpanel2.phtml?version=2.0 (type=Ping)
[12:40:53][REQ]   headers: {"Accept": "*/*", "Content-Type": "text/plain;charset=UTF-8", "Cookie": "dnsDisplayed=undefined; ccpaApplies=false; signedLspa=undefined; _sp_su=false; euconsent-v2=CQox_wAQox_wAAGABCENCrFgAP_gAABAAAY
[12:40:53][REQ]   body: <base64> {"application":{"brand":2,"layout":3,"platform":2,"app_version":"6.2877.0","is_premium":false},"devi
[12:40:54][REQ] POST moumi.com/mwebapi.phtml?SERVER_SAVE_USER (type=XHR)
[12:40:54][REQ]   headers: {"Accept": "*/*", "Content-Type": "application/json", "Cookie": "dnsDisplayed=undefined; ccpaApplies=false; signedLspa=undefined; _sp_su=false; euconsent-v2=CQox_wAQox_wAAGABCENCrFgAP_gAABAAAYgF5wBgAF
[12:40:54][REQ]   body: <base64> {"$gpb":"moumi.bma.MoumiMessage","body":[{"message_type":405,"server_save_user":{"$gpb":"moumi.bma.S
[12:40:54][RES] 200 moumi.com/mwebapi.phtml (type=XHR)
[12:40:54][RES]   headers: {"server": "nginx", "date": "Tue, 11 Aug 2026 10:40:55 GMT", "content-type": "application/json", "x-local-host": "wwwbma5", "x-bma-server": "wwwbma5", "x-user-id": "zAhMACjIzODAyNTM0MzQAIEkFh8ogbiXYOS
[12:40:54][RES]   body size: 19215 bytes, saved to sources/
[12:40:55][REQ] POST region1.analytics.google.com/g/collect?v=2&tid=G-1MSEYK9Z8R&gtm=45je6871v884411251za20gzb (type=XHR)
[12:40:55][REQ]   headers: {"Accept": "*/*", "Origin": "https://moumi.com", "Referer": "https://moumi.com/", "User-Agent": "Mozilla/5.0 (Windows NT 10.0; Win64; x64) AppleWebKit/537.36 (KHTML, like Gecko) Chrome/151.0.0.0 Safar
[12:40:55][REQ] GET eu1.ecdn2.moumicdn.com/i/big/assets/cosmos/mobile/profile-quality/normal/mobile_web/standard/sz_430x430/profile-quality-children.png?v=23.5.0 (type=Image)
[12:40:55][REQ]   headers: {"Accept": "image/avif,image/webp,image/apng,image/svg+xml,image/*,*/*;q=0.8", "Referer": "https://moumi.com/", "User-Agent": "Mozilla/5.0 (Windows NT 10.0; Win64; x64) AppleWebKit/537.36 (KHTML, like
[12:40:55][RES] 204 region1.analytics.google.com/g/collect (type=XHR)
[12:40:55][RES]   headers: {"access-control-allow-origin": "https://moumi.com", "date": "Tue, 11 Aug 2026 10:40:55 GMT", "pragma": "no-cache", "expires": "Fri, 01 Jan 1990 00:00:00 GMT", "cache-control": "no-cache, no-store, mu
[12:40:55][RES]   body size: 0 bytes, saved to sources/
[12:40:56][REQ] POST region1.analytics.google.com/g/collect?v=2&tid=G-1MSEYK9Z8R&gtm=45je6871v884411251z886036 (type=XHR)
[12:40:56][REQ]   headers: {"Accept": "*/*", "Origin": "https://moumi.com", "Referer": "https://moumi.com/", "User-Agent": "Mozilla/5.0 (Windows NT 10.0; Win64; x64) AppleWebKit/537.36 (KHTML, like Gecko) Chrome/151.0.0.0 Safar
[12:40:56][RES] 204 region1.analytics.google.com/g/collect (type=XHR)
[12:40:56][RES]   headers: {"access-control-allow-origin": "https://moumi.com", "date": "Tue, 11 Aug 2026 10:40:56 GMT", "pragma": "no-cache", "expires": "Fri, 01 Jan 1990 00:00:00 GMT", "cache-control": "no-cache, no-store, mu
[12:40:56][RES]   body size: 0 bytes, saved to sources/
[12:40:56][REQ] POST moumi.com/mwebapi.phtml?SERVER_SAVE_USER (type=XHR)
[12:40:56][REQ]   headers: {"Accept": "*/*", "Content-Type": "application/json", "Cookie": "dnsDisplayed=undefined; ccpaApplies=false; signedLspa=undefined; _sp_su=false; euconsent-v2=CQox_wAQox_wAAGABCENCrFgAP_gAABAAAYgF5wBgAF
[12:40:56][REQ]   body: <base64> {"$gpb":"moumi.bma.MoumiMessage","body":[{"message_type":405,"server_save_user":{"$gpb":"moumi.bma.S
[12:40:57][RES] 200 moumi.com/mwebapi.phtml (type=XHR)
[12:40:57][RES]   headers: {"server": "nginx", "date": "Tue, 11 Aug 2026 10:40:57 GMT", "content-type": "application/json", "x-local-host": "wwwbma9", "x-bma-server": "wwwbma9", "x-user-id": "zAhMACjIzODAyNTM0MzQAIEkFh8ogbiXYOS
[12:40:57][RES]   body size: 19258 bytes, saved to sources/
[12:40:57][REQ] POST region1.analytics.google.com/g/collect?v=2&tid=G-1MSEYK9Z8R&gtm=45je6871v884411251za20gzb (type=XHR)
[12:40:57][REQ]   headers: {"Accept": "*/*", "Origin": "https://moumi.com", "Referer": "https://moumi.com/", "User-Agent": "Mozilla/5.0 (Windows NT 10.0; Win64; x64) AppleWebKit/537.36 (KHTML, like Gecko) Chrome/151.0.0.0 Safar
[12:40:57][RES] 204 region1.analytics.google.com/g/collect (type=XHR)
[12:40:57][RES]   headers: {"access-control-allow-origin": "https://moumi.com", "date": "Tue, 11 Aug 2026 10:40:58 GMT", "pragma": "no-cache", "expires": "Fri, 01 Jan 1990 00:00:00 GMT", "cache-control": "no-cache, no-store, mu
[12:40:57][RES]   body size: 0 bytes, saved to sources/
[12:40:58][REQ] POST region1.analytics.google.com/g/collect?v=2&tid=G-1MSEYK9Z8R&gtm=45je6871v884411251z886036 (type=XHR)
[12:40:58][REQ]   headers: {"Accept": "*/*", "Origin": "https://moumi.com", "Referer": "https://moumi.com/", "User-Agent": "Mozilla/5.0 (Windows NT 10.0; Win64; x64) AppleWebKit/537.36 (KHTML, like Gecko) Chrome/151.0.0.0 Safar
[12:40:58][RES] 204 region1.analytics.google.com/g/collect (type=XHR)
[12:40:58][RES]   headers: {"access-control-allow-origin": "https://moumi.com", "date": "Tue, 11 Aug 2026 10:40:59 GMT", "pragma": "no-cache", "expires": "Fri, 01 Jan 1990 00:00:00 GMT", "cache-control": "no-cache, no-store, mu
[12:40:58][RES]   body size: 0 bytes, saved to sources/
[12:40:59][REQ] POST eu1.moumi.com/hotpanel/hotpanel2.phtml?version=2.0 (type=Ping)
[12:40:59][REQ]   headers: {"Accept": "*/*", "Content-Type": "text/plain;charset=UTF-8", "Cookie": "dnsDisplayed=undefined; ccpaApplies=false; signedLspa=undefined; _sp_su=false; euconsent-v2=CQox_wAQox_wAAGABCENCrFgAP_gAABAAAY
[12:40:59][REQ]   body: <base64> {"application":{"brand":2,"layout":3,"platform":2,"app_version":"6.2877.0","is_premium":false},"devi
[12:41:03][REQ] POST region1.analytics.google.com/g/collect?v=2&tid=G-1MSEYK9Z8R&gtm=45je6871v884411251za20gzb (type=XHR)
[12:41:03][REQ]   headers: {"Accept": "*/*", "Origin": "https://moumi.com", "Referer": "https://moumi.com/", "User-Agent": "Mozilla/5.0 (Windows NT 10.0; Win64; x64) AppleWebKit/537.36 (KHTML, like Gecko) Chrome/151.0.0.0 Safar
[12:41:03][RES] 204 region1.analytics.google.com/g/collect (type=XHR)
[12:41:03][RES]   headers: {"access-control-allow-origin": "https://moumi.com", "date": "Tue, 11 Aug 2026 10:41:04 GMT", "pragma": "no-cache", "expires": "Fri, 01 Jan 1990 00:00:00 GMT", "cache-control": "no-cache, no-store, mu
[12:41:03][RES]   body size: 0 bytes, saved to sources/
[12:41:04][REQ] POST moumi.com/mwebapi.phtml?SERVER_SAVE_USER (type=XHR)
[12:41:04][REQ]   headers: {"Accept": "*/*", "Content-Type": "application/json", "Cookie": "dnsDisplayed=undefined; ccpaApplies=false; signedLspa=undefined; _sp_su=false; euconsent-v2=CQox_wAQox_wAAGABCENCrFgAP_gAABAAAYgF5wBgAF
[12:41:04][REQ]   body: <base64> {"$gpb":"moumi.bma.MoumiMessage","body":[{"message_type":405,"server_save_user":{"$gpb":"moumi.bma.S
[12:41:04][RES] 200 moumi.com/mwebapi.phtml (type=XHR)
[12:41:04][RES]   headers: {"server": "nginx", "date": "Tue, 11 Aug 2026 10:41:05 GMT", "content-type": "application/json", "x-local-host": "wwwbma8", "x-bma-server": "wwwbma8", "x-user-id": "zAhMACjIzODAyNTM0MzQAIEkFh8ogbiXYOS
[12:41:04][RES]   body size: 19281 bytes, saved to sources/
[12:41:05][REQ] GET eu1.ecdn2.moumicdn.com/i/big/assets/cosmos/mobile/profile-quality/normal/mobile_web/standard/sz_430x430/profile-quality-introvertextrovert.png?v=23.5.0 (type=Image)
[12:41:05][REQ]   headers: {"Accept": "image/avif,image/webp,image/apng,image/svg+xml,image/*,*/*;q=0.8", "Referer": "https://moumi.com/", "User-Agent": "Mozilla/5.0 (Windows NT 10.0; Win64; x64) AppleWebKit/537.36 (KHTML, like
[12:41:06][REQ] POST region1.analytics.google.com/g/collect?v=2&tid=G-1MSEYK9Z8R&gtm=45je6871v884411251z886036 (type=XHR)
[12:41:06][REQ]   headers: {"Accept": "*/*", "Origin": "https://moumi.com", "Referer": "https://moumi.com/", "User-Agent": "Mozilla/5.0 (Windows NT 10.0; Win64; x64) AppleWebKit/537.36 (KHTML, like Gecko) Chrome/151.0.0.0 Safar
[12:41:06][RES] 204 region1.analytics.google.com/g/collect (type=XHR)
[12:41:06][RES]   headers: {"access-control-allow-origin": "https://moumi.com", "date": "Tue, 11 Aug 2026 10:41:07 GMT", "pragma": "no-cache", "expires": "Fri, 01 Jan 1990 00:00:00 GMT", "cache-control": "no-cache, no-store, mu
[12:41:06][RES]   body size: 0 bytes, saved to sources/
[12:41:07][REQ] POST moumi.com/mwebapi.phtml?SERVER_SAVE_USER (type=XHR)
[12:41:07][REQ]   headers: {"Accept": "*/*", "Content-Type": "application/json", "Cookie": "dnsDisplayed=undefined; ccpaApplies=false; signedLspa=undefined; _sp_su=false; euconsent-v2=CQox_wAQox_wAAGABCENCrFgAP_gAABAAAYgF5wBgAF
[12:41:07][REQ]   body: ���i�(nf�i�(1�,j��ܦz���r��4�ǫ���j����ॶ�v�������I��Rǫ�ǫ���i�(nf���鮇���zWl���i�(nf�����bzW]��ek+ږ�z�z{ږ�z�z{r����ǫ���������L�� Aa��vJn�e��\�7{h��2��q��"Ưy�����׫���i�(nf���ŉ�])mz�k�7��*'��+z۫������׫���i�(nf���ŉ�])mz�k�7��*'�M��~��N��Ow�^=�m��M�Ӎ�۽6�M��}��m6�}t��9ӏtߍ8�N��]uӎ���6�]t�}u��7�N��}u�~�z���֥n鬂��i�(nf�z�ެg�V[�kr������v��������@���jV�ܩ{�)m�����i'����z�%n隕���*^�g����jZk���z�v���z����ۊު笶)�z����)m�����i'���Ȟ׫z�l�e�h��M�{^��t�g�����t�g����*^�Noz�"�}b����
�w_j[
[12:41:08][RES] 200 moumi.com/mwebapi.phtml (type=XHR)
[12:41:08][RES]   headers: {"server": "nginx", "date": "Tue, 11 Aug 2026 10:41:08 GMT", "content-type": "application/json", "x-local-host": "wwwbma35", "x-bma-server": "wwwbma35", "x-user-id": "zAhMACjIzODAyNTM0MzQAIEkFh8ogbiXY
[12:41:08][RES]   body size: 19304 bytes, saved to sources/
[12:41:08][REQ] POST eu1.moumi.com/hotpanel/hotpanel2.phtml?version=2.0 (type=Ping)
[12:41:08][REQ]   headers: {"Accept": "*/*", "Content-Type": "text/plain;charset=UTF-8", "Cookie": "dnsDisplayed=undefined; ccpaApplies=false; signedLspa=undefined; _sp_su=false; euconsent-v2=CQox_wAQox_wAAGABCENCrFgAP_gAABAAAY
[12:41:08][REQ]   body: <base64> {"application":{"brand":2,"layout":3,"platform":2,"app_version":"6.2877.0","is_premium":false},"devi
[12:41:08][REQ] POST region1.analytics.google.com/g/collect?v=2&tid=G-1MSEYK9Z8R&gtm=45je6871v884411251za20gzb (type=XHR)
[12:41:08][REQ]   headers: {"Accept": "*/*", "Origin": "https://moumi.com", "Referer": "https://moumi.com/", "User-Agent": "Mozilla/5.0 (Windows NT 10.0; Win64; x64) AppleWebKit/537.36 (KHTML, like Gecko) Chrome/151.0.0.0 Safar
[12:41:08][REQ] GET eu1.ecdn2.moumicdn.com/i/big/assets/cosmos/mobile/profile-quality/normal/mobile_web/standard/sz_430x430/profile-quality-zodiac.png?v=23.5.0 (type=Image)
[12:41:08][REQ]   headers: {"Accept": "image/avif,image/webp,image/apng,image/svg+xml,image/*,*/*;q=0.8", "Referer": "https://moumi.com/", "User-Agent": "Mozilla/5.0 (Windows NT 10.0; Win64; x64) AppleWebKit/537.36 (KHTML, like
[12:41:08][RES] 204 region1.analytics.google.com/g/collect (type=XHR)
[12:41:08][RES]   headers: {"access-control-allow-origin": "https://moumi.com", "date": "Tue, 11 Aug 2026 10:41:09 GMT", "pragma": "no-cache", "expires": "Fri, 01 Jan 1990 00:00:00 GMT", "cache-control": "no-cache, no-store, mu
[12:41:08][RES]   body size: 0 bytes, saved to sources/
[12:41:09][REQ] POST region1.analytics.google.com/g/collect?v=2&tid=G-1MSEYK9Z8R&gtm=45je6871v884411251z886036 (type=XHR)
[12:41:09][REQ]   headers: {"Accept": "*/*", "Origin": "https://moumi.com", "Referer": "https://moumi.com/", "User-Agent": "Mozilla/5.0 (Windows NT 10.0; Win64; x64) AppleWebKit/537.36 (KHTML, like Gecko) Chrome/151.0.0.0 Safar
[12:41:09][RES] 204 region1.analytics.google.com/g/collect (type=XHR)
[12:41:09][RES]   headers: {"access-control-allow-origin": "https://moumi.com", "date": "Tue, 11 Aug 2026 10:41:10 GMT", "pragma": "no-cache", "expires": "Fri, 01 Jan 1990 00:00:00 GMT", "cache-control": "no-cache, no-store, mu
[12:41:09][RES]   body size: 0 bytes, saved to sources/
[12:41:10][REQ] POST moumi.com/mwebapi.phtml?SERVER_SAVE_USER (type=XHR)
[12:41:10][REQ]   headers: {"Accept": "*/*", "Content-Type": "application/json", "Cookie": "dnsDisplayed=undefined; ccpaApplies=false; signedLspa=undefined; _sp_su=false; euconsent-v2=CQox_wAQox_wAAGABCENCrFgAP_gAABAAAYgF5wBgAF
[12:41:10][REQ]   body: ���i�(nf�i�(1�,j��ܦz���r��4�ǫ���j����ॶ�v�������I��Rǫ�ǫ���i�(nf���鮇���zWl���i�(nf�����bzW]��ek+ږ瀮'���nx
�z�r����ǫ���������L�� Aa��vJn�e��\�7{h��2��q��"Ưy�����׫���i�(nf���ŉ�])mz�k�7��*'��+z۫������׫���i�(nf���ŉ�])mz�k�7��*'�M��~��N��Ow�^=�m��M�Ӎ�۽6�M��}��m6�}t��9ӏtߍ8�N��]uӎ���6�]t�}u��7�N��}u�~�z���֥n鬂��i�(nf�z�ެg�V[�kr������v��������@���jV�ܩ{�)m�����i'����z�%n隕���*^�g����jZk���z�v���z����ۊު笶)�z����)m�����i'���Ȟ׫z�l�e�h��M�{^��t�g�����t�g����*^�Noz�"�}b����
�w_j[
[12:41:10][RES] 200 moumi.com/mwebapi.phtml (type=XHR)
[12:41:10][RES]   headers: {"server": "nginx", "date": "Tue, 11 Aug 2026 10:41:10 GMT", "content-type": "application/json", "x-local-host": "wwwbma9", "x-bma-server": "wwwbma9", "x-user-id": "zAhMACjIzODAyNTM0MzQAIEkFh8ogbiXYOS
[12:41:10][RES]   body size: 19310 bytes, saved to sources/
[12:41:10][REQ] POST region1.analytics.google.com/g/collect?v=2&tid=G-1MSEYK9Z8R&gtm=45je6871v884411251za20gzb (type=XHR)
[12:41:10][REQ]   headers: {"Accept": "*/*", "Origin": "https://moumi.com", "Referer": "https://moumi.com/", "User-Agent": "Mozilla/5.0 (Windows NT 10.0; Win64; x64) AppleWebKit/537.36 (KHTML, like Gecko) Chrome/151.0.0.0 Safar
[12:41:10][REQ] GET eu1.ecdn2.moumicdn.com/i/big/assets/cosmos/mobile/profile-quality/normal/mobile_web/standard/sz_430x430/profile-quality-pets.png?v=23.5.0 (type=Image)
[12:41:10][REQ]   headers: {"Accept": "image/avif,image/webp,image/apng,image/svg+xml,image/*,*/*;q=0.8", "Referer": "https://moumi.com/", "User-Agent": "Mozilla/5.0 (Windows NT 10.0; Win64; x64) AppleWebKit/537.36 (KHTML, like
[12:41:10][RES] 204 region1.analytics.google.com/g/collect (type=XHR)
[12:41:10][RES]   headers: {"access-control-allow-origin": "https://moumi.com", "date": "Tue, 11 Aug 2026 10:41:11 GMT", "pragma": "no-cache", "expires": "Fri, 01 Jan 1990 00:00:00 GMT", "cache-control": "no-cache, no-store, mu
[12:41:10][RES]   body size: 0 bytes, saved to sources/
[12:41:11][REQ] POST region1.analytics.google.com/g/collect?v=2&tid=G-1MSEYK9Z8R&gtm=45je6871v884411251z886036 (type=XHR)
[12:41:11][REQ]   headers: {"Accept": "*/*", "Origin": "https://moumi.com", "Referer": "https://moumi.com/", "User-Agent": "Mozilla/5.0 (Windows NT 10.0; Win64; x64) AppleWebKit/537.36 (KHTML, like Gecko) Chrome/151.0.0.0 Safar
[12:41:12][RES] 204 region1.analytics.google.com/g/collect (type=XHR)
[12:41:12][RES]   headers: {"access-control-allow-origin": "https://moumi.com", "date": "Tue, 11 Aug 2026 10:41:12 GMT", "pragma": "no-cache", "expires": "Fri, 01 Jan 1990 00:00:00 GMT", "cache-control": "no-cache, no-store, mu
[12:41:12][RES]   body size: 0 bytes, saved to sources/
[12:41:12][REQ] POST moumi.com/mwebapi.phtml?SERVER_SAVE_USER (type=XHR)
[12:41:12][REQ]   headers: {"Accept": "*/*", "Content-Type": "application/json", "Cookie": "dnsDisplayed=undefined; ccpaApplies=false; signedLspa=undefined; _sp_su=false; euconsent-v2=CQox_wAQox_wAAGABCENCrFgAP_gAABAAAYgF5wBgAF
[12:41:12][REQ]   body: ���i�(nf�i�(1�,j��ܦz���r��4�ǫ���j����ॶ�v�������I��Rǫ�ǫ���i�(nf���鮇���zWl���i�(nf�����bzW]��ek+ږ玶���nx�az�r����ǫ���������L�� Aa��vJn�e��\�7{h��2��q��"Ưy�����׫���i�(nf���ŉ�])mz�k�7��*'��+z۫������׫���i�(nf���ŉ�])mz�k�7��*'�M��~��N��Ow�^=�m��M�Ӎ�۽6�M��}��m6�}t��9ӏtߍ8�N��]uӎ���6�]t�}u��7�N��}u�~�z���֥n鬂��i�(nf�z�ެg�V[�kr������v��������@���jV�ܩ{�)m�����i'����z�%n隕���*^�g����jZk���z�v���z����ۊު笶)�z����)m�����i'���Ȟ׫z�l�e�h��M�{^��t�g�����t�g����*^�Noz�"�}b����
�w_j[
[12:41:12][RES] 200 moumi.com/mwebapi.phtml (type=XHR)
[12:41:12][RES]   headers: {"server": "nginx", "date": "Tue, 11 Aug 2026 10:41:13 GMT", "content-type": "application/json", "x-local-host": "wwwbma13", "x-bma-server": "wwwbma13", "x-user-id": "zAhMACjIzODAyNTM0MzQAIEkFh8ogbiXY
[12:41:12][RES]   body size: 19324 bytes, saved to sources/
[12:41:13][REQ] POST eu1.moumi.com/hotpanel/hotpanel2.phtml?version=2.0 (type=Ping)
[12:41:13][REQ]   headers: {"Accept": "*/*", "Content-Type": "text/plain;charset=UTF-8", "Cookie": "dnsDisplayed=undefined; ccpaApplies=false; signedLspa=undefined; _sp_su=false; euconsent-v2=CQox_wAQox_wAAGABCENCrFgAP_gAABAAAY
[12:41:13][REQ]   body: <base64> {"application":{"brand":2,"layout":3,"platform":2,"app_version":"6.2877.0","is_premium":false},"devi
[12:41:13][REQ] POST region1.analytics.google.com/g/collect?v=2&tid=G-1MSEYK9Z8R&gtm=45je6871v884411251za20gzb (type=XHR)
[12:41:13][REQ]   headers: {"Accept": "*/*", "Origin": "https://moumi.com", "Referer": "https://moumi.com/", "User-Agent": "Mozilla/5.0 (Windows NT 10.0; Win64; x64) AppleWebKit/537.36 (KHTML, like Gecko) Chrome/151.0.0.0 Safar
[12:41:13][REQ] GET eu1.ecdn2.moumicdn.com/i/big/assets/cosmos/mobile/profile-quality/normal/mobile_web/standard/sz_430x430/profile-quality-religion.png?v=23.5.0 (type=Image)
[12:41:13][REQ]   headers: {"Accept": "image/avif,image/webp,image/apng,image/svg+xml,image/*,*/*;q=0.8", "Referer": "https://moumi.com/", "User-Agent": "Mozilla/5.0 (Windows NT 10.0; Win64; x64) AppleWebKit/537.36 (KHTML, like
[12:41:13][RES] 204 region1.analytics.google.com/g/collect (type=XHR)
[12:41:13][RES]   headers: {"access-control-allow-origin": "https://moumi.com", "date": "Tue, 11 Aug 2026 10:41:14 GMT", "pragma": "no-cache", "expires": "Fri, 01 Jan 1990 00:00:00 GMT", "cache-control": "no-cache, no-store, mu
[12:41:13][RES]   body size: 0 bytes, saved to sources/
[12:41:14][REQ] POST region1.analytics.google.com/g/collect?v=2&tid=G-1MSEYK9Z8R&gtm=45je6871v884411251z886036 (type=XHR)
[12:41:14][REQ]   headers: {"Accept": "*/*", "Origin": "https://moumi.com", "Referer": "https://moumi.com/", "User-Agent": "Mozilla/5.0 (Windows NT 10.0; Win64; x64) AppleWebKit/537.36 (KHTML, like Gecko) Chrome/151.0.0.0 Safar
[12:41:14][RES] 204 region1.analytics.google.com/g/collect (type=XHR)
[12:41:14][RES]   headers: {"access-control-allow-origin": "https://moumi.com", "date": "Tue, 11 Aug 2026 10:41:15 GMT", "pragma": "no-cache", "expires": "Fri, 01 Jan 1990 00:00:00 GMT", "cache-control": "no-cache, no-store, mu
[12:41:14][RES]   body size: 0 bytes, saved to sources/
[12:41:14][REQ] POST moumi.com/mwebapi.phtml?SERVER_SAVE_USER (type=XHR)
[12:41:14][REQ]   headers: {"Accept": "*/*", "Content-Type": "application/json", "Cookie": "dnsDisplayed=undefined; ccpaApplies=false; signedLspa=undefined; _sp_su=false; euconsent-v2=CQox_wAQox_wAAGABCENCrFgAP_gAABAAAYgF5wBgAF
[12:41:14][REQ]   body: <base64> {"$gpb":"moumi.bma.MoumiMessage","body":[{"message_type":405,"server_save_user":{"$gpb":"moumi.bma.S
[12:41:15][RES] 200 moumi.com/mwebapi.phtml (type=XHR)
[12:41:15][RES]   headers: {"server": "nginx", "date": "Tue, 11 Aug 2026 10:41:15 GMT", "content-type": "application/json", "x-local-host": "wwwbma35", "x-bma-server": "wwwbma35", "x-user-id": "zAhMACjIzODAyNTM0MzQAIEkFh8ogbiXY
[12:41:15][RES]   body size: 19500 bytes, saved to sources/
[12:41:16][REQ] POST region1.analytics.google.com/g/collect?v=2&tid=G-1MSEYK9Z8R&gtm=45je6871v884411251za20gzb (type=XHR)
[12:41:16][REQ]   headers: {"Accept": "*/*", "Origin": "https://moumi.com", "Referer": "https://moumi.com/", "User-Agent": "Mozilla/5.0 (Windows NT 10.0; Win64; x64) AppleWebKit/537.36 (KHTML, like Gecko) Chrome/151.0.0.0 Safar
[12:41:16][REQ] POST moumi.com/mwebapi.phtml?SERVER_GET_USER (type=XHR)
[12:41:16][REQ]   headers: {"Accept": "*/*", "Content-Type": "application/json", "Cookie": "dnsDisplayed=undefined; ccpaApplies=false; signedLspa=undefined; _sp_su=false; euconsent-v2=CQox_wAQox_wAAGABCENCrFgAP_gAABAAAYgF5wBgAF
[12:41:16][REQ]   body: <base64> {"$gpb":"moumi.bma.MoumiMessage","body":[{"message_type":403,"server_get_user":{"$gpb":"moumi.bma.Se
[12:41:16][RES] 204 region1.analytics.google.com/g/collect (type=XHR)
[12:41:16][RES]   headers: {"access-control-allow-origin": "https://moumi.com", "date": "Tue, 11 Aug 2026 10:41:16 GMT", "pragma": "no-cache", "expires": "Fri, 01 Jan 1990 00:00:00 GMT", "cache-control": "no-cache, no-store, mu
[12:41:16][RES]   body size: 0 bytes, saved to sources/
[12:41:16][RES] 200 moumi.com/mwebapi.phtml (type=XHR)
[12:41:16][RES]   headers: {"server": "nginx", "date": "Tue, 11 Aug 2026 10:41:16 GMT", "content-type": "application/json", "x-local-host": "wwwbma18", "x-bma-server": "wwwbma18", "x-user-id": "zAhMACjIzODAyNTM0MzQAIEkFh8ogbiXY
[12:41:16][RES]   body size: 6642 bytes, saved to sources/
[12:41:16][REQ] GET eu1.ecdn2.moumicdn.com/i/big/assets/cosmos/mobile/profile-quality/normal/mobile_web/standard/sz_430x430/profile-quality-photo-verfication.png?v=23.5.0 (type=Image)
[12:41:16][REQ]   headers: {"Accept": "image/avif,image/webp,image/apng,image/svg+xml,image/*,*/*;q=0.8", "Referer": "https://moumi.com/", "User-Agent": "Mozilla/5.0 (Windows NT 10.0; Win64; x64) AppleWebKit/537.36 (KHTML, like
[12:41:17][REQ] POST region1.analytics.google.com/g/collect?v=2&tid=G-1MSEYK9Z8R&gtm=45je6871v884411251z886036 (type=XHR)
[12:41:17][REQ]   headers: {"Accept": "*/*", "Origin": "https://moumi.com", "Referer": "https://moumi.com/", "User-Agent": "Mozilla/5.0 (Windows NT 10.0; Win64; x64) AppleWebKit/537.36 (KHTML, like Gecko) Chrome/151.0.0.0 Safar
[12:41:17][RES] 204 region1.analytics.google.com/g/collect (type=XHR)
[12:41:17][RES]   headers: {"access-control-allow-origin": "https://moumi.com", "date": "Tue, 11 Aug 2026 10:41:17 GMT", "pragma": "no-cache", "expires": "Fri, 01 Jan 1990 00:00:00 GMT", "cache-control": "no-cache, no-store, mu
[12:41:17][RES]   body size: 0 bytes, saved to sources/
[12:41:18][REQ] POST eu1.moumi.com/hotpanel/hotpanel2.phtml?version=2.0 (type=Ping)
[12:41:18][REQ]   headers: {"Accept": "*/*", "Content-Type": "text/plain;charset=UTF-8", "Cookie": "dnsDisplayed=undefined; ccpaApplies=false; signedLspa=undefined; _sp_su=false; euconsent-v2=CQox_wAQox_wAAGABCENCrFgAP_gAABAAAY
[12:41:18][REQ]   body: j�e�ƭ��ۭ���V���w�V�~��٪i��슉�����+)�颺gږǝz��zZjW��`]z��z'\�����;��s��m�^��m�^{���ځ����(�)ek�tZ)ݣ
O]4Z)����eyg�*+�~���0�b��rJ��&{�y�M4I�ڮ/�߽��ǫr�����w_���ם�ǫ���������L�� Aa��vJn�e��\�7{h��2��q��!����Ȩ�'^u�xoWצ���{�t���y�tkN޽���v�{}�n�rrX���^����ͩj����^���מ���{�8�����-��$�x,r���v�{�|���zx���+��+y��jg��Ygjg����w+�{�zg���^����^-�^��8���kki�"��秝���,r���'u�����zyڙ��Yڙ��ٺ��brG�zg��o6��ޞץzg���x��{�8���ӯ-��$�x,r���v�{�|���zx���+��+y��jg��Ygjg����w+�{�zg���^����[l׿:�<�;���rH���+y��
[12:41:19][REQ] POST region1.analytics.google.com/g/collect?v=2&tid=G-1MSEYK9Z8R&gtm=45je6871v884411251za20gzb (type=XHR)
[12:41:19][REQ]   headers: {"Accept": "*/*", "Origin": "https://moumi.com", "Referer": "https://moumi.com/", "User-Agent": "Mozilla/5.0 (Windows NT 10.0; Win64; x64) AppleWebKit/537.36 (KHTML, like Gecko) Chrome/151.0.0.0 Safar
[12:41:20][REQ] GET eu1.ecdn2.moumicdn.com/p52/hidden?euri=AAAAAAAAAAIQ5q2W1j1JZDMewayxgAVXlgAAy6psNKXOZ (type=Image)
[12:41:20][REQ]   headers: {"Accept": "image/avif,image/webp,image/apng,image/svg+xml,image/*,*/*;q=0.8", "Referer": "https://moumi.com/", "User-Agent": "Mozilla/5.0 (Windows NT 10.0; Win64; x64) AppleWebKit/537.36 (KHTML, like
[12:41:20][REQ] POST moumi.com/mwebapi.phtml?SERVER_GET_USER (type=XHR)
[12:41:20][REQ]   headers: {"Accept": "*/*", "Content-Type": "application/json", "Cookie": "dnsDisplayed=undefined; ccpaApplies=false; signedLspa=undefined; _sp_su=false; euconsent-v2=CQox_wAQox_wAAGABCENCrFgAP_gAABAAAYgF5wBgAF
[12:41:20][REQ]   body: ���i�(nf�i�(1�,j��ܦz���r��4�ǫ���z۬z�)m�����i'����z�,z��z���L (���������� �$(���`��V^�u�
�w��/S)�W}��'���.�ǵӋ�z��zW_�[^�
[m�h���Rǫ'�tX���鮈�rب��6�M�ӭ;��=��x�m��]6�N6�n���6�M��}��M�ӯt�N=�~4�;�Mu�N:ӏ4��w�^=�~��]��^7귪��-jV��)m�����i'����z�%n隕���*^�
[m�h���I��z���	[�f�n�ʗ����i�(nf�z�ެg�V[�kr��v{^�v���/�׫�j~ǭ��.�ݸ��z�b�׫z�l���i�(nf�z�ެ��z������X���t�g�����t�g����*^�M�z�"�}b����
�w_j[
[12:41:20][RES] 204 region1.analytics.google.com/g/collect (type=XHR)
[12:41:20][RES]   headers: {"access-control-allow-origin": "https://moumi.com", "date": "Tue, 11 Aug 2026 10:41:20 GMT", "pragma": "no-cache", "expires": "Fri, 01 Jan 1990 00:00:00 GMT", "cache-control": "no-cache, no-store, mu
[12:41:20][RES]   body size: 0 bytes, saved to sources/
[12:41:20][RES] 200 moumi.com/mwebapi.phtml (type=XHR)
[12:41:20][RES]   headers: {"server": "nginx", "date": "Tue, 11 Aug 2026 10:41:20 GMT", "content-type": "application/json", "x-local-host": "wwwbma30", "x-bma-server": "wwwbma30", "x-user-id": "zAhMACjIzODAyNTM0MzQAIEkFh8ogbiXY
[12:41:20][RES]   body size: 12620 bytes, saved to sources/
[12:41:20][REQ] GET eu1.ecdn2.moumicdn.com/p52/hidden?euri=AAAAAAAAAAIQs5Xmmjc-oIeJqxyL.K79iwB6kAxy8HNTd (type=Image)
[12:41:20][REQ]   headers: {"Accept": "image/avif,image/webp,image/apng,image/svg+xml,image/*,*/*;q=0.8", "Referer": "https://moumi.com/", "User-Agent": "Mozilla/5.0 (Windows NT 10.0; Win64; x64) AppleWebKit/537.36 (KHTML, like
[12:41:20][REQ] GET eu1.ecdn2.moumicdn.com/p52/hidden?euri=AAAAAAAAAAIQ8kd9AIsMwG12ABsGVVilwwDDubvCvbXDz (type=Image)
[12:41:20][REQ]   headers: {"Accept": "image/avif,image/webp,image/apng,image/svg+xml,image/*,*/*;q=0.8", "Referer": "https://moumi.com/", "User-Agent": "Mozilla/5.0 (Windows NT 10.0; Win64; x64) AppleWebKit/537.36 (KHTML, like
[12:41:20][REQ] GET eu1.ecdn2.moumicdn.com/p52/hidden?euri=AAAAAAAAAAIQDIzt8ybCcl1kz.SptSfOCADMxO50uEjYL (type=Image)
[12:41:20][REQ]   headers: {"Accept": "image/avif,image/webp,image/apng,image/svg+xml,image/*,*/*;q=0.8", "Referer": "https://moumi.com/", "User-Agent": "Mozilla/5.0 (Windows NT 10.0; Win64; x64) AppleWebKit/537.36 (KHTML, like
[12:41:21][REQ] POST region1.analytics.google.com/g/collect?v=2&tid=G-1MSEYK9Z8R&gtm=45je6871v884411251z886036 (type=XHR)
[12:41:21][REQ]   headers: {"Accept": "*/*", "Content-Type": "text/plain;charset=UTF-8", "Origin": "https://moumi.com", "Referer": "https://moumi.com/", "User-Agent": "Mozilla/5.0 (Windows NT 10.0; Win64; x64) AppleWebKit/537.3
[12:41:21][REQ]   body: zzZ���{���zvXm��7av����(�al�	�avavavavavavam�瞞��z����u���j����w����'�z����z����yvXm��7av����(�aejwb�����'�z�^���z����wzzZ���{����j����]�
[12:41:21][RES] 204 region1.analytics.google.com/g/collect (type=XHR)
[12:41:21][RES]   headers: {"access-control-allow-origin": "https://moumi.com", "date": "Tue, 11 Aug 2026 10:41:21 GMT", "pragma": "no-cache", "expires": "Fri, 01 Jan 1990 00:00:00 GMT", "cache-control": "no-cache, no-store, mu
[12:41:21][RES]   body size: 0 bytes, saved to sources/
[12:41:23][LIVE] Still recording...
[12:41:23][REQ] POST moumi.com/mwebapi.phtml?SERVER_GET_USER (type=XHR)
[12:41:23][REQ]   headers: {"Accept": "*/*", "Content-Type": "application/json", "Cookie": "dnsDisplayed=undefined; ccpaApplies=false; signedLspa=undefined; _sp_su=false; euconsent-v2=CQox_wAQox_wAAGABCENCrFgAP_gAABAAAYgF5wBgAF
[12:41:23][REQ]   body: <base64> {"$gpb":"moumi.bma.MoumiMessage","body":[{"message_type":403,"server_get_user":{"$gpb":"moumi.bma.Se
[12:41:23][REQ] POST moumi.com/mwebapi.phtml?SERVER_APP_STATS (type=XHR)
[12:41:23][REQ]   headers: {"Accept": "*/*", "Content-Type": "application/json", "Cookie": "dnsDisplayed=undefined; ccpaApplies=false; signedLspa=undefined; _sp_su=false; euconsent-v2=CQox_wAQox_wAAGABCENCrFgAP_gAABAAAYgF5wBgAF
[12:41:23][REQ]   body: <base64> {"$gpb":"moumi.bma.MoumiMessage","body":[{"message_type":278,"server_app_stats":{"$gpb":"moumi.bma.S
[12:41:23][REQ] POST region1.analytics.google.com/g/collect?v=2&tid=G-1MSEYK9Z8R&gtm=45je6871v884411251za20gzb (type=XHR)
[12:41:23][REQ]   headers: {"Accept": "*/*", "Origin": "https://moumi.com", "Referer": "https://moumi.com/", "User-Agent": "Mozilla/5.0 (Windows NT 10.0; Win64; x64) AppleWebKit/537.36 (KHTML, like Gecko) Chrome/151.0.0.0 Safar
[12:41:23][SRC] cookies + storage saved
[12:41:23][RES] 204 region1.analytics.google.com/g/collect (type=XHR)
[12:41:23][RES]   headers: {"access-control-allow-origin": "https://moumi.com", "date": "Tue, 11 Aug 2026 10:41:23 GMT", "pragma": "no-cache", "expires": "Fri, 01 Jan 1990 00:00:00 GMT", "cache-control": "no-cache, no-store, mu
[12:41:23][RES]   body size: 0 bytes, saved to sources/
[12:41:23][RES] 200 moumi.com/mwebapi.phtml (type=XHR)
[12:41:23][RES]   headers: {"server": "nginx", "date": "Tue, 11 Aug 2026 10:41:23 GMT", "content-type": "application/json", "x-local-host": "wwwbma32", "x-bma-server": "wwwbma32", "x-user-id": "zAhMACjIzODAyNTM0MzQAIEkFh8ogbiXY
[12:41:23][RES]   body size: 195 bytes, saved to sources/
[12:41:23][RES] 200 moumi.com/mwebapi.phtml (type=XHR)
[12:41:23][RES]   headers: {"server": "nginx", "date": "Tue, 11 Aug 2026 10:41:24 GMT", "content-type": "application/json", "x-local-host": "wwwbma31", "x-bma-server": "wwwbma31", "x-user-id": "zAhMACjIzODAyNTM0MzQAIEkFh8ogbiXY
[12:41:23][RES]   body size: 18885 bytes, saved to sources/
[12:41:24][REQ] POST eu1.moumi.com/hotpanel/hotpanel2.phtml?version=2.0 (type=Ping)
[12:41:24][REQ]   headers: {"Accept": "*/*", "Content-Type": "text/plain;charset=UTF-8", "Cookie": "dnsDisplayed=undefined; ccpaApplies=false; signedLspa=undefined; _sp_su=false; euconsent-v2=CQox_wAQox_wAAGABCENCrFgAP_gAABAAAY
[12:41:24][REQ]   body: j�e�ƭ��ۭ���V���w�V�~��٪i��슉�����+)�颺gږǝz��zZjW��`]z��z'\�����;��s��m�^��m�^{���ځ����(�)ek�tZ)ݣ
O]4Z)����eyg�*+�~���0�b��rJ��&{�y�M4I�ڮ/�߽��ǫr�����w_���ם�ǫ���������L�� Aa��vJn�e��\�7{h��2��q��!����Ȩ�'^u�xoWצ���{�t���y�tkN޽���v�{}�n�rrX���^����ͩj����^����[l׿:�<��{���rH���+y��jg����秉�|���r���v�z{��v�{�[�ܭ�^��8��4�[ki�"��秝���,r���'u�����zyڙ��Yڙ�=n�r�'����z{�秝���]���{�8��4�O-��$�x,r���v�{�4���zx���+��+y��jg��Ygjg����w+�{�zg���^���ۭ-�^��8�����ki�"��秝���~�r���'u�����zyڙ��Yڙ�
[12:41:25][REQ] GET www.facebook.com/tr/?id=1359524264116659&ev=SubscribedButtonClick&dl=ht (type=Image)
[12:41:25][REQ]   headers: {"Accept": "image/avif,image/webp,image/apng,image/svg+xml,image/*,*/*;q=0.8", "Referer": "https://moumi.com/", "User-Agent": "Mozilla/5.0 (Windows NT 10.0; Win64; x64) AppleWebKit/537.36 (KHTML, like
[12:41:25][REQ] POST moumi.com/mwebapi.phtml?SERVER_VALIDATE_USER_FIELD (type=XHR)
[12:41:25][REQ]   headers: {"Accept": "*/*", "Content-Type": "application/json", "Cookie": "dnsDisplayed=undefined; ccpaApplies=false; signedLspa=undefined; _sp_su=false; euconsent-v2=CQox_wAQox_wAAGABCENCrFgAP_gAABAAAYgF5wBgAF
[12:41:25][REQ]   body: <base64> {"$gpb":"moumi.bma.MoumiMessage","body":[{"message_type":488,"server_validate_user_field":{"field_ty
[12:41:25][RES] 200 moumi.com/mwebapi.phtml (type=XHR)
[12:41:25][RES]   headers: {"server": "nginx", "date": "Tue, 11 Aug 2026 10:41:26 GMT", "content-type": "application/json", "x-local-host": "wwwbma1", "x-bma-server": "wwwbma1", "x-user-id": "zAhMACjIzODAyNTM0MzQAIEkFh8ogbiXYOS
[12:41:25][RES]   body size: 319 bytes, saved to sources/
[12:41:25][REQ] POST moumi.com/mwebapi.phtml?SERVER_SAVE_USER (type=XHR)
[12:41:25][REQ]   headers: {"Accept": "*/*", "Content-Type": "application/json", "Cookie": "dnsDisplayed=undefined; ccpaApplies=false; signedLspa=undefined; _sp_su=false; euconsent-v2=CQox_wAQox_wAAGABCENCrFgAP_gAABAAAYgF5wBgAF
[12:41:25][REQ]   body: <base64> {"$gpb":"moumi.bma.MoumiMessage","body":[{"message_type":405,"server_save_user":{"$gpb":"moumi.bma.S
[12:41:26][RES] 200 moumi.com/mwebapi.phtml (type=XHR)
[12:41:26][RES]   headers: {"server": "nginx", "date": "Tue, 11 Aug 2026 10:41:26 GMT", "content-type": "application/json", "x-local-host": "wwwbma8", "x-bma-server": "wwwbma8", "x-user-id": "zAhMACjIzODAyNTM0MzQAIEkFh8ogbiXYOS
[12:41:26][RES]   body size: 19336 bytes, saved to sources/
[12:41:26][REQ] POST moumi.com/mwebapi.phtml?SERVER_APP_STATS (type=XHR)
[12:41:26][REQ]   headers: {"Accept": "*/*", "Content-Type": "application/json", "Cookie": "dnsDisplayed=undefined; ccpaApplies=false; signedLspa=undefined; _sp_su=false; euconsent-v2=CQox_wAQox_wAAGABCENCrFgAP_gAABAAAYgF5wBgAF
[12:41:26][REQ]   body: <base64> {"$gpb":"moumi.bma.MoumiMessage","body":[{"message_type":278,"server_app_stats":{"$gpb":"moumi.bma.S
[12:41:26][REQ] POST moumi.com/mwebapi.phtml?SERVER_APP_STATS (type=XHR)
[12:41:26][REQ]   headers: {"Accept": "*/*", "Content-Type": "application/json", "Cookie": "dnsDisplayed=undefined; ccpaApplies=false; signedLspa=undefined; _sp_su=false; euconsent-v2=CQox_wAQox_wAAGABCENCrFgAP_gAABAAAYgF5wBgAF
[12:41:26][REQ]   body: <base64> {"$gpb":"moumi.bma.MoumiMessage","body":[{"message_type":278,"server_app_stats":{"$gpb":"moumi.bma.S
[12:41:26][RES] 200 moumi.com/mwebapi.phtml (type=XHR)
[12:41:26][RES]   headers: {"server": "nginx", "date": "Tue, 11 Aug 2026 10:41:26 GMT", "content-type": "application/json", "x-local-host": "wwwbma35", "x-bma-server": "wwwbma35", "x-user-id": "zAhMACjIzODAyNTM0MzQAIEkFh8ogbiXY
[12:41:26][RES]   body size: 195 bytes, saved to sources/
[12:41:26][RES] 200 moumi.com/mwebapi.phtml (type=XHR)
[12:41:26][RES]   headers: {"server": "nginx", "date": "Tue, 11 Aug 2026 10:41:26 GMT", "content-type": "application/json", "x-local-host": "wwwbma2", "x-bma-server": "wwwbma2", "x-user-id": "zAhMACjIzODAyNTM0MzQAIEkFh8ogbiXYOS
[12:41:26][RES]   body size: 195 bytes, saved to sources/
[12:41:28][REQ] POST region1.analytics.google.com/g/collect?v=2&tid=G-1MSEYK9Z8R&gtm=45je6871v884411251z886036 (type=XHR)
[12:41:28][REQ]   headers: {"Accept": "*/*", "Content-Type": "text/plain;charset=UTF-8", "Origin": "https://moumi.com", "Referer": "https://moumi.com/", "User-Agent": "Mozilla/5.0 (Windows NT 10.0; Win64; x64) AppleWebKit/537.3
[12:41:28][REQ]   body: <base64> en=page_view&_et=2132

en=page_view&_et=2783

en=page_view&_et=9

en=page_view&_et=3

en=page_view&_
[12:41:28][RES] 204 region1.analytics.google.com/g/collect (type=XHR)
[12:41:28][RES]   headers: {"access-control-allow-origin": "https://moumi.com", "date": "Tue, 11 Aug 2026 10:41:28 GMT", "pragma": "no-cache", "expires": "Fri, 01 Jan 1990 00:00:00 GMT", "cache-control": "no-cache, no-store, mu
[12:41:28][RES]   body size: 0 bytes, saved to sources/
[12:41:30][REQ] POST eu1.moumi.com/hotpanel/hotpanel2.phtml?version=2.0 (type=Ping)
[12:41:30][REQ]   headers: {"Accept": "*/*", "Content-Type": "text/plain;charset=UTF-8", "Cookie": "dnsDisplayed=undefined; ccpaApplies=false; signedLspa=undefined; _sp_su=false; euconsent-v2=CQox_wAQox_wAAGABCENCrFgAP_gAABAAAY
[12:41:30][REQ]   body: <base64> {"application":{"brand":2,"layout":3,"platform":2,"app_version":"6.2877.0","is_premium":false},"devi
[12:41:31][REQ] GET www.facebook.com/tr/?id=1359524264116659&ev=SubscribedButtonClick&dl=ht (type=Image)
[12:41:31][REQ]   headers: {"Accept": "image/avif,image/webp,image/apng,image/svg+xml,image/*,*/*;q=0.8", "Referer": "https://moumi.com/", "User-Agent": "Mozilla/5.0 (Windows NT 10.0; Win64; x64) AppleWebKit/537.36 (KHTML, like
[12:41:31][REQ] POST moumi.com/mwebapi.phtml?SERVER_APP_STATS (type=XHR)
[12:41:31][REQ]   headers: {"Accept": "*/*", "Content-Type": "application/json", "Cookie": "dnsDisplayed=undefined; ccpaApplies=false; signedLspa=undefined; _sp_su=false; euconsent-v2=CQox_wAQox_wAAGABCENCrFgAP_gAABAAAYgF5wBgAF
[12:41:31][REQ]   body: <base64> {"$gpb":"moumi.bma.MoumiMessage","body":[{"message_type":278,"server_app_stats":{"$gpb":"moumi.bma.S
[12:41:31][REQ] POST moumi.com/mwebapi.phtml?SERVER_APP_STATS (type=XHR)
[12:41:31][REQ]   headers: {"Accept": "*/*", "Content-Type": "application/json", "Cookie": "dnsDisplayed=undefined; ccpaApplies=false; signedLspa=undefined; _sp_su=false; euconsent-v2=CQox_wAQox_wAAGABCENCrFgAP_gAABAAAYgF5wBgAF
[12:41:31][REQ]   body: <base64> {"$gpb":"moumi.bma.MoumiMessage","body":[{"message_type":278,"server_app_stats":{"$gpb":"moumi.bma.S
[12:41:31][REQ] POST region1.analytics.google.com/g/collect?v=2&tid=G-1MSEYK9Z8R&gtm=45je6871v884411251z886036 (type=XHR)
[12:41:31][REQ]   headers: {"Accept": "*/*", "Origin": "https://moumi.com", "Referer": "https://moumi.com/", "User-Agent": "Mozilla/5.0 (Windows NT 10.0; Win64; x64) AppleWebKit/537.36 (KHTML, like Gecko) Chrome/151.0.0.0 Safar
[12:41:31][REQ] GET www.google.de/ads/ga-audiences?v=1&t=sr&slf_rd=1&_r=4&tid=G-1MSEYK9Z8R&cid=183816 (type=Image)
[12:41:31][REQ]   headers: {"Accept": "image/avif,image/webp,image/apng,image/svg+xml,image/*,*/*;q=0.8", "Referer": "https://moumi.com/", "User-Agent": "Mozilla/5.0 (Windows NT 10.0; Win64; x64) AppleWebKit/537.36 (KHTML, like
[12:41:31][RES] 204 region1.analytics.google.com/g/collect (type=XHR)
[12:41:31][RES]   headers: {"access-control-allow-origin": "https://moumi.com", "date": "Tue, 11 Aug 2026 10:41:32 GMT", "pragma": "no-cache", "expires": "Fri, 01 Jan 1990 00:00:00 GMT", "cache-control": "no-cache, no-store, mu
[12:41:31][RES]   body size: 0 bytes, saved to sources/
[12:41:31][RES] 200 moumi.com/mwebapi.phtml (type=XHR)
[12:41:31][RES]   headers: {"server": "nginx", "date": "Tue, 11 Aug 2026 10:41:32 GMT", "content-type": "application/json", "x-local-host": "wwwbma4", "x-bma-server": "wwwbma4", "x-user-id": "zAhMACjIzODAyNTM0MzQAIEkFh8ogbiXYOS
[12:41:31][RES]   body size: 195 bytes, saved to sources/
[12:41:31][RES] 200 moumi.com/mwebapi.phtml (type=XHR)
[12:41:31][RES]   headers: {"server": "nginx", "date": "Tue, 11 Aug 2026 10:41:32 GMT", "content-type": "application/json", "x-local-host": "wwwbma34", "x-bma-server": "wwwbma34", "x-user-id": "zAhMACjIzODAyNTM0MzQAIEkFh8ogbiXY
[12:41:31][RES]   body size: 195 bytes, saved to sources/
[12:41:36][REQ] POST eu1.moumi.com/hotpanel/hotpanel2.phtml?version=2.0 (type=Ping)
[12:41:36][REQ]   headers: {"Accept": "*/*", "Content-Type": "text/plain;charset=UTF-8", "Cookie": "dnsDisplayed=undefined; ccpaApplies=false; signedLspa=undefined; _sp_su=false; euconsent-v2=CQox_wAQox_wAAGABCENCrFgAP_gAABAAAY
[12:41:36][REQ]   body: <base64> {"application":{"brand":2,"layout":3,"platform":2,"app_version":"6.2877.0","is_premium":false},"devi
[12:41:44][REQ] POST moumi.com/mwebapi.phtml?SERVER_GET_CITY (type=XHR)
[12:41:44][REQ]   headers: {"Accept": "*/*", "Content-Type": "application/json", "Cookie": "dnsDisplayed=undefined; ccpaApplies=false; signedLspa=undefined; _sp_su=false; euconsent-v2=CQox_wAQox_wAAGABCENCrFgAP_gAABAAAYgF5wBgAF
[12:41:44][REQ]   body: ���i�(nf�i�(1�,j��ܦz���r����ǫ���z�"�)Z�+nu�v�M6��ӽuמ%�x"��^�}��^�����}��g�����u�g����*^�Ooz�"�}b����
�w_j[
[12:41:44][RES] 200 moumi.com/mwebapi.phtml (type=XHR)
[12:41:44][RES]   headers: {"server": "nginx", "date": "Tue, 11 Aug 2026 10:41:45 GMT", "content-type": "application/json", "x-local-host": "wwwbma7", "x-bma-server": "wwwbma7", "x-user-id": "zAhMACjIzODAyNTM0MzQAIEkFh8ogbiXYOS
[12:41:44][RES]   body size: 274 bytes, saved to sources/
[12:41:46][REQ] GET www.facebook.com/tr/?id=1359524264116659&ev=SubscribedButtonClick&dl=ht (type=Image)
[12:41:46][REQ]   headers: {"Accept": "image/avif,image/webp,image/apng,image/svg+xml,image/*,*/*;q=0.8", "Referer": "https://moumi.com/", "User-Agent": "Mozilla/5.0 (Windows NT 10.0; Win64; x64) AppleWebKit/537.36 (KHTML, like
[12:41:46][REQ] POST moumi.com/mwebapi.phtml?SERVER_SAVE_USER (type=XHR)
[12:41:46][REQ]   headers: {"Accept": "*/*", "Content-Type": "application/json", "Cookie": "dnsDisplayed=undefined; ccpaApplies=false; signedLspa=undefined; _sp_su=false; euconsent-v2=CQox_wAQox_wAAGABCENCrFgAP_gAABAAAYgF5wBgAF
[12:41:46][REQ]   body: ���i�(nf�i�(1�,j��ܦz���r��4�ǫ���j����ॶ�v�������I��Rǫ�ǫ���i�(nf������w0!0 �#3�#S3C3@�X|��]����Yxn��8+
��0�L�m\e��r+r��u�}�����{���zW_�[^�
[m�h���Rǫ'�tX���鮈�rب���z۫������׫���i�(nf���ŉ�])mz�k�7��*'�M��~��N��Ow�^=�m��M�Ӎ�۽6�M��}��m6�}t��9ӏtߍ8�N��]uӎ���6�]t�}u��7�N��}u�~�z���֥n鬂��i�(nf�z�ެg�V[�kr������v��������@���jV�ܩ{�)m�����i'����z�%n隕���*^�g����jZk���z�v���z����ۊު笶)�z����)m�����i'���Ȟ׫z�l�e�h��M�{^��t�g�����u�g����*^�Noz�"�}b����
�w_j[
[12:41:46][RES] 200 moumi.com/mwebapi.phtml (type=XHR)
[12:41:46][RES]   headers: {"server": "nginx", "date": "Tue, 11 Aug 2026 10:41:47 GMT", "content-type": "application/json", "x-local-host": "wwwbma6", "x-bma-server": "wwwbma6", "x-user-id": "zAhMACjIzODAyNTM0MzQAIEkFh8ogbiXYOS
[12:41:46][RES]   body size: 19995 bytes, saved to sources/
[12:41:46][REQ] POST moumi.com/jss/js_error.phtml? (type=XHR)
[12:41:46][REQ]   headers: {"Accept": "*/*", "Content-Type": "text/plain;charset=UTF-8", "Cookie": "dnsDisplayed=undefined; ccpaApplies=false; signedLspa=undefined; _sp_su=false; euconsent-v2=CQox_wAQox_wAAGABCENCrFgAP_gAABAAAY
[12:41:46][REQ]   body: ��ޕ�뢹ڙ��J뢹��Ơx�ۡ�݊x)j���.��+��Sʗ���蚍{ڊ�)蝺�ا�כ��~������*'�~�ժin�w^��]v��6�.�������i���i�(r��zw(�{^��Z��Q+���;kn�}��}���{׽��kW��w^�'��;kn�}��}���{׽��kW��v��V�zV�v�&���{�u�e�(�~�k�ۜ�*'j�l��^zw(�{^��-jס��h�*'n��v)�zf����z�b���z�b��ܢ��z�.���w0!0 �#3�#S3C3@�X|��]����Yxn��8+
��0�L�m\e�Ȳ֜�m���z�^q��m�h��gr��������n)^�����݊���޳��j)�u��iǞ�^vq�4׿#�n�����l������f�v�vw(����o�����o�mج�����9�f���]߶�y�5�gsM{�;6�Ou�m��?��y�gٶ�����&�/���桸�{���v+-�;?z������w��{�y����^��ͺ�Ou9��r��V�rHm��?�
[12:41:46][REQ] POST moumi.com/jss/js_error.phtml? (type=XHR)
[12:41:46][REQ]   headers: {"Accept": "*/*", "Content-Type": "text/plain;charset=UTF-8", "Cookie": "dnsDisplayed=undefined; ccpaApplies=false; signedLspa=undefined; _sp_su=false; euconsent-v2=CQox_wAQox_wAAGABCENCrFgAP_gAABAAAY
[12:41:46][REQ]   body: <base64> {"level":"error","name":"LogError","message":"Onboarding page not supported. Type: 76. Promo: undefi
[12:41:46][REQ] POST moumi.com/jss/js_error.phtml? (type=XHR)
[12:41:46][REQ]   headers: {"Accept": "*/*", "Content-Type": "text/plain;charset=UTF-8", "Cookie": "dnsDisplayed=undefined; ccpaApplies=false; signedLspa=undefined; _sp_su=false; euconsent-v2=CQox_wAQox_wAAGABCENCrFgAP_gAABAAAY
[12:41:46][REQ]   body: ��ޕ�뢹ڙ��J뢹��Ơx�ۡ�݊x)j���.��+��Sʗ���蚎���)蝺�ا�כ��~������*'�~�ժin�w^��]v��6�.�������i���i�(r��zw(�{^��Z��Q+���;kn�}��}���{׽��kW��w^�'��;kn�}��}���{׽��kW��v��V�zV�v�&���{�u�e�(�~�k�ۜ�*'j�l��^zw(�{^��-jס��h�*'n��v)�zf����z�b���z�b��ܢ��z�.���w0!0 �#3�#S3C3@�X|��]����Yxn��8+
��0�L�m\e�Ȳ֜�m���z�^q��m�h��gr��������n)^�����݊���޳��j)�u��iǞ�^vq�4׿#�n�����l������f�v�vw(����o�����o�mج�����9�f���]߶�y�5�gsM{�;6�Ou�m��?��y�gٶ�����&�/���桸�{���v+-�;?z������w��{�y����^��ͺ�Ou9��r��V�rHm��?�
[12:41:46][REQ] POST moumi.com/jss/js_error.phtml? (type=XHR)
[12:41:46][REQ]   headers: {"Accept": "*/*", "Content-Type": "text/plain;charset=UTF-8", "Cookie": "dnsDisplayed=undefined; ccpaApplies=false; signedLspa=undefined; _sp_su=false; euconsent-v2=CQox_wAQox_wAAGABCENCrFgAP_gAABAAAY
[12:41:46][REQ]   body: <base64> {"level":"error","name":"LogError","message":"Onboarding page not supported. Type: 6. Promo: 132","o
[12:41:46][REQ] POST moumi.com/mwebapi.phtml?SERVER_APP_STATS (type=XHR)
[12:41:46][REQ]   headers: {"Accept": "*/*", "Content-Type": "application/json", "Cookie": "dnsDisplayed=undefined; ccpaApplies=false; signedLspa=undefined; _sp_su=false; euconsent-v2=CQox_wAQox_wAAGABCENCrFgAP_gAABAAAYgF5wBgAF
[12:41:46][REQ]   body: <base64> {"$gpb":"moumi.bma.MoumiMessage","body":[{"message_type":278,"server_app_stats":{"common_stats":{"ev
[12:41:46][REQ] POST moumi.com/mwebapi.phtml?SERVER_GET_ENCOUNTERS (type=XHR)
[12:41:46][REQ]   headers: {"Accept": "*/*", "Content-Type": "application/json", "Cookie": "dnsDisplayed=undefined; ccpaApplies=false; signedLspa=undefined; _sp_su=false; euconsent-v2=CQox_wAQox_wAAGABCENCrFgAP_gAABAAAYgF5wBgAF
[12:41:46][REQ]   body: <base64> {"$gpb":"moumi.bma.MoumiMessage","body":[{"message_type":81,"server_get_encounters":{"$gpb":"moumi.b
[12:41:46][REQ] POST moumi.com/mwebapi.phtml?SERVER_APP_STATS (type=XHR)
[12:41:46][REQ]   headers: {"Accept": "*/*", "Content-Type": "application/json", "Cookie": "dnsDisplayed=undefined; ccpaApplies=false; signedLspa=undefined; _sp_su=false; euconsent-v2=CQox_wAQox_wAAGABCENCrFgAP_gAABAAAYgF5wBgAF
[12:41:46][REQ]   body: <base64> {"$gpb":"moumi.bma.MoumiMessage","body":[{"message_type":278,"server_app_stats":{"common_stats":{"ev
[12:41:46][REQ] POST moumi.com/mwebapi.phtml?SERVER_APP_STATS (type=XHR)
[12:41:46][REQ]   headers: {"Accept": "*/*", "Content-Type": "application/json", "Cookie": "dnsDisplayed=undefined; ccpaApplies=false; signedLspa=undefined; _sp_su=false; euconsent-v2=CQox_wAQox_wAAGABCENCrFgAP_gAABAAAYgF5wBgAF
[12:41:46][REQ]   body: <base64> {"$gpb":"moumi.bma.MoumiMessage","body":[{"message_type":278,"server_app_stats":{"common_stats":{"ev
[12:41:46][REQ] POST moumi.com/mwebapi.phtml?SERVER_APP_STATS (type=XHR)
[12:41:46][REQ]   headers: {"Accept": "*/*", "Content-Type": "application/json", "Cookie": "dnsDisplayed=undefined; ccpaApplies=false; signedLspa=undefined; _sp_su=false; euconsent-v2=CQox_wAQox_wAAGABCENCrFgAP_gAABAAAYgF5wBgAF
[12:41:46][REQ]   body: <base64> {"$gpb":"moumi.bma.MoumiMessage","body":[{"message_type":278,"server_app_stats":{"common_stats":{"ev
[12:41:46][REQ] POST moumi.com/mwebapi.phtml?SERVER_APP_STATS (type=XHR)
[12:41:46][REQ]   headers: {"Accept": "*/*", "Content-Type": "application/json", "Cookie": "dnsDisplayed=undefined; ccpaApplies=false; signedLspa=undefined; _sp_su=false; euconsent-v2=CQox_wAQox_wAAGABCENCrFgAP_gAABAAAYgF5wBgAF
[12:41:46][REQ]   body: <base64> {"$gpb":"moumi.bma.MoumiMessage","body":[{"message_type":278,"server_app_stats":{"common_stats":{"ev
[12:41:46][RES] 200 moumi.com/jss/js_error.phtml (type=XHR)
[12:41:46][RES]   headers: {"server": "nginx", "date": "Tue, 11 Aug 2026 10:41:47 GMT", "content-type": "application/json", "cache-control": "no-cache, private", "strict-transport-security": "max-age=31536000; includeSubDomains
[12:41:46][RES]   body size: 1998 bytes, saved to sources/
[12:41:46][RES] 200 moumi.com/jss/js_error.phtml (type=XHR)
[12:41:46][RES]   headers: {"server": "nginx", "date": "Tue, 11 Aug 2026 10:41:47 GMT", "content-type": "application/json", "cache-control": "no-cache, private", "strict-transport-security": "max-age=31536000; includeSubDomains
[12:41:46][RES]   body size: 2004 bytes, saved to sources/
[12:41:46][RES] 200 moumi.com/jss/js_error.phtml (type=XHR)
[12:41:46][RES]   headers: {"server": "nginx", "date": "Tue, 11 Aug 2026 10:41:47 GMT", "content-type": "application/json", "cache-control": "no-cache, private", "strict-transport-security": "max-age=31536000; includeSubDomains
[12:41:46][RES]   body size: 1997 bytes, saved to sources/
[12:41:46][RES] 200 moumi.com/jss/js_error.phtml (type=XHR)
[12:41:46][RES]   headers: {"server": "nginx", "date": "Tue, 11 Aug 2026 10:41:47 GMT", "content-type": "application/json", "cache-control": "no-cache, private", "strict-transport-security": "max-age=31536000; includeSubDomains
[12:41:46][RES]   body size: 1998 bytes, saved to sources/
[12:41:46][RES] 200 moumi.com/mwebapi.phtml (type=XHR)
[12:41:46][RES]   headers: {"server": "nginx", "date": "Tue, 11 Aug 2026 10:41:47 GMT", "content-type": "application/json", "x-local-host": "wwwbma3", "x-bma-server": "wwwbma3", "x-user-id": "zAhMACjIzODAyNTM0MzQAIEkFh8ogbiXYOS
[12:41:46][RES]   body size: 483 bytes, saved to sources/
[12:41:46][RES] 200 moumi.com/mwebapi.phtml (type=XHR)
[12:41:46][RES]   headers: {"server": "nginx", "date": "Tue, 11 Aug 2026 10:41:47 GMT", "content-type": "application/json", "x-local-host": "wwwbma10", "x-bma-server": "wwwbma10", "x-user-id": "zAhMACjIzODAyNTM0MzQAIEkFh8ogbiXY
[12:41:46][RES]   body size: 483 bytes, saved to sources/
[12:41:46][RES] 200 moumi.com/mwebapi.phtml (type=XHR)
[12:41:46][RES]   headers: {"server": "nginx", "date": "Tue, 11 Aug 2026 10:41:47 GMT", "content-type": "application/json", "x-local-host": "wwwbma9", "x-bma-server": "wwwbma9", "x-user-id": "zAhMACjIzODAyNTM0MzQAIEkFh8ogbiXYOS
[12:41:46][RES]   body size: 483 bytes, saved to sources/
[12:41:46][RES] 200 moumi.com/mwebapi.phtml (type=XHR)
[12:41:46][RES]   headers: {"server": "nginx", "date": "Tue, 11 Aug 2026 10:41:47 GMT", "content-type": "application/json", "x-local-host": "wwwbma12", "x-bma-server": "wwwbma12", "x-user-id": "zAhMACjIzODAyNTM0MzQAIEkFh8ogbiXY
[12:41:46][RES]   body size: 483 bytes, saved to sources/
[12:41:46][RES] 200 moumi.com/mwebapi.phtml (type=XHR)
[12:41:46][RES]   headers: {"server": "nginx", "date": "Tue, 11 Aug 2026 10:41:47 GMT", "content-type": "application/json", "x-local-host": "wwwbma4", "x-bma-server": "wwwbma4", "x-user-id": "zAhMACjIzODAyNTM0MzQAIEkFh8ogbiXYOS
[12:41:46][RES]   body size: 483 bytes, saved to sources/
[12:41:49][RES] 200 moumi.com/mwebapi.phtml (type=XHR)
[12:41:49][RES]   headers: {"server": "nginx", "date": "Tue, 11 Aug 2026 10:41:49 GMT", "content-type": "application/json", "x-local-host": "wwwbma13", "x-bma-server": "wwwbma13", "x-user-id": "zAhMACjIzODAyNTM0MzQAIEkFh8ogbiXY
[12:41:49][RES]   body size: 173338 bytes, saved to sources/
[12:41:49][REQ] POST moumi.com/mwebapi.phtml?SERVER_APP_STATS (type=XHR)
[12:41:49][REQ]   headers: {"Accept": "*/*", "Content-Type": "application/json", "Cookie": "dnsDisplayed=undefined; ccpaApplies=false; signedLspa=undefined; _sp_su=false; euconsent-v2=CQox_wAQox_wAAGABCENCrFgAP_gAABAAAYgF5wBgAF
[12:41:49][REQ]   body: <base64> {"$gpb":"moumi.bma.MoumiMessage","body":[{"message_type":278,"server_app_stats":{"common_stats":{"ev
[12:41:49][REQ] GET fr1.ecdn2.moumicdn.com/p2501/hidden?euri=AAAAAAAAAAIQu15cX82YMU7VqGCKfCDDiAAzIEhNqHe1Z (type=Image)
[12:41:49][REQ]   headers: {"Accept": "image/avif,image/webp,image/apng,image/svg+xml,image/*,*/*;q=0.8", "Referer": "https://moumi.com/", "User-Agent": "Mozilla/5.0 (Windows NT 10.0; Win64; x64) AppleWebKit/537.36 (KHTML, like
[12:41:49][REQ] GET fr1.ecdn2.moumicdn.com/p2502/hidden?euri=AAAAAAAAAAIQD0-1-SfZgH9BwU2KdMaIXwBfP6fCbzzXf (type=Image)
[12:41:49][REQ]   headers: {"Accept": "image/avif,image/webp,image/apng,image/svg+xml,image/*,*/*;q=0.8", "Referer": "https://moumi.com/", "User-Agent": "Mozilla/5.0 (Windows NT 10.0; Win64; x64) AppleWebKit/537.36 (KHTML, like
[12:41:49][REQ] GET fr1.ecdn2.moumicdn.com/p2503/hidden?euri=AAAAAAAAAAIQykf7.BiqjTTVezrZa363sQDOdpu-gGNCd (type=Image)
[12:41:49][REQ]   headers: {"Accept": "image/avif,image/webp,image/apng,image/svg+xml,image/*,*/*;q=0.8", "Referer": "https://moumi.com/", "User-Agent": "Mozilla/5.0 (Windows NT 10.0; Win64; x64) AppleWebKit/537.36 (KHTML, like
[12:41:49][REQ] GET fr1.ecdn2.moumicdn.com/p2502/hidden?euri=AAAAAAAAAAIQtm92xAe4ZWYLe0znpPDb2wBfhrgmPX-ov (type=Image)
[12:41:49][REQ]   headers: {"Accept": "image/avif,image/webp,image/apng,image/svg+xml,image/*,*/*;q=0.8", "Referer": "https://moumi.com/", "User-Agent": "Mozilla/5.0 (Windows NT 10.0; Win64; x64) AppleWebKit/537.36 (KHTML, like
[12:41:49][RES] 200 moumi.com/mwebapi.phtml (type=XHR)
[12:41:49][RES]   headers: {"server": "nginx", "date": "Tue, 11 Aug 2026 10:41:49 GMT", "content-type": "application/json", "x-local-host": "wwwbma10", "x-bma-server": "wwwbma10", "x-user-id": "zAhMACjIzODAyNTM0MzQAIEkFh8ogbiXY
[12:41:49][RES]   body size: 195 bytes, saved to sources/
[12:41:49][REQ] POST eu1.moumi.com/hotpanel/hotpanel2.phtml?version=2.0 (type=Ping)
[12:41:49][REQ]   headers: {"Accept": "*/*", "Content-Type": "text/plain;charset=UTF-8", "Cookie": "dnsDisplayed=undefined; ccpaApplies=false; signedLspa=undefined; _sp_su=false; euconsent-v2=CQox_wAQox_wAAGABCENCrFgAP_gAABAAAY
[12:41:49][REQ]   body: <base64> {"application":{"brand":2,"layout":3,"platform":2,"app_version":"6.2877.0","is_premium":false},"devi
[12:41:49][REQ] POST region1.analytics.google.com/g/collect?v=2&tid=G-1MSEYK9Z8R&gtm=45je6871v884411251z886036 (type=XHR)
[12:41:49][REQ]   headers: {"Accept": "*/*", "Content-Type": "text/plain;charset=UTF-8", "Origin": "https://moumi.com", "Referer": "https://moumi.com/", "User-Agent": "Mozilla/5.0 (Windows NT 10.0; Win64; x64) AppleWebKit/537.3
[12:41:49][REQ]   body: <base64> en=page_view&_et=4549

en=page_view&_et=1703&dl=https%3A%2F%2Fmoumi.com%2Fenter-pin

en=page_view&_e
[12:41:50][RES] 204 region1.analytics.google.com/g/collect (type=XHR)
[12:41:50][RES]   headers: {"access-control-allow-origin": "https://moumi.com", "date": "Tue, 11 Aug 2026 10:41:50 GMT", "pragma": "no-cache", "expires": "Fri, 01 Jan 1990 00:00:00 GMT", "cache-control": "no-cache, no-store, mu
[12:41:50][RES]   body size: 0 bytes, saved to sources/
[12:41:51][REQ] POST moumi.com/mwebapi.phtml?SERVER_UPDATE_LOCATION (type=XHR)
[12:41:51][REQ]   headers: {"Accept": "*/*", "Content-Type": "application/json", "Cookie": "dnsDisplayed=undefined; ccpaApplies=false; signedLspa=undefined; _sp_su=false; euconsent-v2=CQox_wAQox_wAAGABCENCrFgAP_gAABAAAYgF5wBgAF
[12:41:51][REQ]   body: ���i�(nf�i�(1�,j��ܦz���r��,z�ޮ�]jץ�ƭ���ƭ���jح�׹۝4ۮ��N��^x����۝{]��{ۯ{�}���.����ئz�Z��{�8��u�nfz����nfz���r��/z�"�}b����
�w_j[
[12:41:51][RES] 200 moumi.com/mwebapi.phtml (type=XHR)
[12:41:51][RES]   headers: {"server": "nginx", "date": "Tue, 11 Aug 2026 10:41:52 GMT", "content-type": "application/json", "x-local-host": "wwwbma37", "x-bma-server": "wwwbma37", "x-user-id": "zAhMACjIzODAyNTM0MzQAIEkFh8ogbiXY
[12:41:51][RES]   body size: 497 bytes, saved to sources/
[12:41:56][LIVE] Still recording...
[12:41:56][SRC] cookies + storage saved
[12:41:56][REQ] POST eu1.moumi.com/hotpanel/hotpanel2.phtml?version=2.0 (type=Ping)
[12:41:56][REQ]   headers: {"Accept": "*/*", "Content-Type": "text/plain;charset=UTF-8", "Cookie": "dnsDisplayed=undefined; ccpaApplies=false; signedLspa=undefined; _sp_su=false; euconsent-v2=CQox_wAQox_wAAGABCENCrFgAP_gAABAAAY
[12:41:56][REQ]   body: <base64> {"application":{"brand":2,"layout":3,"platform":2,"app_version":"6.2877.0","is_premium":false},"devi
[12:42:02][REQ] POST moumi.com/mwebapi.phtml?SERVER_APP_STATS (type=XHR)
[12:42:02][REQ]   headers: {"Accept": "*/*", "Content-Type": "application/json", "Cookie": "dnsDisplayed=undefined; ccpaApplies=false; signedLspa=undefined; _sp_su=false; euconsent-v2=CQox_wAQox_wAAGABCENCrFgAP_gAABAAAYgF5wBgAF
[12:42:02][REQ]   body: ���i�(nf�i�(1�,j��ܦz���r����ǫ��ڦ�-j�-��m��-j��{^��m��m��r������*^�g�����v�g����*^ۿ/z�"�}b����
�w_j[
[12:42:02][RES] 200 moumi.com/mwebapi.phtml (type=XHR)
[12:42:02][RES]   headers: {"server": "nginx", "date": "Tue, 11 Aug 2026 10:42:02 GMT", "content-type": "application/json", "x-local-host": "wwwbma7", "x-bma-server": "wwwbma7", "x-user-id": "zAhMACjIzODAyNTM0MzQAIEkFh8ogbiXYOS
[12:42:02][RES]   body size: 195 bytes, saved to sources/
[12:42:06][REQ] POST moumi.com/mwebapi.phtml?SERVER_APP_STATS (type=XHR)
[12:42:06][REQ]   headers: {"Accept": "*/*", "Content-Type": "application/json", "Cookie": "dnsDisplayed=undefined; ccpaApplies=false; signedLspa=undefined; _sp_su=false; euconsent-v2=CQox_wAQox_wAAGABCENCrFgAP_gAABAAAYgF5wBgAF
[12:42:06][REQ]   body: ���i�(nf�i�(1�,j��ܦz���r����ǫ��ڦ�-j�-��m��-j��{^��m��m��r��^����*^�g�����v�g����*^ۿ/z�"�}b����
�w_j[
[12:42:06][RES] 200 moumi.com/mwebapi.phtml (type=XHR)
[12:42:06][RES]   headers: {"server": "nginx", "date": "Tue, 11 Aug 2026 10:42:07 GMT", "content-type": "application/json", "x-local-host": "wwwbma11", "x-bma-server": "wwwbma11", "x-user-id": "zAhMACjIzODAyNTM0MzQAIEkFh8ogbiXY
[12:42:06][RES]   body size: 195 bytes, saved to sources/
[12:42:07][REQ] POST eu1.moumi.com/hotpanel/hotpanel2.phtml?version=2.0 (type=Ping)
[12:42:07][REQ]   headers: {"Accept": "*/*", "Content-Type": "text/plain;charset=UTF-8", "Cookie": "dnsDisplayed=undefined; ccpaApplies=false; signedLspa=undefined; _sp_su=false; euconsent-v2=CQox_wAQox_wAAGABCENCrFgAP_gAABAAAY
[12:42:07][REQ]   body: <base64> {"application":{"brand":2,"layout":3,"platform":2,"app_version":"6.2877.0","is_premium":false},"devi
[12:42:15][REQ] POST moumi.com/mwebapi.phtml?SERVER_APP_STATS (type=XHR)
[12:42:15][REQ]   headers: {"Accept": "*/*", "Content-Type": "application/json", "Cookie": "dnsDisplayed=undefined; ccpaApplies=false; signedLspa=undefined; _sp_su=false; euconsent-v2=CQox_wAQox_wAAGABCENCrFgAP_gAABAAAYgF5wBgAF
[12:42:15][REQ]   body: <base64> {"$gpb":"moumi.bma.MoumiMessage","body":[{"message_type":278,"server_app_stats":{"common_stats":{"ev
[12:42:15][REQ] POST www.facebook.com/tr/? (type=Document)
[12:42:15][REQ]   headers: {"Accept": "text/html,application/xhtml+xml,application/xml;q=0.9,image/avif,image/webp,image/apng,*/*;q=0.8,application/signed-exchange;v=b3;q=0.7", "Content-Type": "application/x-www-form-urlencoded
[12:42:15][REQ]   body: <base64> id=1359524264116659&ev=SubscribedButtonClick&dl=https%3A%2F%2Fmoumi.com%2Fencounters&rl=&if=false&ts
[12:42:15][RES] 200 moumi.com/mwebapi.phtml (type=XHR)
[12:42:15][RES]   headers: {"server": "nginx", "date": "Tue, 11 Aug 2026 10:42:16 GMT", "content-type": "application/json", "x-local-host": "wwwbma10", "x-bma-server": "wwwbma10", "x-user-id": "zAhMACjIzODAyNTM0MzQAIEkFh8ogbiXY
[12:42:15][RES]   body size: 195 bytes, saved to sources/
[12:42:16][REQ] POST region1.analytics.google.com/g/collect?v=2&tid=G-1MSEYK9Z8R&gtm=45je6871v884411251z886036 (type=XHR)
[12:42:16][REQ]   headers: {"Accept": "*/*", "Origin": "https://moumi.com", "Referer": "https://moumi.com/", "User-Agent": "Mozilla/5.0 (Windows NT 10.0; Win64; x64) AppleWebKit/537.36 (KHTML, like Gecko) Chrome/151.0.0.0 Safar
[12:42:16][RES] 204 region1.analytics.google.com/g/collect (type=XHR)
[12:42:16][RES]   headers: {"access-control-allow-origin": "https://moumi.com", "date": "Tue, 11 Aug 2026 10:42:16 GMT", "pragma": "no-cache", "expires": "Fri, 01 Jan 1990 00:00:00 GMT", "cache-control": "no-cache, no-store, mu
[12:42:16][RES]   body size: 0 bytes, saved to sources/
[12:42:18][REQ] POST region1.analytics.google.com/g/collect?v=2&tid=G-1MSEYK9Z8R&gtm=45je6871v884411251za20gzb (type=XHR)
[12:42:18][REQ]   headers: {"Accept": "*/*", "Origin": "https://moumi.com", "Referer": "https://moumi.com/", "User-Agent": "Mozilla/5.0 (Windows NT 10.0; Win64; x64) AppleWebKit/537.36 (KHTML, like Gecko) Chrome/151.0.0.0 Safar
[12:42:18][REQ] POST moumi.com/mwebapi.phtml?SERVER_APP_STATS (type=XHR)
[12:42:18][REQ]   headers: {"Accept": "*/*", "Content-Type": "application/json", "Cookie": "dnsDisplayed=undefined; ccpaApplies=false; signedLspa=undefined; _sp_su=false; euconsent-v2=CQox_wAQox_wAAGABCENCrFgAP_gAABAAAYgF5wBgAF
[12:42:18][REQ]   body: <base64> {"$gpb":"moumi.bma.MoumiMessage","body":[{"message_type":278,"server_app_stats":{"common_stats":{"ev
[12:42:18][RES] 204 region1.analytics.google.com/g/collect (type=XHR)
[12:42:18][RES]   headers: {"access-control-allow-origin": "https://moumi.com", "date": "Tue, 11 Aug 2026 10:42:19 GMT", "pragma": "no-cache", "expires": "Fri, 01 Jan 1990 00:00:00 GMT", "cache-control": "no-cache, no-store, mu
[12:42:18][RES]   body size: 0 bytes, saved to sources/
[12:42:18][RES] 200 moumi.com/mwebapi.phtml (type=XHR)
[12:42:18][RES]   headers: {"server": "nginx", "date": "Tue, 11 Aug 2026 10:42:19 GMT", "content-type": "application/json", "x-local-host": "wwwbma9", "x-bma-server": "wwwbma9", "x-user-id": "zAhMACjIzODAyNTM0MzQAIEkFh8ogbiXYOS
[12:42:18][RES]   body size: 195 bytes, saved to sources/
[12:42:19][REQ] POST region1.analytics.google.com/g/collect?v=2&tid=G-1MSEYK9Z8R&gtm=45je6871v884411251z886036 (type=XHR)
[12:42:19][REQ]   headers: {"Accept": "*/*", "Content-Type": "text/plain;charset=UTF-8", "Origin": "https://moumi.com", "Referer": "https://moumi.com/", "User-Agent": "Mozilla/5.0 (Windows NT 10.0; Win64; x64) AppleWebKit/537.3
[12:42:19][REQ]   body: <base64> en=page_view&_et=2352

en=page_view&_et=4

en=page_view&_et=4&dl=https%3A%2F%2Fmoumi.com%2Fencounter
[12:42:19][RES] 204 region1.analytics.google.com/g/collect (type=XHR)
[12:42:19][RES]   headers: {"access-control-allow-origin": "https://moumi.com", "date": "Tue, 11 Aug 2026 10:42:20 GMT", "pragma": "no-cache", "expires": "Fri, 01 Jan 1990 00:00:00 GMT", "cache-control": "no-cache, no-store, mu
[12:42:19][RES]   body size: 0 bytes, saved to sources/
[12:42:20][REQ] POST eu1.moumi.com/hotpanel/hotpanel2.phtml?version=2.0 (type=Ping)
[12:42:20][REQ]   headers: {"Accept": "*/*", "Content-Type": "text/plain;charset=UTF-8", "Cookie": "dnsDisplayed=undefined; ccpaApplies=false; signedLspa=undefined; _sp_su=false; euconsent-v2=CQox_wAQox_wAAGABCENCrFgAP_gAABAAAY
[12:42:20][REQ]   body: <base64> {"application":{"brand":2,"layout":3,"platform":2,"app_version":"6.2877.0","is_premium":false},"devi
[12:42:24][REQ] POST region1.analytics.google.com/g/collect?v=2&tid=G-1MSEYK9Z8R&gtm=45je6871v884411251za20gzb (type=XHR)
[12:42:24][REQ]   headers: {"Accept": "*/*", "Origin": "https://moumi.com", "Referer": "https://moumi.com/", "User-Agent": "Mozilla/5.0 (Windows NT 10.0; Win64; x64) AppleWebKit/537.36 (KHTML, like Gecko) Chrome/151.0.0.0 Safar
[12:42:24][RES] 204 region1.analytics.google.com/g/collect (type=XHR)
[12:42:24][RES]   headers: {"access-control-allow-origin": "https://moumi.com", "date": "Tue, 11 Aug 2026 10:42:25 GMT", "pragma": "no-cache", "expires": "Fri, 01 Jan 1990 00:00:00 GMT", "cache-control": "no-cache, no-store, mu
[12:42:24][RES]   body size: 0 bytes, saved to sources/
[12:42:26][LIVE] Still recording...
[12:42:26][REQ] GET eu1.ecdn2.moumicdn.com/i/v2/-/mobileweb/webdist/js/es5/people-nearby.f95f1b5c7f9434a6e0fc.js? (type=Script)
[12:42:26][REQ]   headers: {"Accept": "*/*", "Origin": "https://moumi.com", "Referer": "https://moumi.com/", "User-Agent": "Mozilla/5.0 (Windows NT 10.0; Win64; x64) AppleWebKit/537.36 (KHTML, like Gecko) Chrome/151.0.0.0 Safar
[12:42:26][SRC] cookies + storage saved
[12:42:26][RES] 200 eu1.ecdn2.moumicdn.com/i/v2/-/mobileweb/webdist/js/es5/people-nearby.f95f1b5c7f9434a6e0fc.js (type=Script)
[12:42:26][RES]   headers: {"server": "nginx", "content-type": "application/x-javascript", "last-modified": "Fri, 24 Jul 2026 13:47:22 GMT", "content-encoding": "gzip", "expires": "Sat, 24 Jul 2027 13:50:15 GMT", "cache-control
[12:42:26][RES]   body size: 49864 bytes, saved to sources/
[12:42:26][REQ] POST moumi.com/mwebapi.phtml?SERVER_APP_STATS (type=XHR)
[12:42:26][REQ]   headers: {"Accept": "*/*", "Content-Type": "application/json", "Cookie": "dnsDisplayed=undefined; ccpaApplies=false; signedLspa=undefined; _sp_su=false; euconsent-v2=CQox_wAQox_wAAGABCENCrFgAP_gAABAAAYgF5wBgAF
[12:42:26][REQ]   body: <base64> {"$gpb":"moumi.bma.MoumiMessage","body":[{"message_type":278,"server_app_stats":{"common_stats":{"ev
[12:42:26][REQ] POST moumi.com/mwebapi.phtml?SERVER_GET_USER (type=XHR)
[12:42:26][REQ]   headers: {"Accept": "*/*", "Content-Type": "application/json", "Cookie": "dnsDisplayed=undefined; ccpaApplies=false; signedLspa=undefined; _sp_su=false; euconsent-v2=CQox_wAQox_wAAGABCENCrFgAP_gAABAAAYgF5wBgAF
[12:42:26][REQ]   body: <base64> {"$gpb":"moumi.bma.MoumiMessage","body":[{"message_type":403,"server_get_user":{"$gpb":"moumi.bma.Se
[12:42:26][REQ] POST moumi.com/mwebapi.phtml?SERVER_GET_APP_SETTINGS (type=XHR)
[12:42:26][REQ]   headers: {"Accept": "*/*", "Content-Type": "application/json", "Cookie": "dnsDisplayed=undefined; ccpaApplies=false; signedLspa=undefined; _sp_su=false; euconsent-v2=CQox_wAQox_wAAGABCENCrFgAP_gAABAAAYgF5wBgAF
[12:42:26][REQ]   body: <base64> {"$gpb":"moumi.bma.MoumiMessage","body":[{"message_type":34}],"message_id":132,"message_type":34,"ve
[12:42:26][REQ] POST moumi.com/mwebapi.phtml?SERVER_APP_STATS (type=XHR)
[12:42:26][REQ]   headers: {"Accept": "*/*", "Content-Type": "application/json", "Cookie": "dnsDisplayed=undefined; ccpaApplies=false; signedLspa=undefined; _sp_su=false; euconsent-v2=CQox_wAQox_wAAGABCENCrFgAP_gAABAAAYgF5wBgAF
[12:42:26][REQ]   body: <base64> {"$gpb":"moumi.bma.MoumiMessage","body":[{"message_type":278,"server_app_stats":{"common_stats":{"ev
[12:42:26][REQ] POST moumi.com/mwebapi.phtml?SERVER_APP_STATS (type=XHR)
[12:42:26][REQ]   headers: {"Accept": "*/*", "Content-Type": "application/json", "Cookie": "dnsDisplayed=undefined; ccpaApplies=false; signedLspa=undefined; _sp_su=false; euconsent-v2=CQox_wAQox_wAAGABCENCrFgAP_gAABAAAYgF5wBgAF
[12:42:26][REQ]   body: <base64> {"$gpb":"moumi.bma.MoumiMessage","body":[{"message_type":278,"server_app_stats":{"common_stats":{"ev
[12:42:26][REQ] POST moumi.com/mwebapi.phtml?SERVER_APP_STATS (type=XHR)
[12:42:26][REQ]   headers: {"Accept": "*/*", "Content-Type": "application/json", "Cookie": "dnsDisplayed=undefined; ccpaApplies=false; signedLspa=undefined; _sp_su=false; euconsent-v2=CQox_wAQox_wAAGABCENCrFgAP_gAABAAAYgF5wBgAF
[12:42:26][REQ]   body: <base64> {"$gpb":"moumi.bma.MoumiMessage","body":[{"message_type":278,"server_app_stats":{"common_stats":{"ev
[12:42:26][REQ] POST moumi.com/mwebapi.phtml?SERVER_APP_STATS (type=XHR)
[12:42:26][REQ]   headers: {"Accept": "*/*", "Content-Type": "application/json", "Cookie": "dnsDisplayed=undefined; ccpaApplies=false; signedLspa=undefined; _sp_su=false; euconsent-v2=CQox_wAQox_wAAGABCENCrFgAP_gAABAAAYgF5wBgAF
[12:42:26][REQ]   body: <base64> {"$gpb":"moumi.bma.MoumiMessage","body":[{"message_type":278,"server_app_stats":{"common_stats":{"ev
[12:42:26][REQ] POST moumi.com/mwebapi.phtml?SERVER_APP_STATS (type=XHR)
[12:42:26][REQ]   headers: {"Accept": "*/*", "Content-Type": "application/json", "Cookie": "dnsDisplayed=undefined; ccpaApplies=false; signedLspa=undefined; _sp_su=false; euconsent-v2=CQox_wAQox_wAAGABCENCrFgAP_gAABAAAYgF5wBgAF
[12:42:26][REQ]   body: <base64> {"$gpb":"moumi.bma.MoumiMessage","body":[{"message_type":278,"server_app_stats":{"common_stats":{"ev
[12:42:26][RES] 200 moumi.com/mwebapi.phtml (type=XHR)
[12:42:26][RES]   headers: {"server": "nginx", "date": "Tue, 11 Aug 2026 10:42:27 GMT", "content-type": "application/json", "x-local-host": "wwwbma2", "x-bma-server": "wwwbma2", "x-user-id": "zAhMACjIzODAyNTM0MzQAIEkFh8ogbiXYOS
[12:42:26][RES]   body size: 195 bytes, saved to sources/
[12:42:26][RES] 200 moumi.com/mwebapi.phtml (type=XHR)
[12:42:26][RES]   headers: {"server": "nginx", "date": "Tue, 11 Aug 2026 10:42:27 GMT", "content-type": "application/json", "x-local-host": "wwwbma12", "x-bma-server": "wwwbma12", "x-user-id": "zAhMACjIzODAyNTM0MzQAIEkFh8ogbiXY
[12:42:26][RES]   body size: 195 bytes, saved to sources/
[12:42:26][RES] 200 moumi.com/mwebapi.phtml (type=XHR)
[12:42:26][RES]   headers: {"server": "nginx", "date": "Tue, 11 Aug 2026 10:42:27 GMT", "content-type": "application/json", "x-local-host": "wwwbma13", "x-bma-server": "wwwbma13", "x-user-id": "zAhMACjIzODAyNTM0MzQAIEkFh8ogbiXY
[12:42:26][RES]   body size: 195 bytes, saved to sources/
[12:42:26][RES] 200 moumi.com/mwebapi.phtml (type=XHR)
[12:42:26][RES]   headers: {"server": "nginx", "date": "Tue, 11 Aug 2026 10:42:27 GMT", "content-type": "application/json", "x-local-host": "wwwbma3", "x-bma-server": "wwwbma3", "x-user-id": "zAhMACjIzODAyNTM0MzQAIEkFh8ogbiXYOS
[12:42:26][RES]   body size: 195 bytes, saved to sources/
[12:42:26][RES] 200 moumi.com/mwebapi.phtml (type=XHR)
[12:42:26][RES]   headers: {"server": "nginx", "date": "Tue, 11 Aug 2026 10:42:27 GMT", "content-type": "application/json", "x-local-host": "wwwbma9", "x-bma-server": "wwwbma9", "x-user-id": "zAhMACjIzODAyNTM0MzQAIEkFh8ogbiXYOS
[12:42:26][RES]   body size: 195 bytes, saved to sources/
[12:42:26][RES] 200 moumi.com/mwebapi.phtml (type=XHR)
[12:42:26][RES]   headers: {"server": "nginx", "date": "Tue, 11 Aug 2026 10:42:27 GMT", "content-type": "application/json", "x-local-host": "wwwbma35", "x-bma-server": "wwwbma35", "x-user-id": "zAhMACjIzODAyNTM0MzQAIEkFh8ogbiXY
[12:42:26][RES]   body size: 5227 bytes, saved to sources/
[12:42:26][RES] 200 moumi.com/mwebapi.phtml (type=XHR)
[12:42:26][RES]   headers: {"server": "nginx", "date": "Tue, 11 Aug 2026 10:42:27 GMT", "content-type": "application/json", "x-local-host": "wwwbma10", "x-bma-server": "wwwbma10", "x-user-id": "zAhMACjIzODAyNTM0MzQAIEkFh8ogbiXY
[12:42:26][RES]   body size: 195 bytes, saved to sources/
[12:42:26][REQ] POST moumi.com/mwebapi.phtml?SERVER_APP_STATS (type=XHR)
[12:42:26][REQ]   headers: {"Accept": "*/*", "Content-Type": "application/json", "Cookie": "dnsDisplayed=undefined; ccpaApplies=false; signedLspa=undefined; _sp_su=false; euconsent-v2=CQox_wAQox_wAAGABCENCrFgAP_gAABAAAYgF5wBgAF
[12:42:26][REQ]   body: <base64> {"$gpb":"moumi.bma.MoumiMessage","body":[{"message_type":278,"server_app_stats":{"common_stats":{"ev
[12:42:26][REQ] POST moumi.com/mwebapi.phtml?SERVER_GET_USER_LIST (type=XHR)
[12:42:26][REQ]   headers: {"Accept": "*/*", "Content-Type": "application/json", "Cookie": "dnsDisplayed=undefined; ccpaApplies=false; signedLspa=undefined; _sp_su=false; euconsent-v2=CQox_wAQox_wAAGABCENCrFgAP_gAABAAAYgF5wBgAF
[12:42:26][REQ]   body: ���i�(nf�i�(1�,j��ܦz���r����ǫ���z۬z�b��)m�����i'����z�,z����׫��t�ǫ~'�u����ॶ�v���,z�bzWE�[^���~)^�-�����-���i�(nf���hE�z�kz۫�V��뫖��z���-����M��m��}�㝹ӿt۽9�M��ot�M6�M��~4��x�����.�ǵ׺ky����\����J~ǭҚ蚆��+z����Z������i�(nf����Z����-=�ښ�h�+b�}\����g�����w�g����*^ێoz�"�}b����
�w_j[
[12:42:26][RES] 200 moumi.com/mwebapi.phtml (type=XHR)
[12:42:26][RES]   headers: {"server": "nginx", "date": "Tue, 11 Aug 2026 10:42:27 GMT", "content-type": "application/json", "x-local-host": "wwwbma4", "x-bma-server": "wwwbma4", "x-user-id": "zAhMACjIzODAyNTM0MzQAIEkFh8ogbiXYOS
[12:42:26][RES]   body size: 18975 bytes, saved to sources/
[12:42:26][RES] 200 moumi.com/mwebapi.phtml (type=XHR)
[12:42:26][RES]   headers: {"server": "nginx", "date": "Tue, 11 Aug 2026 10:42:27 GMT", "content-type": "application/json", "x-local-host": "wwwbma17", "x-bma-server": "wwwbma17", "x-user-id": "zAhMACjIzODAyNTM0MzQAIEkFh8ogbiXY
[12:42:26][RES]   body size: 195 bytes, saved to sources/
[12:42:27][REQ] POST region1.analytics.google.com/g/collect?v=2&tid=G-1MSEYK9Z8R&gtm=45je6871v884411251z886036 (type=XHR)
[12:42:27][REQ]   headers: {"Accept": "*/*", "Origin": "https://moumi.com", "Referer": "https://moumi.com/", "User-Agent": "Mozilla/5.0 (Windows NT 10.0; Win64; x64) AppleWebKit/537.36 (KHTML, like Gecko) Chrome/151.0.0.0 Safar
[12:42:27][RES] 204 region1.analytics.google.com/g/collect (type=XHR)
[12:42:27][RES]   headers: {"access-control-allow-origin": "https://moumi.com", "date": "Tue, 11 Aug 2026 10:42:28 GMT", "pragma": "no-cache", "expires": "Fri, 01 Jan 1990 00:00:00 GMT", "cache-control": "no-cache, no-store, mu
[12:42:27][RES]   body size: 0 bytes, saved to sources/
[12:42:30][RES] 200 moumi.com/mwebapi.phtml (type=XHR)
[12:42:30][RES]   headers: {"server": "nginx", "date": "Tue, 11 Aug 2026 10:42:31 GMT", "content-type": "application/json", "x-local-host": "wwwbma23", "x-bma-server": "wwwbma23", "x-user-id": "zAhMACjIzODAyNTM0MzQAIEkFh8ogbiXY
[12:42:30][RES]   body size: 96771 bytes, saved to sources/
[12:42:30][REQ] POST moumi.com/mwebapi.phtml?SERVER_APP_STATS (type=XHR)
[12:42:30][REQ]   headers: {"Accept": "*/*", "Content-Type": "application/json", "Cookie": "dnsDisplayed=undefined; ccpaApplies=false; signedLspa=undefined; _sp_su=false; euconsent-v2=CQox_wAQox_wAAGABCENCrFgAP_gAABAAAYgF5wBgAF
[12:42:30][REQ]   body: <base64> {"$gpb":"moumi.bma.MoumiMessage","body":[{"message_type":278,"server_app_stats":{"common_stats":{"ev
[12:42:30][REQ] POST moumi.com/mwebapi.phtml?SERVER_APP_STATS (type=XHR)
[12:42:30][REQ]   headers: {"Accept": "*/*", "Content-Type": "application/json", "Cookie": "dnsDisplayed=undefined; ccpaApplies=false; signedLspa=undefined; _sp_su=false; euconsent-v2=CQox_wAQox_wAAGABCENCrFgAP_gAABAAAYgF5wBgAF
[12:42:30][REQ]   body: <base64> {"$gpb":"moumi.bma.MoumiMessage","body":[{"message_type":278,"server_app_stats":{"common_stats":{"ev
[12:42:30][REQ] POST moumi.com/mwebapi.phtml?SERVER_APP_STATS (type=XHR)
[12:42:30][REQ]   headers: {"Accept": "*/*", "Content-Type": "application/json", "Cookie": "dnsDisplayed=undefined; ccpaApplies=false; signedLspa=undefined; _sp_su=false; euconsent-v2=CQox_wAQox_wAAGABCENCrFgAP_gAABAAAYgF5wBgAF
[12:42:30][REQ]   body: <base64> {"$gpb":"moumi.bma.MoumiMessage","body":[{"message_type":278,"server_app_stats":{"common_stats":{"ev
[12:42:30][REQ] GET fr1.ecdn2.moumicdn.com/p2502/hidden?euri=AAAAAAAAAAIQ-2PAuunjamQJNuH76oidyACYhWA3jGU14 (type=Image)
[12:42:30][REQ]   headers: {"Accept": "image/avif,image/webp,image/apng,image/svg+xml,image/*,*/*;q=0.8", "Referer": "https://moumi.com/", "User-Agent": "Mozilla/5.0 (Windows NT 10.0; Win64; x64) AppleWebKit/537.36 (KHTML, like
[12:42:30][REQ] POST moumi.com/mwebapi.phtml?SERVER_APP_STATS (type=XHR)
[12:42:30][REQ]   headers: {"Accept": "*/*", "Content-Type": "application/json", "Cookie": "dnsDisplayed=undefined; ccpaApplies=false; signedLspa=undefined; _sp_su=false; euconsent-v2=CQox_wAQox_wAAGABCENCrFgAP_gAABAAAYgF5wBgAF
[12:42:30][REQ]   body: <base64> {"$gpb":"moumi.bma.MoumiMessage","body":[{"message_type":278,"server_app_stats":{"common_stats":{"ev
[12:42:30][REQ] POST moumi.com/mwebapi.phtml?SERVER_APP_STATS (type=XHR)
[12:42:30][REQ]   headers: {"Accept": "*/*", "Content-Type": "application/json", "Cookie": "dnsDisplayed=undefined; ccpaApplies=false; signedLspa=undefined; _sp_su=false; euconsent-v2=CQox_wAQox_wAAGABCENCrFgAP_gAABAAAYgF5wBgAF
[12:42:30][REQ]   body: <base64> {"$gpb":"moumi.bma.MoumiMessage","body":[{"message_type":278,"server_app_stats":{"common_stats":{"ev
[12:42:30][REQ] GET fr1.ecdn2.moumicdn.com/p2502/hidden?euri=AAAAAAAAAAIQFstml5sds3TJ7aEnuGu1TQBL75pU7HTCt (type=Image)
[12:42:30][REQ]   headers: {"Accept": "image/avif,image/webp,image/apng,image/svg+xml,image/*,*/*;q=0.8", "Referer": "https://moumi.com/", "User-Agent": "Mozilla/5.0 (Windows NT 10.0; Win64; x64) AppleWebKit/537.36 (KHTML, like
[12:42:30][REQ] GET fr1.ecdn2.moumicdn.com/p2502/hidden?euri=AAAAAAAAAAIQUfBwn-tduoKokO7tub5-9wCafMWmD3OhZ (type=Image)
[12:42:30][REQ]   headers: {"Accept": "image/avif,image/webp,image/apng,image/svg+xml,image/*,*/*;q=0.8", "Referer": "https://moumi.com/", "User-Agent": "Mozilla/5.0 (Windows NT 10.0; Win64; x64) AppleWebKit/537.36 (KHTML, like
[12:42:30][REQ] GET fr1.ecdn2.moumicdn.com/p2502/hidden?euri=AAAAAAAAAAIQYJ65is0wTqwLnuv1-RRWLQAVnSdvock4w (type=Image)
[12:42:30][REQ]   headers: {"Accept": "image/avif,image/webp,image/apng,image/svg+xml,image/*,*/*;q=0.8", "Referer": "https://moumi.com/", "User-Agent": "Mozilla/5.0 (Windows NT 10.0; Win64; x64) AppleWebKit/537.36 (KHTML, like
[12:42:30][REQ] GET fr1.ecdn2.moumicdn.com/p2501/hidden?euri=AAAAAAAAAAIQ29N0.PIfuf3-ruNl3KpzWQBvmIvf6Q4hd (type=Image)
[12:42:30][REQ]   headers: {"Accept": "image/avif,image/webp,image/apng,image/svg+xml,image/*,*/*;q=0.8", "Referer": "https://moumi.com/", "User-Agent": "Mozilla/5.0 (Windows NT 10.0; Win64; x64) AppleWebKit/537.36 (KHTML, like
[12:42:30][REQ] GET fr1.ecdn2.moumicdn.com/p2503/hidden?euri=AAAAAAAAAAIQmPIdGZng0pFvajX6CDesbwAQEGsWYX1kQ (type=Image)
[12:42:30][REQ]   headers: {"Accept": "image/avif,image/webp,image/apng,image/svg+xml,image/*,*/*;q=0.8", "Referer": "https://moumi.com/", "User-Agent": "Mozilla/5.0 (Windows NT 10.0; Win64; x64) AppleWebKit/537.36 (KHTML, like
[12:42:30][REQ] GET fr1.ecdn2.moumicdn.com/p2502/hidden?euri=AAAAAAAAAAIQeZAeG1MLO8RKPVq8rnxPFwCc-EzGoxoBl (type=Image)
[12:42:30][REQ]   headers: {"Accept": "image/avif,image/webp,image/apng,image/svg+xml,image/*,*/*;q=0.8", "Referer": "https://moumi.com/", "User-Agent": "Mozilla/5.0 (Windows NT 10.0; Win64; x64) AppleWebKit/537.36 (KHTML, like
[12:42:30][REQ] GET fr1.ecdn2.moumicdn.com/p2503/hidden?euri=AAAAAAAAAAIQNlYWjrP6P75Ymoq7Vp.Y3gAHoskwS.8Pi (type=Image)
[12:42:30][REQ]   headers: {"Accept": "image/avif,image/webp,image/apng,image/svg+xml,image/*,*/*;q=0.8", "Referer": "https://moumi.com/", "User-Agent": "Mozilla/5.0 (Windows NT 10.0; Win64; x64) AppleWebKit/537.36 (KHTML, like
[12:42:30][REQ] GET fr1.ecdn2.moumicdn.com/p2502/hidden?euri=AAAAAAAAAAIQho9bhuZcKSq4pYwSqnRzhwDH2at4rWW95 (type=Image)
[12:42:30][REQ]   headers: {"Accept": "image/avif,image/webp,image/apng,image/svg+xml,image/*,*/*;q=0.8", "Referer": "https://moumi.com/", "User-Agent": "Mozilla/5.0 (Windows NT 10.0; Win64; x64) AppleWebKit/537.36 (KHTML, like
[12:42:30][REQ] GET fr1.ecdn2.moumicdn.com/p2503/hidden?euri=AAAAAAAAAAIQBilCyfH66iqSLfB8pH3UdAAK4YyIzzg.6 (type=Image)
[12:42:30][REQ]   headers: {"Accept": "image/avif,image/webp,image/apng,image/svg+xml,image/*,*/*;q=0.8", "Referer": "https://moumi.com/", "User-Agent": "Mozilla/5.0 (Windows NT 10.0; Win64; x64) AppleWebKit/537.36 (KHTML, like
[12:42:30][REQ] GET fr1.ecdn2.moumicdn.com/p2502/hidden?euri=AAAAAAAAAAIQfO84RRc5WVqbBAUFMR9tfACWXhqdax4qa (type=Image)
[12:42:30][REQ]   headers: {"Accept": "image/avif,image/webp,image/apng,image/svg+xml,image/*,*/*;q=0.8", "Referer": "https://moumi.com/", "User-Agent": "Mozilla/5.0 (Windows NT 10.0; Win64; x64) AppleWebKit/537.36 (KHTML, like
[12:42:30][REQ] GET fr1.ecdn2.moumicdn.com/p2502/hidden?euri=AAAAAAAAAAIQWmMPUm5nO1g3rcx3BVjHTADZEJdU2rq5F (type=Image)
[12:42:30][REQ]   headers: {"Accept": "image/avif,image/webp,image/apng,image/svg+xml,image/*,*/*;q=0.8", "Referer": "https://moumi.com/", "User-Agent": "Mozilla/5.0 (Windows NT 10.0; Win64; x64) AppleWebKit/537.36 (KHTML, like
[12:42:30][REQ] GET fr1.ecdn2.moumicdn.com/p2501/hidden?euri=AAAAAAAAAAIQOcZNFgf7avnsEkB6FvfTJQAWUdeChQzwn (type=Image)
[12:42:30][REQ]   headers: {"Accept": "image/avif,image/webp,image/apng,image/svg+xml,image/*,*/*;q=0.8", "Referer": "https://moumi.com/", "User-Agent": "Mozilla/5.0 (Windows NT 10.0; Win64; x64) AppleWebKit/537.36 (KHTML, like
[12:42:30][REQ] GET fr1.ecdn2.moumicdn.com/p2502/hidden?euri=AAAAAAAAAAIQJs9JMVikfTdJs0TlDEiHawCUhf9p4fUcB (type=Image)
[12:42:30][REQ]   headers: {"Accept": "image/avif,image/webp,image/apng,image/svg+xml,image/*,*/*;q=0.8", "Referer": "https://moumi.com/", "User-Agent": "Mozilla/5.0 (Windows NT 10.0; Win64; x64) AppleWebKit/537.36 (KHTML, like
[12:42:30][REQ] GET fr1.ecdn2.moumicdn.com/p2502/hidden?euri=AAAAAAAAAAIQS8BPoV01V5EM61DbzZLLMgAa-ztENvIVa (type=Image)
[12:42:30][REQ]   headers: {"Accept": "image/avif,image/webp,image/apng,image/svg+xml,image/*,*/*;q=0.8", "Referer": "https://moumi.com/", "User-Agent": "Mozilla/5.0 (Windows NT 10.0; Win64; x64) AppleWebKit/537.36 (KHTML, like
[12:42:30][REQ] GET fr1.ecdn2.moumicdn.com/p2503/hidden?euri=AAAAAAAAAAIQxmId8u5noei6x0S4ljCnkwBHlorEuOd06 (type=Image)
[12:42:30][REQ]   headers: {"Accept": "image/avif,image/webp,image/apng,image/svg+xml,image/*,*/*;q=0.8", "Referer": "https://moumi.com/", "User-Agent": "Mozilla/5.0 (Windows NT 10.0; Win64; x64) AppleWebKit/537.36 (KHTML, like
[12:42:30][REQ] GET fr1.ecdn2.moumicdn.com/p2501/hidden?euri=AAAAAAAAAAIQvehkq1H6SuFpI-GoluNRjACtNBXVVJvLE (type=Image)
[12:42:30][REQ]   headers: {"Accept": "image/avif,image/webp,image/apng,image/svg+xml,image/*,*/*;q=0.8", "Referer": "https://moumi.com/", "User-Agent": "Mozilla/5.0 (Windows NT 10.0; Win64; x64) AppleWebKit/537.36 (KHTML, like
[12:42:30][REQ] GET fr1.ecdn2.moumicdn.com/p2502/hidden?euri=AAAAAAAAAAIQGgPU5w22jwIzUXiJn.zhxgC96bbSxmau. (type=Image)
[12:42:30][REQ]   headers: {"Accept": "image/avif,image/webp,image/apng,image/svg+xml,image/*,*/*;q=0.8", "Referer": "https://moumi.com/", "User-Agent": "Mozilla/5.0 (Windows NT 10.0; Win64; x64) AppleWebKit/537.36 (KHTML, like
[12:42:30][REQ] GET fr1.ecdn2.moumicdn.com/p2503/hidden?euri=AAAAAAAAAAIQTK5963iv6K32.SQKqGYufADRxhTPm7wN6 (type=Image)
[12:42:30][REQ]   headers: {"Accept": "image/avif,image/webp,image/apng,image/svg+xml,image/*,*/*;q=0.8", "Referer": "https://moumi.com/", "User-Agent": "Mozilla/5.0 (Windows NT 10.0; Win64; x64) AppleWebKit/537.36 (KHTML, like
[12:42:30][REQ] GET fr1.ecdn2.moumicdn.com/p2502/hidden?euri=AAAAAAAAAAIQ44z0CaTdMkDX0LHImmAkuACPRWMINqfra (type=Image)
[12:42:30][REQ]   headers: {"Accept": "image/avif,image/webp,image/apng,image/svg+xml,image/*,*/*;q=0.8", "Referer": "https://moumi.com/", "User-Agent": "Mozilla/5.0 (Windows NT 10.0; Win64; x64) AppleWebKit/537.36 (KHTML, like
[12:42:30][REQ] GET fr1.ecdn2.moumicdn.com/p2501/hidden?euri=AAAAAAAAAAIQ9bKDHZkxQscnEKdtIwAXygAABSVi4FenR (type=Image)
[12:42:30][REQ]   headers: {"Accept": "image/avif,image/webp,image/apng,image/svg+xml,image/*,*/*;q=0.8", "Referer": "https://moumi.com/", "User-Agent": "Mozilla/5.0 (Windows NT 10.0; Win64; x64) AppleWebKit/537.36 (KHTML, like
[12:42:30][REQ] GET us1.ecdn2.moumicdn.com/p523/hidden?euri=AAAAAAAAAAIQ-k.XfQswmjgZX-uStnXyZwCmvA.sM.KSg (type=Image)
[12:42:30][REQ]   headers: {"Accept": "image/avif,image/webp,image/apng,image/svg+xml,image/*,*/*;q=0.8", "Referer": "https://moumi.com/", "User-Agent": "Mozilla/5.0 (Windows NT 10.0; Win64; x64) AppleWebKit/537.36 (KHTML, like
[12:42:30][REQ] GET fr1.ecdn2.moumicdn.com/p2501/hidden?euri=AAAAAAAAAAIQRHbQTMzHigu.-jxH0LNHdwB-FsQLcp1Vb (type=Image)
[12:42:30][REQ]   headers: {"Accept": "image/avif,image/webp,image/apng,image/svg+xml,image/*,*/*;q=0.8", "Referer": "https://moumi.com/", "User-Agent": "Mozilla/5.0 (Windows NT 10.0; Win64; x64) AppleWebKit/537.36 (KHTML, like
[12:42:30][REQ] GET fr1.ecdn2.moumicdn.com/p2502/hidden?euri=AAAAAAAAAAIQHqeUBZnmov6vULJwx4x2IQAZJVmIHsZdH (type=Image)
[12:42:30][REQ]   headers: {"Accept": "image/avif,image/webp,image/apng,image/svg+xml,image/*,*/*;q=0.8", "Referer": "https://moumi.com/", "User-Agent": "Mozilla/5.0 (Windows NT 10.0; Win64; x64) AppleWebKit/537.36 (KHTML, like
[12:42:31][REQ] GET fr1.ecdn2.moumicdn.com/p2502/hidden?euri=AAAAAAAAAAIQ-9wacaM4unhLdoGuxqsuNADEUqcYPrpbj (type=Image)
[12:42:31][REQ]   headers: {"Accept": "image/avif,image/webp,image/apng,image/svg+xml,image/*,*/*;q=0.8", "Referer": "https://moumi.com/", "User-Agent": "Mozilla/5.0 (Windows NT 10.0; Win64; x64) AppleWebKit/537.36 (KHTML, like
[12:42:31][REQ] GET fr1.ecdn2.moumicdn.com/p2502/hidden?euri=AAAAAAAAAAIQkbSS2trlNmutnjSVOh.cSQCcEbkuVTbwX (type=Image)
[12:42:31][REQ]   headers: {"Accept": "image/avif,image/webp,image/apng,image/svg+xml,image/*,*/*;q=0.8", "Referer": "https://moumi.com/", "User-Agent": "Mozilla/5.0 (Windows NT 10.0; Win64; x64) AppleWebKit/537.36 (KHTML, like
[12:42:31][REQ] GET fr1.ecdn2.moumicdn.com/p2503/hidden?euri=AAAAAAAAAAIQqJkLiIcdVsvAlD1WfURzFAAnMevT7YktG (type=Image)
[12:42:31][REQ]   headers: {"Accept": "image/avif,image/webp,image/apng,image/svg+xml,image/*,*/*;q=0.8", "Referer": "https://moumi.com/", "User-Agent": "Mozilla/5.0 (Windows NT 10.0; Win64; x64) AppleWebKit/537.36 (KHTML, like
[12:42:31][REQ] GET fr1.ecdn2.moumicdn.com/p2501/hidden?euri=AAAAAAAAAAIQ8gR3msxZm05Xdp6N1VqXswByGQ7V-pCbg (type=Image)
[12:42:31][REQ]   headers: {"Accept": "image/avif,image/webp,image/apng,image/svg+xml,image/*,*/*;q=0.8", "Referer": "https://moumi.com/", "User-Agent": "Mozilla/5.0 (Windows NT 10.0; Win64; x64) AppleWebKit/537.36 (KHTML, like
[12:42:31][REQ] GET fr1.ecdn2.moumicdn.com/p2503/hidden?euri=AAAAAAAAAAIQ3rQ9G3iKDTaO.W4UMM5Q6QCol1VdUzmbB (type=Image)
[12:42:31][REQ]   headers: {"Accept": "image/avif,image/webp,image/apng,image/svg+xml,image/*,*/*;q=0.8", "Referer": "https://moumi.com/", "User-Agent": "Mozilla/5.0 (Windows NT 10.0; Win64; x64) AppleWebKit/537.36 (KHTML, like
[12:42:31][REQ] GET fr1.ecdn2.moumicdn.com/p2503/hidden?euri=AAAAAAAAAAIQpIjaWIqJbVKs6pnZoPtwYAAhsPH5LhrtQ (type=Image)
[12:42:31][REQ]   headers: {"Accept": "image/avif,image/webp,image/apng,image/svg+xml,image/*,*/*;q=0.8", "Referer": "https://moumi.com/", "User-Agent": "Mozilla/5.0 (Windows NT 10.0; Win64; x64) AppleWebKit/537.36 (KHTML, like
[12:42:31][REQ] GET fr1.ecdn2.moumicdn.com/p2503/hidden?euri=AAAAAAAAAAIQVr3SqTY20eVCCMbWLRNkKADGvCOMvtB3J (type=Image)
[12:42:31][REQ]   headers: {"Accept": "image/avif,image/webp,image/apng,image/svg+xml,image/*,*/*;q=0.8", "Referer": "https://moumi.com/", "User-Agent": "Mozilla/5.0 (Windows NT 10.0; Win64; x64) AppleWebKit/537.36 (KHTML, like
[12:42:31][REQ] GET fr1.ecdn2.moumicdn.com/p2501/hidden?euri=AAAAAAAAAAIQGpdK-JY-zR7Q1sT8BwdQHwDdaVFNdcsen (type=Image)
[12:42:31][REQ]   headers: {"Accept": "image/avif,image/webp,image/apng,image/svg+xml,image/*,*/*;q=0.8", "Referer": "https://moumi.com/", "User-Agent": "Mozilla/5.0 (Windows NT 10.0; Win64; x64) AppleWebKit/537.36 (KHTML, like
[12:42:31][REQ] GET fr1.ecdn2.moumicdn.com/p2502/hidden?euri=AAAAAAAAAAIQsevbFb22VI1wJV3J-5G-pgBTUCM1uvqZR (type=Image)
[12:42:31][REQ]   headers: {"Accept": "image/avif,image/webp,image/apng,image/svg+xml,image/*,*/*;q=0.8", "Referer": "https://moumi.com/", "User-Agent": "Mozilla/5.0 (Windows NT 10.0; Win64; x64) AppleWebKit/537.36 (KHTML, like
[12:42:31][REQ] GET fr1.ecdn2.moumicdn.com/p2503/hidden?euri=AAAAAAAAAAIQ.wP2vc7-HpLZH67SQo0H3wBsUaO5LEJQE (type=Image)
[12:42:31][REQ]   headers: {"Accept": "image/avif,image/webp,image/apng,image/svg+xml,image/*,*/*;q=0.8", "Referer": "https://moumi.com/", "User-Agent": "Mozilla/5.0 (Windows NT 10.0; Win64; x64) AppleWebKit/537.36 (KHTML, like
[12:42:31][REQ] GET fr1.ecdn2.moumicdn.com/p2502/hidden?euri=AAAAAAAAAAIQR1tFREqKqYsr9LTNvpWnywBeh.eYLDB5X (type=Image)
[12:42:31][REQ]   headers: {"Accept": "image/avif,image/webp,image/apng,image/svg+xml,image/*,*/*;q=0.8", "Referer": "https://moumi.com/", "User-Agent": "Mozilla/5.0 (Windows NT 10.0; Win64; x64) AppleWebKit/537.36 (KHTML, like
[12:42:31][REQ] GET fr1.ecdn2.moumicdn.com/p2501/hidden?euri=AAAAAAAAAAIQLB-rfK1QCj51zs5L35uFAwB9Amj6h4kMZ (type=Image)
[12:42:31][REQ]   headers: {"Accept": "image/avif,image/webp,image/apng,image/svg+xml,image/*,*/*;q=0.8", "Referer": "https://moumi.com/", "User-Agent": "Mozilla/5.0 (Windows NT 10.0; Win64; x64) AppleWebKit/537.36 (KHTML, like
[12:42:31][REQ] GET fr1.ecdn2.moumicdn.com/p2503/hidden?euri=AAAAAAAAAAIQi-YFQ8z2Za6xSqibo.oM9QCaGWjpRJtrH (type=Image)
[12:42:31][REQ]   headers: {"Accept": "image/avif,image/webp,image/apng,image/svg+xml,image/*,*/*;q=0.8", "Referer": "https://moumi.com/", "User-Agent": "Mozilla/5.0 (Windows NT 10.0; Win64; x64) AppleWebKit/537.36 (KHTML, like
[12:42:31][REQ] GET fr1.ecdn2.moumicdn.com/p2501/hidden?euri=AAAAAAAAAAIQzdVe0rbuidff-r96cfb0owBC.MVKkj38m (type=Image)
[12:42:31][REQ]   headers: {"Accept": "image/avif,image/webp,image/apng,image/svg+xml,image/*,*/*;q=0.8", "Referer": "https://moumi.com/", "User-Agent": "Mozilla/5.0 (Windows NT 10.0; Win64; x64) AppleWebKit/537.36 (KHTML, like
[12:42:31][REQ] GET fr1.ecdn2.moumicdn.com/p2502/hidden?euri=AAAAAAAAAAIQbLa-gFkLFrvoZGRFcV5suwAI-QlMS0JRP (type=Image)
[12:42:31][REQ]   headers: {"Accept": "image/avif,image/webp,image/apng,image/svg+xml,image/*,*/*;q=0.8", "Referer": "https://moumi.com/", "User-Agent": "Mozilla/5.0 (Windows NT 10.0; Win64; x64) AppleWebKit/537.36 (KHTML, like
[12:42:31][REQ] GET fr1.ecdn2.moumicdn.com/p2502/hidden?euri=AAAAAAAAAAIQwwYtGlMAtJtHCpHepW-11ABrk9q.pnG5u (type=Image)
[12:42:31][REQ]   headers: {"Accept": "image/avif,image/webp,image/apng,image/svg+xml,image/*,*/*;q=0.8", "Referer": "https://moumi.com/", "User-Agent": "Mozilla/5.0 (Windows NT 10.0; Win64; x64) AppleWebKit/537.36 (KHTML, like
[12:42:31][REQ] GET fr1.ecdn2.moumicdn.com/p2501/hidden?euri=AAAAAAAAAAIQbcyEdfkxJ08nrbkd266-UAAL-zdGueV1W (type=Image)
[12:42:31][REQ]   headers: {"Accept": "image/avif,image/webp,image/apng,image/svg+xml,image/*,*/*;q=0.8", "Referer": "https://moumi.com/", "User-Agent": "Mozilla/5.0 (Windows NT 10.0; Win64; x64) AppleWebKit/537.36 (KHTML, like
[12:42:31][REQ] GET fr1.ecdn2.moumicdn.com/p2503/hidden?euri=AAAAAAAAAAIQRmIleqEHjLLv2nOS0Gmy7QB4Ic0-fKdc5 (type=Image)
[12:42:31][REQ]   headers: {"Accept": "image/avif,image/webp,image/apng,image/svg+xml,image/*,*/*;q=0.8", "Referer": "https://moumi.com/", "User-Agent": "Mozilla/5.0 (Windows NT 10.0; Win64; x64) AppleWebKit/537.36 (KHTML, like
[12:42:31][REQ] GET fr1.ecdn2.moumicdn.com/p2503/hidden?euri=AAAAAAAAAAIQUv9v1Fp5nB7yfoTY5WCebQB.M7vx9EBHx (type=Image)
[12:42:31][REQ]   headers: {"Accept": "image/avif,image/webp,image/apng,image/svg+xml,image/*,*/*;q=0.8", "Referer": "https://moumi.com/", "User-Agent": "Mozilla/5.0 (Windows NT 10.0; Win64; x64) AppleWebKit/537.36 (KHTML, like
[12:42:31][REQ] GET fr1.ecdn2.moumicdn.com/p2503/hidden?euri=AAAAAAAAAAIQI8eYx69j4EmZg-dvaaKeRQArNfeBg7ktp (type=Image)
[12:42:31][REQ]   headers: {"Accept": "image/avif,image/webp,image/apng,image/svg+xml,image/*,*/*;q=0.8", "Referer": "https://moumi.com/", "User-Agent": "Mozilla/5.0 (Windows NT 10.0; Win64; x64) AppleWebKit/537.36 (KHTML, like
[12:42:31][REQ] GET fr1.ecdn2.moumicdn.com/p2501/hidden?euri=AAAAAAAAAAIQbLYNFjx0pbq2ofLJYitkHAAdISAQ2YNz7 (type=Image)
[12:42:31][REQ]   headers: {"Accept": "image/avif,image/webp,image/apng,image/svg+xml,image/*,*/*;q=0.8", "Referer": "https://moumi.com/", "User-Agent": "Mozilla/5.0 (Windows NT 10.0; Win64; x64) AppleWebKit/537.36 (KHTML, like
[12:42:31][REQ] GET fr1.ecdn2.moumicdn.com/p2502/hidden?euri=AAAAAAAAAAIQ1THuolDHUh7y-PduQOw1mQD58NAefdrnI (type=Image)
[12:42:31][REQ]   headers: {"Accept": "image/avif,image/webp,image/apng,image/svg+xml,image/*,*/*;q=0.8", "Referer": "https://moumi.com/", "User-Agent": "Mozilla/5.0 (Windows NT 10.0; Win64; x64) AppleWebKit/537.36 (KHTML, like
[12:42:31][REQ] GET fr1.ecdn2.moumicdn.com/p2502/hidden?euri=AAAAAAAAAAIQCe5AM9jWSjtGlz0mSLUVyADOJcnEIs4Ro (type=Image)
[12:42:31][REQ]   headers: {"Accept": "image/avif,image/webp,image/apng,image/svg+xml,image/*,*/*;q=0.8", "Referer": "https://moumi.com/", "User-Agent": "Mozilla/5.0 (Windows NT 10.0; Win64; x64) AppleWebKit/537.36 (KHTML, like
[12:42:31][REQ] GET fr1.ecdn2.moumicdn.com/p2502/hidden?euri=AAAAAAAAAAIQViMIKt8W.4hNgpPqG7R8bAAILDg1Fvc8Y (type=Image)
[12:42:31][REQ]   headers: {"Accept": "image/avif,image/webp,image/apng,image/svg+xml,image/*,*/*;q=0.8", "Referer": "https://moumi.com/", "User-Agent": "Mozilla/5.0 (Windows NT 10.0; Win64; x64) AppleWebKit/537.36 (KHTML, like
[12:42:31][REQ] GET fr1.ecdn2.moumicdn.com/p2501/hidden?euri=AAAAAAAAAAIQJGVIEzlvjunqm1sb3iB1JQCbb9.z05ikz (type=Image)
[12:42:31][REQ]   headers: {"Accept": "image/avif,image/webp,image/apng,image/svg+xml,image/*,*/*;q=0.8", "Referer": "https://moumi.com/", "User-Agent": "Mozilla/5.0 (Windows NT 10.0; Win64; x64) AppleWebKit/537.36 (KHTML, like
[12:42:31][REQ] GET fr1.ecdn2.moumicdn.com/p2501/hidden?euri=AAAAAAAAAAIQ8dN470FdU0WnbpO5CXxbxAAv4iiIaCYdd (type=Image)
[12:42:31][REQ]   headers: {"Accept": "image/avif,image/webp,image/apng,image/svg+xml,image/*,*/*;q=0.8", "Referer": "https://moumi.com/", "User-Agent": "Mozilla/5.0 (Windows NT 10.0; Win64; x64) AppleWebKit/537.36 (KHTML, like
[12:42:31][REQ] GET fr1.ecdn2.moumicdn.com/p2503/hidden?euri=AAAAAAAAAAIQp91z3TXDsoIZTFHpBqV9FwC13hTzrtHxY (type=Image)
[12:42:31][REQ]   headers: {"Accept": "image/avif,image/webp,image/apng,image/svg+xml,image/*,*/*;q=0.8", "Referer": "https://moumi.com/", "User-Agent": "Mozilla/5.0 (Windows NT 10.0; Win64; x64) AppleWebKit/537.36 (KHTML, like
[12:42:31][REQ] GET fr1.ecdn2.moumicdn.com/p2503/hidden?euri=AAAAAAAAAAIQ0LWAAez6dKyyHynZ2RdjAwAxqPwHvvJw- (type=Image)
[12:42:31][REQ]   headers: {"Accept": "image/avif,image/webp,image/apng,image/svg+xml,image/*,*/*;q=0.8", "Referer": "https://moumi.com/", "User-Agent": "Mozilla/5.0 (Windows NT 10.0; Win64; x64) AppleWebKit/537.36 (KHTML, like
[12:42:31][REQ] GET fr1.ecdn2.moumicdn.com/p2503/hidden?euri=AAAAAAAAAAIQAeaWrCqybkqNvx64o46INgBQkgSbJVSb5 (type=Image)
[12:42:31][REQ]   headers: {"Accept": "image/avif,image/webp,image/apng,image/svg+xml,image/*,*/*;q=0.8", "Referer": "https://moumi.com/", "User-Agent": "Mozilla/5.0 (Windows NT 10.0; Win64; x64) AppleWebKit/537.36 (KHTML, like
[12:42:31][REQ] GET fr1.ecdn2.moumicdn.com/p2503/hidden?euri=AAAAAAAAAAIQs92FsDo5oLlKTJQQNvqqIgBaHF7BwbFOJ (type=Image)
[12:42:31][REQ]   headers: {"Accept": "image/avif,image/webp,image/apng,image/svg+xml,image/*,*/*;q=0.8", "Referer": "https://moumi.com/", "User-Agent": "Mozilla/5.0 (Windows NT 10.0; Win64; x64) AppleWebKit/537.36 (KHTML, like
[12:42:31][REQ] GET fr1.ecdn2.moumicdn.com/p2501/hidden?euri=AAAAAAAAAAIQzM5WhoWEGg0Xr0TGQYMXAQCAX1vGh6FpR (type=Image)
[12:42:31][REQ]   headers: {"Accept": "image/avif,image/webp,image/apng,image/svg+xml,image/*,*/*;q=0.8", "Referer": "https://moumi.com/", "User-Agent": "Mozilla/5.0 (Windows NT 10.0; Win64; x64) AppleWebKit/537.36 (KHTML, like
[12:42:31][REQ] GET fr1.ecdn2.moumicdn.com/p2501/hidden?euri=AAAAAAAAAAIQm4HZGz24FYtRet6JqXxcDAA9zNHJq6rKI (type=Image)
[12:42:31][REQ]   headers: {"Accept": "image/avif,image/webp,image/apng,image/svg+xml,image/*,*/*;q=0.8", "Referer": "https://moumi.com/", "User-Agent": "Mozilla/5.0 (Windows NT 10.0; Win64; x64) AppleWebKit/537.36 (KHTML, like
[12:42:31][REQ] GET fr1.ecdn2.moumicdn.com/p2503/hidden?euri=AAAAAAAAAAIQeeiuYeuPLH..P.RX72Z5lQDlnShkvkJlq (type=Image)
[12:42:31][REQ]   headers: {"Accept": "image/avif,image/webp,image/apng,image/svg+xml,image/*,*/*;q=0.8", "Referer": "https://moumi.com/", "User-Agent": "Mozilla/5.0 (Windows NT 10.0; Win64; x64) AppleWebKit/537.36 (KHTML, like
[12:42:31][REQ] GET fr1.ecdn2.moumicdn.com/p2502/hidden?euri=AAAAAAAAAAIQpvXgxUQLiF0slTMrQ3taZgCm0THVN6EqB (type=Image)
[12:42:31][REQ]   headers: {"Accept": "image/avif,image/webp,image/apng,image/svg+xml,image/*,*/*;q=0.8", "Referer": "https://moumi.com/", "User-Agent": "Mozilla/5.0 (Windows NT 10.0; Win64; x64) AppleWebKit/537.36 (KHTML, like
[12:42:31][REQ] GET fr1.ecdn2.moumicdn.com/p2503/hidden?euri=AAAAAAAAAAIQqtjU2G9G2AT6tdoYgmCEHwCX3HjQfa1Rr (type=Image)
[12:42:31][REQ]   headers: {"Accept": "image/avif,image/webp,image/apng,image/svg+xml,image/*,*/*;q=0.8", "Referer": "https://moumi.com/", "User-Agent": "Mozilla/5.0 (Windows NT 10.0; Win64; x64) AppleWebKit/537.36 (KHTML, like
[12:42:31][REQ] GET fr1.ecdn2.moumicdn.com/p2502/hidden?euri=AAAAAAAAAAIQ5byNOozrhOpFukNDaCEZJwCsOPtrf5qqX (type=Image)
[12:42:31][REQ]   headers: {"Accept": "image/avif,image/webp,image/apng,image/svg+xml,image/*,*/*;q=0.8", "Referer": "https://moumi.com/", "User-Agent": "Mozilla/5.0 (Windows NT 10.0; Win64; x64) AppleWebKit/537.36 (KHTML, like
[12:42:31][REQ] GET fr1.ecdn2.moumicdn.com/p2502/hidden?euri=AAAAAAAAAAIQHLF5A3ZK1-POhLSpXP2NRgD5n4-hnf-KQ (type=Image)
[12:42:31][REQ]   headers: {"Accept": "image/avif,image/webp,image/apng,image/svg+xml,image/*,*/*;q=0.8", "Referer": "https://moumi.com/", "User-Agent": "Mozilla/5.0 (Windows NT 10.0; Win64; x64) AppleWebKit/537.36 (KHTML, like
[12:42:31][REQ] GET fr1.ecdn2.moumicdn.com/p2503/hidden?euri=AAAAAAAAAAIQvFsO5m11NvhAfnnET0m7tgBlt.QwiV9DN (type=Image)
[12:42:31][REQ]   headers: {"Accept": "image/avif,image/webp,image/apng,image/svg+xml,image/*,*/*;q=0.8", "Referer": "https://moumi.com/", "User-Agent": "Mozilla/5.0 (Windows NT 10.0; Win64; x64) AppleWebKit/537.36 (KHTML, like
[12:42:31][REQ] GET fr1.ecdn2.moumicdn.com/p2501/hidden?euri=AAAAAAAAAAIQl51X3QRrHBjxrnF.td8z5QCN6fiSanVAJ (type=Image)
[12:42:31][REQ]   headers: {"Accept": "image/avif,image/webp,image/apng,image/svg+xml,image/*,*/*;q=0.8", "Referer": "https://moumi.com/", "User-Agent": "Mozilla/5.0 (Windows NT 10.0; Win64; x64) AppleWebKit/537.36 (KHTML, like
[12:42:31][REQ] GET fr1.ecdn2.moumicdn.com/p2501/hidden?euri=AAAAAAAAAAIQ02kkraIVYFAr6.suXJVK4QBSo6i2AsUu6 (type=Image)
[12:42:31][REQ]   headers: {"Accept": "image/avif,image/webp,image/apng,image/svg+xml,image/*,*/*;q=0.8", "Referer": "https://moumi.com/", "User-Agent": "Mozilla/5.0 (Windows NT 10.0; Win64; x64) AppleWebKit/537.36 (KHTML, like
[12:42:31][REQ] GET fr1.ecdn2.moumicdn.com/p2503/hidden?euri=AAAAAAAAAAIQUdy6xPV3-W1YZgxuAuLdFwBKz.VESFFSR (type=Image)
[12:42:31][REQ]   headers: {"Accept": "image/avif,image/webp,image/apng,image/svg+xml,image/*,*/*;q=0.8", "Referer": "https://moumi.com/", "User-Agent": "Mozilla/5.0 (Windows NT 10.0; Win64; x64) AppleWebKit/537.36 (KHTML, like
[12:42:31][REQ] GET fr1.ecdn2.moumicdn.com/p2503/hidden?euri=AAAAAAAAAAIQlM2ejDCLCJCFZ8dVFwKmnQAaIG5C5s29y (type=Image)
[12:42:31][REQ]   headers: {"Accept": "image/avif,image/webp,image/apng,image/svg+xml,image/*,*/*;q=0.8", "Referer": "https://moumi.com/", "User-Agent": "Mozilla/5.0 (Windows NT 10.0; Win64; x64) AppleWebKit/537.36 (KHTML, like
[12:42:31][REQ] GET fr1.ecdn2.moumicdn.com/p2502/hidden?euri=AAAAAAAAAAIQc0LQWDL6cV4XSI5L6OZPfgAq1yfFIdAxl (type=Image)
[12:42:31][REQ]   headers: {"Accept": "image/avif,image/webp,image/apng,image/svg+xml,image/*,*/*;q=0.8", "Referer": "https://moumi.com/", "User-Agent": "Mozilla/5.0 (Windows NT 10.0; Win64; x64) AppleWebKit/537.36 (KHTML, like
[12:42:31][REQ] GET fr1.ecdn2.moumicdn.com/p2502/hidden?euri=AAAAAAAAAAIQxHqiB9Li.xdZTx1148tf2ABxxrJqUzaHV (type=Image)
[12:42:31][REQ]   headers: {"Accept": "image/avif,image/webp,image/apng,image/svg+xml,image/*,*/*;q=0.8", "Referer": "https://moumi.com/", "User-Agent": "Mozilla/5.0 (Windows NT 10.0; Win64; x64) AppleWebKit/537.36 (KHTML, like
[12:42:31][REQ] GET fr1.ecdn2.moumicdn.com/p2501/hidden?euri=AAAAAAAAAAIQdVIcB4sO-szBczC91-OO7QCqL..If-ILb (type=Image)
[12:42:31][REQ]   headers: {"Accept": "image/avif,image/webp,image/apng,image/svg+xml,image/*,*/*;q=0.8", "Referer": "https://moumi.com/", "User-Agent": "Mozilla/5.0 (Windows NT 10.0; Win64; x64) AppleWebKit/537.36 (KHTML, like
[12:42:31][REQ] GET fr1.ecdn2.moumicdn.com/p2502/hidden?euri=AAAAAAAAAAIQnJRROjF471nUTnX-tjWBIADwv9sgxIL-U (type=Image)
[12:42:31][REQ]   headers: {"Accept": "image/avif,image/webp,image/apng,image/svg+xml,image/*,*/*;q=0.8", "Referer": "https://moumi.com/", "User-Agent": "Mozilla/5.0 (Windows NT 10.0; Win64; x64) AppleWebKit/537.36 (KHTML, like
[12:42:31][REQ] GET fr1.ecdn2.moumicdn.com/p2503/hidden?euri=AAAAAAAAAAIQR478Rk7agJXd5eJh4eF0MQCj0i-hxfewa (type=Image)
[12:42:31][REQ]   headers: {"Accept": "image/avif,image/webp,image/apng,image/svg+xml,image/*,*/*;q=0.8", "Referer": "https://moumi.com/", "User-Agent": "Mozilla/5.0 (Windows NT 10.0; Win64; x64) AppleWebKit/537.36 (KHTML, like
[12:42:31][REQ] GET fr1.ecdn2.moumicdn.com/p2501/hidden?euri=AAAAAAAAAAIQQRlnavk9QtyZhvFJiKKGegAP4CR3Ctjw9 (type=Image)
[12:42:31][REQ]   headers: {"Accept": "image/avif,image/webp,image/apng,image/svg+xml,image/*,*/*;q=0.8", "Referer": "https://moumi.com/", "User-Agent": "Mozilla/5.0 (Windows NT 10.0; Win64; x64) AppleWebKit/537.36 (KHTML, like
[12:42:31][REQ] GET fr1.ecdn2.moumicdn.com/p2502/hidden?euri=AAAAAAAAAAIQxK39KDiZYFI0xufxJZsJDgCArzNQukBr5 (type=Image)
[12:42:31][REQ]   headers: {"Accept": "image/avif,image/webp,image/apng,image/svg+xml,image/*,*/*;q=0.8", "Referer": "https://moumi.com/", "User-Agent": "Mozilla/5.0 (Windows NT 10.0; Win64; x64) AppleWebKit/537.36 (KHTML, like
[12:42:31][REQ] GET fr1.ecdn2.moumicdn.com/p2501/hidden?euri=AAAAAAAAAAIQB-v058wGwB7QLAF68jBsMACMP7iP5gcrr (type=Image)
[12:42:31][REQ]   headers: {"Accept": "image/avif,image/webp,image/apng,image/svg+xml,image/*,*/*;q=0.8", "Referer": "https://moumi.com/", "User-Agent": "Mozilla/5.0 (Windows NT 10.0; Win64; x64) AppleWebKit/537.36 (KHTML, like
[12:42:31][REQ] GET fr1.ecdn2.moumicdn.com/p2503/hidden?euri=AAAAAAAAAAIQP.eD251byEC0zOPVe-TNOACDWekC3wmX6 (type=Image)
[12:42:31][REQ]   headers: {"Accept": "image/avif,image/webp,image/apng,image/svg+xml,image/*,*/*;q=0.8", "Referer": "https://moumi.com/", "User-Agent": "Mozilla/5.0 (Windows NT 10.0; Win64; x64) AppleWebKit/537.36 (KHTML, like
[12:42:31][REQ] GET fr1.ecdn2.moumicdn.com/p2502/hidden?euri=AAAAAAAAAAIQTobHwnuY7-I5wXtzahWmXQAuFdXJaBlKe (type=Image)
[12:42:31][REQ]   headers: {"Accept": "image/avif,image/webp,image/apng,image/svg+xml,image/*,*/*;q=0.8", "Referer": "https://moumi.com/", "User-Agent": "Mozilla/5.0 (Windows NT 10.0; Win64; x64) AppleWebKit/537.36 (KHTML, like
[12:42:31][REQ] GET fr1.ecdn2.moumicdn.com/p2502/hidden?euri=AAAAAAAAAAIQ9vPhvUMMGp3yvZqGksPQHQDH83Ycc1fXl (type=Image)
[12:42:31][REQ]   headers: {"Accept": "image/avif,image/webp,image/apng,image/svg+xml,image/*,*/*;q=0.8", "Referer": "https://moumi.com/", "User-Agent": "Mozilla/5.0 (Windows NT 10.0; Win64; x64) AppleWebKit/537.36 (KHTML, like
[12:42:31][REQ] GET fr1.ecdn2.moumicdn.com/p2503/hidden?euri=AAAAAAAAAAIQjt7UQI.4SKdjCt0IdgTtqAAvMvIpmMhbC (type=Image)
[12:42:31][REQ]   headers: {"Accept": "image/avif,image/webp,image/apng,image/svg+xml,image/*,*/*;q=0.8", "Referer": "https://moumi.com/", "User-Agent": "Mozilla/5.0 (Windows NT 10.0; Win64; x64) AppleWebKit/537.36 (KHTML, like
[12:42:31][REQ] GET fr1.ecdn2.moumicdn.com/p2501/hidden?euri=AAAAAAAAAAIQTC4xqDXI6RjCa6JrnvC4jADkDCwTNG0Gz (type=Image)
[12:42:31][REQ]   headers: {"Accept": "image/avif,image/webp,image/apng,image/svg+xml,image/*,*/*;q=0.8", "Referer": "https://moumi.com/", "User-Agent": "Mozilla/5.0 (Windows NT 10.0; Win64; x64) AppleWebKit/537.36 (KHTML, like
[12:42:31][REQ] GET fr1.ecdn2.moumicdn.com/p2502/hidden?euri=AAAAAAAAAAIQwdcmTxd96bUYXJQRe0tFMADICFVo33zPV (type=Image)
[12:42:31][REQ]   headers: {"Accept": "image/avif,image/webp,image/apng,image/svg+xml,image/*,*/*;q=0.8", "Referer": "https://moumi.com/", "User-Agent": "Mozilla/5.0 (Windows NT 10.0; Win64; x64) AppleWebKit/537.36 (KHTML, like
[12:42:31][REQ] GET fr1.ecdn2.moumicdn.com/p2501/hidden?euri=AAAAAAAAAAIQe5B8DcLH4u.4SwV-36i5kgDvatM3QtfA7 (type=Image)
[12:42:31][REQ]   headers: {"Accept": "image/avif,image/webp,image/apng,image/svg+xml,image/*,*/*;q=0.8", "Referer": "https://moumi.com/", "User-Agent": "Mozilla/5.0 (Windows NT 10.0; Win64; x64) AppleWebKit/537.36 (KHTML, like
[12:42:31][REQ] GET fr1.ecdn2.moumicdn.com/p2501/hidden?euri=AAAAAAAAAAIQxaGV79ostIFxu3KdbtB-XQA1LXRVx7ByQ (type=Image)
[12:42:31][REQ]   headers: {"Accept": "image/avif,image/webp,image/apng,image/svg+xml,image/*,*/*;q=0.8", "Referer": "https://moumi.com/", "User-Agent": "Mozilla/5.0 (Windows NT 10.0; Win64; x64) AppleWebKit/537.36 (KHTML, like
[12:42:31][REQ] GET fr1.ecdn2.moumicdn.com/p2502/hidden?euri=AAAAAAAAAAIQyUr-.awr7Fr2HROOcbCMLgChP4d95yeSH (type=Image)
[12:42:31][REQ]   headers: {"Accept": "image/avif,image/webp,image/apng,image/svg+xml,image/*,*/*;q=0.8", "Referer": "https://moumi.com/", "User-Agent": "Mozilla/5.0 (Windows NT 10.0; Win64; x64) AppleWebKit/537.36 (KHTML, like
[12:42:31][REQ] GET fr1.ecdn2.moumicdn.com/p2503/hidden?euri=AAAAAAAAAAIQrkJWSpcScGku4DCuWZX.mgBbVhzuM..J. (type=Image)
[12:42:31][REQ]   headers: {"Accept": "image/avif,image/webp,image/apng,image/svg+xml,image/*,*/*;q=0.8", "Referer": "https://moumi.com/", "User-Agent": "Mozilla/5.0 (Windows NT 10.0; Win64; x64) AppleWebKit/537.36 (KHTML, like
[12:42:31][REQ] GET fr1.ecdn2.moumicdn.com/p2501/hidden?euri=AAAAAAAAAAIQY99OoVXB6ppKGBxd3CQaTQAe.AQH2q5FD (type=Image)
[12:42:31][REQ]   headers: {"Accept": "image/avif,image/webp,image/apng,image/svg+xml,image/*,*/*;q=0.8", "Referer": "https://moumi.com/", "User-Agent": "Mozilla/5.0 (Windows NT 10.0; Win64; x64) AppleWebKit/537.36 (KHTML, like
[12:42:31][REQ] GET fr1.ecdn2.moumicdn.com/p2502/hidden?euri=AAAAAAAAAAIQ0844fyfNeuggPz1rEBFSmAAHDrbMHIn9e (type=Image)
[12:42:31][REQ]   headers: {"Accept": "image/avif,image/webp,image/apng,image/svg+xml,image/*,*/*;q=0.8", "Referer": "https://moumi.com/", "User-Agent": "Mozilla/5.0 (Windows NT 10.0; Win64; x64) AppleWebKit/537.36 (KHTML, like
[12:42:31][REQ] GET fr1.ecdn2.moumicdn.com/p2503/hidden?euri=AAAAAAAAAAIQSY.wwumQlwMUVpOn4s6CqAC07WGCASpUK (type=Image)
[12:42:31][REQ]   headers: {"Accept": "image/avif,image/webp,image/apng,image/svg+xml,image/*,*/*;q=0.8", "Referer": "https://moumi.com/", "User-Agent": "Mozilla/5.0 (Windows NT 10.0; Win64; x64) AppleWebKit/537.36 (KHTML, like
[12:42:31][REQ] GET fr1.ecdn2.moumicdn.com/p2501/hidden?euri=AAAAAAAAAAIQPogRYm28kSSC5ERUzauYJgAkIiQj4jvO. (type=Image)
[12:42:31][REQ]   headers: {"Accept": "image/avif,image/webp,image/apng,image/svg+xml,image/*,*/*;q=0.8", "Referer": "https://moumi.com/", "User-Agent": "Mozilla/5.0 (Windows NT 10.0; Win64; x64) AppleWebKit/537.36 (KHTML, like
[12:42:31][REQ] GET fr1.ecdn2.moumicdn.com/p2502/hidden?euri=AAAAAAAAAAIQPZj5pw6AshOhaSoyKc3bgQCcRica5T3Mu (type=Image)
[12:42:31][REQ]   headers: {"Accept": "image/avif,image/webp,image/apng,image/svg+xml,image/*,*/*;q=0.8", "Referer": "https://moumi.com/", "User-Agent": "Mozilla/5.0 (Windows NT 10.0; Win64; x64) AppleWebKit/537.36 (KHTML, like
[12:42:31][REQ] GET fr1.ecdn2.moumicdn.com/p2501/hidden?euri=AAAAAAAAAAIQNmb3c82tAlTnbYZiqdmFiwBWNAxDzJD6k (type=Image)
[12:42:31][REQ]   headers: {"Accept": "image/avif,image/webp,image/apng,image/svg+xml,image/*,*/*;q=0.8", "Referer": "https://moumi.com/", "User-Agent": "Mozilla/5.0 (Windows NT 10.0; Win64; x64) AppleWebKit/537.36 (KHTML, like
[12:42:31][REQ] GET am1.ecdn2.moumicdn.com/p1503/hidden?euri=AAAAAAAAAAIQlNKX.mCIGBX7epttZ0SrUQBdTvyhon3kv (type=Image)
[12:42:31][REQ]   headers: {"Accept": "image/avif,image/webp,image/apng,image/svg+xml,image/*,*/*;q=0.8", "Referer": "https://moumi.com/", "User-Agent": "Mozilla/5.0 (Windows NT 10.0; Win64; x64) AppleWebKit/537.36 (KHTML, like
[12:42:31][RES] 200 moumi.com/mwebapi.phtml (type=XHR)
[12:42:31][RES]   headers: {"server": "nginx", "date": "Tue, 11 Aug 2026 10:42:31 GMT", "content-type": "application/json", "x-local-host": "wwwbma4", "x-bma-server": "wwwbma4", "x-user-id": "zAhMACjIzODAyNTM0MzQAIEkFh8ogbiXYOS
[12:42:31][RES]   body size: 195 bytes, saved to sources/
[12:42:31][RES] 200 moumi.com/mwebapi.phtml (type=XHR)
[12:42:31][RES]   headers: {"server": "nginx", "date": "Tue, 11 Aug 2026 10:42:31 GMT", "content-type": "application/json", "x-local-host": "wwwbma13", "x-bma-server": "wwwbma13", "x-user-id": "zAhMACjIzODAyNTM0MzQAIEkFh8ogbiXY
[12:42:31][RES]   body size: 195 bytes, saved to sources/
[12:42:31][RES] 200 moumi.com/mwebapi.phtml (type=XHR)
[12:42:31][RES]   headers: {"server": "nginx", "date": "Tue, 11 Aug 2026 10:42:31 GMT", "content-type": "application/json", "x-local-host": "wwwbma3", "x-bma-server": "wwwbma3", "x-user-id": "zAhMACjIzODAyNTM0MzQAIEkFh8ogbiXYOS
[12:42:31][RES]   body size: 195 bytes, saved to sources/
[12:42:31][RES] 200 moumi.com/mwebapi.phtml (type=XHR)
[12:42:31][RES]   headers: {"server": "nginx", "date": "Tue, 11 Aug 2026 10:42:31 GMT", "content-type": "application/json", "x-local-host": "wwwbma10", "x-bma-server": "wwwbma10", "x-user-id": "zAhMACjIzODAyNTM0MzQAIEkFh8ogbiXY
[12:42:31][RES]   body size: 195 bytes, saved to sources/
[12:42:31][RES] 200 moumi.com/mwebapi.phtml (type=XHR)
[12:42:31][RES]   headers: {"server": "nginx", "date": "Tue, 11 Aug 2026 10:42:31 GMT", "content-type": "application/json", "x-local-host": "wwwbma12", "x-bma-server": "wwwbma12", "x-user-id": "zAhMACjIzODAyNTM0MzQAIEkFh8ogbiXY
[12:42:31][RES]   body size: 195 bytes, saved to sources/
[12:42:31][REQ] POST eu1.moumi.com/hotpanel/hotpanel2.phtml?version=2.0 (type=Ping)
[12:42:31][REQ]   headers: {"Accept": "*/*", "Content-Type": "text/plain;charset=UTF-8", "Cookie": "dnsDisplayed=undefined; ccpaApplies=false; signedLspa=undefined; _sp_su=false; euconsent-v2=CQox_wAQox_wAAGABCENCrFgAP_gAABAAAY
[12:42:31][REQ]   body: <base64> {"application":{"brand":2,"layout":3,"platform":2,"app_version":"6.2877.0","is_premium":false},"devi
[12:42:32][REQ] POST region1.analytics.google.com/g/collect?v=2&tid=G-1MSEYK9Z8R&gtm=45je6871v884411251za20gzb (type=XHR)
[12:42:32][REQ]   headers: {"Accept": "*/*", "Origin": "https://moumi.com", "Referer": "https://moumi.com/", "User-Agent": "Mozilla/5.0 (Windows NT 10.0; Win64; x64) AppleWebKit/537.36 (KHTML, like Gecko) Chrome/151.0.0.0 Safar
[12:42:32][RES] 204 region1.analytics.google.com/g/collect (type=XHR)
[12:42:32][RES]   headers: {"access-control-allow-origin": "https://moumi.com", "date": "Tue, 11 Aug 2026 10:42:33 GMT", "pragma": "no-cache", "expires": "Fri, 01 Jan 1990 00:00:00 GMT", "cache-control": "no-cache, no-store, mu
[12:42:32][RES]   body size: 0 bytes, saved to sources/
[12:42:42][REQ] GET moumi.com/pcomet/1/11/init?im=mid:0&comet=mode:master,ua:m,type:5&seq=0767272 (type=XHR)
[12:42:42][REQ]   headers: {"Accept": "text/event-stream", "Cookie": "dnsDisplayed=undefined; ccpaApplies=false; signedLspa=undefined; _sp_su=false; euconsent-v2=CQox_wAQox_wAAGABCENCrFgAP_gAABAAAYgF5wBgAFABFACYAFIApoC8wAKACAKE
[12:42:42][REQ] GET moumi.com/pcomet/1/11/init?im=mid:0&comet=mode:master,ua:m,type:5&seq=0767272 (type=XHR)
[12:42:42][REQ]   headers: {"Accept": "text/event-stream", "Cookie": "dnsDisplayed=undefined; ccpaApplies=false; signedLspa=undefined; _sp_su=false; euconsent-v2=CQox_wAQox_wAAGABCENCrFgAP_gAABAAAYgF5wBgAFABFACYAFIApoC8wAKACAKE
[12:42:45][REQ] POST region1.analytics.google.com/g/collect?v=2&tid=G-1MSEYK9Z8R&gtm=45je6871v884411251z886036 (type=XHR)
[12:42:45][REQ]   headers: {"Accept": "*/*", "Origin": "https://moumi.com", "Referer": "https://moumi.com/", "User-Agent": "Mozilla/5.0 (Windows NT 10.0; Win64; x64) AppleWebKit/537.36 (KHTML, like Gecko) Chrome/151.0.0.0 Safar
[12:42:45][REQ] GET www.google.de/ads/ga-audiences?v=1&t=sr&slf_rd=1&_r=4&tid=G-1MSEYK9Z8R&cid=183816 (type=Image)
[12:42:45][REQ]   headers: {"Accept": "image/avif,image/webp,image/apng,image/svg+xml,image/*,*/*;q=0.8", "Referer": "https://moumi.com/", "User-Agent": "Mozilla/5.0 (Windows NT 10.0; Win64; x64) AppleWebKit/537.36 (KHTML, like
[12:42:45][REQ] POST moumi.com/mwebapi.phtml?SERVER_GET_PROMO_BLOCKS (type=XHR)
[12:42:45][REQ]   headers: {"Accept": "*/*", "Content-Type": "application/json", "Cookie": "dnsDisplayed=undefined; ccpaApplies=false; signedLspa=undefined; _sp_su=false; euconsent-v2=CQox_wAQox_wAAGABCENCrFgAP_gAABAAAYgF5wBgAF
[12:42:45][REQ]   body: <base64> {"$gpb":"moumi.bma.MoumiMessage","body":[{"message_type":583,"server_get_promo_blocks":{"$gpb":"bado
[12:42:45][REQ] POST moumi.com/mwebapi.phtml?SERVER_GET_USER (type=XHR)
[12:42:45][REQ]   headers: {"Accept": "*/*", "Content-Type": "application/json", "Cookie": "dnsDisplayed=undefined; ccpaApplies=false; signedLspa=undefined; _sp_su=false; euconsent-v2=CQox_wAQox_wAAGABCENCrFgAP_gAABAAAYgF5wBgAF
[12:42:45][REQ]   body: <base64> {"$gpb":"moumi.bma.MoumiMessage","body":[{"message_type":403,"server_get_user":{"$gpb":"moumi.bma.Se
[12:42:45][REQ] POST moumi.com/mwebapi.phtml?SERVER_APP_STATS (type=XHR)
[12:42:45][REQ]   headers: {"Accept": "*/*", "Content-Type": "application/json", "Cookie": "dnsDisplayed=undefined; ccpaApplies=false; signedLspa=undefined; _sp_su=false; euconsent-v2=CQox_wAQox_wAAGABCENCrFgAP_gAABAAAYgF5wBgAF
[12:42:45][REQ]   body: <base64> {"$gpb":"moumi.bma.MoumiMessage","body":[{"message_type":278,"server_app_stats":{"common_stats":{"ev
[12:42:45][REQ] POST moumi.com/mwebapi.phtml?SERVER_APP_STATS (type=XHR)
[12:42:45][REQ]   headers: {"Accept": "*/*", "Content-Type": "application/json", "Cookie": "dnsDisplayed=undefined; ccpaApplies=false; signedLspa=undefined; _sp_su=false; euconsent-v2=CQox_wAQox_wAAGABCENCrFgAP_gAABAAAYgF5wBgAF
[12:42:45][REQ]   body: <base64> {"$gpb":"moumi.bma.MoumiMessage","body":[{"message_type":278,"server_app_stats":{"common_stats":{"ev
[12:42:45][RES] 204 region1.analytics.google.com/g/collect (type=XHR)
[12:42:45][RES]   headers: {"access-control-allow-origin": "https://moumi.com", "date": "Tue, 11 Aug 2026 10:42:45 GMT", "pragma": "no-cache", "expires": "Fri, 01 Jan 1990 00:00:00 GMT", "cache-control": "no-cache, no-store, mu
[12:42:45][RES]   body size: 0 bytes, saved to sources/
[12:42:45][RES] 200 moumi.com/mwebapi.phtml (type=XHR)
[12:42:45][RES]   headers: {"server": "nginx", "date": "Tue, 11 Aug 2026 10:42:45 GMT", "content-type": "application/json", "x-local-host": "wwwbma10", "x-bma-server": "wwwbma10", "x-user-id": "zAhMACjIzODAyNTM0MzQAIEkFh8ogbiXY
[12:42:45][RES]   body size: 808 bytes, saved to sources/
[12:42:45][RES] 200 moumi.com/mwebapi.phtml (type=XHR)
[12:42:45][RES]   headers: {"server": "nginx", "date": "Tue, 11 Aug 2026 10:42:45 GMT", "content-type": "application/json", "x-local-host": "wwwbma9", "x-bma-server": "wwwbma9", "x-user-id": "zAhMACjIzODAyNTM0MzQAIEkFh8ogbiXYOS
[12:42:45][RES]   body size: 195 bytes, saved to sources/
[12:42:45][RES] 200 moumi.com/mwebapi.phtml (type=XHR)
[12:42:45][RES]   headers: {"server": "nginx", "date": "Tue, 11 Aug 2026 10:42:45 GMT", "content-type": "application/json", "x-local-host": "wwwbma14", "x-bma-server": "wwwbma14", "x-user-id": "zAhMACjIzODAyNTM0MzQAIEkFh8ogbiXY
[12:42:45][RES]   body size: 195 bytes, saved to sources/
[12:42:45][RES] 200 moumi.com/mwebapi.phtml (type=XHR)
[12:42:45][RES]   headers: {"server": "nginx", "date": "Tue, 11 Aug 2026 10:42:45 GMT", "content-type": "application/json", "x-local-host": "wwwbma12", "x-bma-server": "wwwbma12", "x-user-id": "zAhMACjIzODAyNTM0MzQAIEkFh8ogbiXY
[12:42:45][RES]   body size: 18975 bytes, saved to sources/
[12:42:45][REQ] POST moumi.com/mwebapi.phtml?SERVER_CHECK_BALANCE (type=XHR)
[12:42:45][REQ]   headers: {"Accept": "*/*", "Content-Type": "application/json", "Cookie": "dnsDisplayed=undefined; ccpaApplies=false; signedLspa=undefined; _sp_su=false; euconsent-v2=CQox_wAQox_wAAGABCENCrFgAP_gAABAAAYgF5wBgAF
[12:42:45][REQ]   body: ���i�(nf�i�(1�,j��ܦz���r��{�ǫ��܅�$m�Z�ǭʗ��g�����x�g����*^��z�"�}b����
�w_j[
[12:42:45][RES] 200 moumi.com/mwebapi.phtml (type=XHR)
[12:42:45][RES]   headers: {"server": "nginx", "date": "Tue, 11 Aug 2026 10:42:45 GMT", "content-type": "application/json", "x-local-host": "wwwbma5", "x-bma-server": "wwwbma5", "x-user-id": "zAhMACjIzODAyNTM0MzQAIEkFh8ogbiXYOS
[12:42:45][RES]   body size: 350 bytes, saved to sources/
[12:42:45][REQ] GET eu1.ecdn2.moumicdn.com/p52/hidden?euri=AAAAAAAAAAIQ5rSp2TsjVd7XMTc7toAyWgAlFzCeSg5eJ (type=Image)
[12:42:45][REQ]   headers: {"Accept": "image/avif,image/webp,image/apng,image/svg+xml,image/*,*/*;q=0.8", "Referer": "https://moumi.com/", "User-Agent": "Mozilla/5.0 (Windows NT 10.0; Win64; x64) AppleWebKit/537.36 (KHTML, like
[12:42:50][REQ] POST eu1.moumi.com/hotpanel/hotpanel2.phtml?version=2.0 (type=Ping)
[12:42:50][REQ]   headers: {"Accept": "*/*", "Content-Type": "text/plain;charset=UTF-8", "Cookie": "dnsDisplayed=undefined; ccpaApplies=false; signedLspa=undefined; _sp_su=false; euconsent-v2=CQox_wAQox_wAAGABCENCrFgAP_gAABAAAY
[12:42:50][REQ]   body: <base64> {"application":{"brand":2,"layout":3,"platform":2,"app_version":"6.2877.0","is_premium":false},"devi
[12:42:50][REQ] GET www.facebook.com/tr/?id=1359524264116659&ev=SubscribedButtonClick&dl=ht (type=Image)
[12:42:50][REQ]   headers: {"Accept": "image/avif,image/webp,image/apng,image/svg+xml,image/*,*/*;q=0.8", "Referer": "https://moumi.com/", "User-Agent": "Mozilla/5.0 (Windows NT 10.0; Win64; x64) AppleWebKit/537.36 (KHTML, like
[12:42:50][REQ] GET eu1.ecdn2.moumicdn.com/i/v2/-/mobileweb/webdist/js/es5/340.62f8805e0948884c2c83.js? (type=Script)
[12:42:50][REQ]   headers: {"Accept": "*/*", "Origin": "https://moumi.com", "Referer": "https://moumi.com/", "User-Agent": "Mozilla/5.0 (Windows NT 10.0; Win64; x64) AppleWebKit/537.36 (KHTML, like Gecko) Chrome/151.0.0.0 Safar
[12:42:50][REQ] POST region1.analytics.google.com/g/collect?v=2&tid=G-1MSEYK9Z8R&gtm=45je6871v884411251za20gzb (type=XHR)
[12:42:50][REQ]   headers: {"Accept": "*/*", "Origin": "https://moumi.com", "Referer": "https://moumi.com/", "User-Agent": "Mozilla/5.0 (Windows NT 10.0; Win64; x64) AppleWebKit/537.36 (KHTML, like Gecko) Chrome/151.0.0.0 Safar
[12:42:50][RES] 200 eu1.ecdn2.moumicdn.com/i/v2/-/mobileweb/webdist/js/es5/340.62f8805e0948884c2c83.js (type=Script)
[12:42:50][RES]   headers: {"server": "nginx", "content-type": "application/x-javascript", "last-modified": "Fri, 24 Jul 2026 13:47:22 GMT", "content-encoding": "gzip", "expires": "Sat, 24 Jul 2027 13:50:25 GMT", "cache-control
[12:42:50][RES]   body size: 12409 bytes, saved to sources/
[12:42:50][REQ] POST moumi.com/mwebapi.phtml?SERVER_GET_USER_LIST (type=XHR)
[12:42:50][REQ]   headers: {"Accept": "*/*", "Content-Type": "application/json", "Cookie": "dnsDisplayed=undefined; ccpaApplies=false; signedLspa=undefined; _sp_su=false; euconsent-v2=CQox_wAQox_wAAGABCENCrFgAP_gAABAAAYgF5wBgAF
[12:42:50][REQ]   body: <base64> {"$gpb":"moumi.bma.MoumiMessage","body":[{"message_type":245,"server_get_user_list":{"$gpb":"moumi.b
[12:42:50][RES] 204 region1.analytics.google.com/g/collect (type=XHR)
[12:42:50][RES]   headers: {"access-control-allow-origin": "https://moumi.com", "date": "Tue, 11 Aug 2026 10:42:51 GMT", "pragma": "no-cache", "expires": "Fri, 01 Jan 1990 00:00:00 GMT", "cache-control": "no-cache, no-store, mu
[12:42:50][RES]   body size: 0 bytes, saved to sources/
[12:42:50][RES] 200 moumi.com/mwebapi.phtml (type=XHR)
[12:42:50][RES]   headers: {"server": "nginx", "date": "Tue, 11 Aug 2026 10:42:51 GMT", "content-type": "application/json", "x-local-host": "wwwbma5", "x-bma-server": "wwwbma5", "x-user-id": "zAhMACjIzODAyNTM0MzQAIEkFh8ogbiXYOS
[12:42:51][RES]   body size: 423 bytes, saved to sources/
[12:42:51][REQ] POST region1.analytics.google.com/g/collect?v=2&tid=G-1MSEYK9Z8R&gtm=45je6871v884411251z886036 (type=XHR)
[12:42:51][REQ]   headers: {"Accept": "*/*", "Origin": "https://moumi.com", "Referer": "https://moumi.com/", "User-Agent": "Mozilla/5.0 (Windows NT 10.0; Win64; x64) AppleWebKit/537.36 (KHTML, like Gecko) Chrome/151.0.0.0 Safar
[12:42:51][RES] 204 region1.analytics.google.com/g/collect (type=XHR)
[12:42:51][RES]   headers: {"access-control-allow-origin": "https://moumi.com", "date": "Tue, 11 Aug 2026 10:42:52 GMT", "pragma": "no-cache", "expires": "Fri, 01 Jan 1990 00:00:00 GMT", "cache-control": "no-cache, no-store, mu
[12:42:51][RES]   body size: 0 bytes, saved to sources/
[12:42:55][REQ] POST eu1.moumi.com/hotpanel/hotpanel2.phtml?version=2.0 (type=Ping)
[12:42:55][REQ]   headers: {"Accept": "*/*", "Content-Type": "text/plain;charset=UTF-8", "Cookie": "dnsDisplayed=undefined; ccpaApplies=false; signedLspa=undefined; _sp_su=false; euconsent-v2=CQox_wAQox_wAAGABCENCrFgAP_gAABAAAY
[12:42:55][REQ]   body: <base64> {"application":{"brand":2,"layout":3,"platform":2,"app_version":"6.2877.0","is_premium":false},"devi
[12:42:56][LIVE] Still recording...
[12:42:56][REQ] POST region1.analytics.google.com/g/collect?v=2&tid=G-1MSEYK9Z8R&gtm=45je6871v884411251za20gzb (type=XHR)
[12:42:56][REQ]   headers: {"Accept": "*/*", "Origin": "https://moumi.com", "Referer": "https://moumi.com/", "User-Agent": "Mozilla/5.0 (Windows NT 10.0; Win64; x64) AppleWebKit/537.36 (KHTML, like Gecko) Chrome/151.0.0.0 Safar
[12:42:56][SRC] cookies + storage saved
[12:42:56][RES] 204 region1.analytics.google.com/g/collect (type=XHR)
[12:42:56][RES]   headers: {"access-control-allow-origin": "https://moumi.com", "date": "Tue, 11 Aug 2026 10:42:57 GMT", "pragma": "no-cache", "expires": "Fri, 01 Jan 1990 00:00:00 GMT", "cache-control": "no-cache, no-store, mu
[12:42:56][RES]   body size: 0 bytes, saved to sources/
[12:43:00][REQ] GET www.facebook.com/tr/?id=1359524264116659&ev=SubscribedButtonClick&dl=ht (type=Image)
[12:43:00][REQ]   headers: {"Accept": "image/avif,image/webp,image/apng,image/svg+xml,image/*,*/*;q=0.8", "Referer": "https://moumi.com/", "User-Agent": "Mozilla/5.0 (Windows NT 10.0; Win64; x64) AppleWebKit/537.36 (KHTML, like
[12:43:00][REQ] POST moumi.com/mwebapi.phtml?SERVER_GET_USER (type=XHR)
[12:43:00][REQ]   headers: {"Accept": "*/*", "Content-Type": "application/json", "Cookie": "dnsDisplayed=undefined; ccpaApplies=false; signedLspa=undefined; _sp_su=false; euconsent-v2=CQox_wAQox_wAAGABCENCrFgAP_gAABAAAYgF5wBgAF
[12:43:00][REQ]   body: <base64> {"$gpb":"moumi.bma.MoumiMessage","body":[{"message_type":403,"server_get_user":{"$gpb":"moumi.bma.Se
[12:43:00][REQ] GET www.facebook.com/x/oauth/status?client_id=107433747809&input_token&origin=1&redire (type=XHR)
[12:43:00][REQ]   headers: {"Accept": "*/*", "Origin": "https://moumi.com", "Referer": "https://moumi.com/", "User-Agent": "Mozilla/5.0 (Windows NT 10.0; Win64; x64) AppleWebKit/537.36 (KHTML, like Gecko) Chrome/151.0.0.0 Safar
[12:43:00][REQ] POST moumi.com/mwebapi.phtml?SERVER_GET_APP_SETTINGS (type=XHR)
[12:43:00][REQ]   headers: {"Accept": "*/*", "Content-Type": "application/json", "Cookie": "dnsDisplayed=undefined; ccpaApplies=false; signedLspa=undefined; _sp_su=false; euconsent-v2=CQox_wAQox_wAAGABCENCrFgAP_gAABAAAYgF5wBgAF
[12:43:00][REQ]   body: <base64> {"$gpb":"moumi.bma.MoumiMessage","body":[{"message_type":34}],"message_id":152,"message_type":34,"ve
[12:43:00][RES] 200 moumi.com/mwebapi.phtml (type=XHR)
[12:43:00][RES]   headers: {"server": "nginx", "date": "Tue, 11 Aug 2026 10:43:01 GMT", "content-type": "application/json", "x-local-host": "wwwbma35", "x-bma-server": "wwwbma35", "x-user-id": "zAhMACjIzODAyNTM0MzQAIEkFh8ogbiXY
[12:43:00][RES]   body size: 5227 bytes, saved to sources/
[12:43:00][RES] 200 www.facebook.com/x/oauth/status (type=XHR)
[12:43:00][RES]   headers: {"content-type": "text/plain; charset=UTF-8", "access-control-expose-headers": "fb-s", "access-control-allow-credentials": "true", "access-control-allow-origin": "https://moumi.com", "fb-s": "unknown"
[12:43:00][RES]   body size: 0 bytes, saved to sources/
[12:43:00][RES] 200 moumi.com/mwebapi.phtml (type=XHR)
[12:43:00][RES]   headers: {"server": "nginx", "date": "Tue, 11 Aug 2026 10:43:01 GMT", "content-type": "application/json", "x-local-host": "wwwbma7", "x-bma-server": "wwwbma7", "x-user-id": "zAhMACjIzODAyNTM0MzQAIEkFh8ogbiXYOS
[12:43:00][RES]   body size: 18975 bytes, saved to sources/
[12:43:01][REQ] POST region1.analytics.google.com/g/collect?v=2&tid=G-1MSEYK9Z8R&gtm=45je6871v884411251z886036 (type=XHR)
[12:43:01][REQ]   headers: {"Accept": "*/*", "Origin": "https://moumi.com", "Referer": "https://moumi.com/", "User-Agent": "Mozilla/5.0 (Windows NT 10.0; Win64; x64) AppleWebKit/537.36 (KHTML, like Gecko) Chrome/151.0.0.0 Safar
[12:43:01][RES] 204 region1.analytics.google.com/g/collect (type=XHR)
[12:43:01][RES]   headers: {"access-control-allow-origin": "https://moumi.com", "date": "Tue, 11 Aug 2026 10:43:02 GMT", "pragma": "no-cache", "expires": "Fri, 01 Jan 1990 00:00:00 GMT", "cache-control": "no-cache, no-store, mu
[12:43:01][RES]   body size: 0 bytes, saved to sources/
[12:43:05][REQ] POST eu1.moumi.com/hotpanel/hotpanel2.phtml?version=2.0 (type=Ping)
[12:43:05][REQ]   headers: {"Accept": "*/*", "Content-Type": "text/plain;charset=UTF-8", "Cookie": "dnsDisplayed=undefined; ccpaApplies=false; signedLspa=undefined; _sp_su=false; euconsent-v2=CQox_wAQox_wAAGABCENCrFgAP_gAABAAAY
[12:43:05][REQ]   body: <base64> {"application":{"brand":2,"layout":3,"platform":2,"app_version":"6.2877.0","is_premium":false},"devi
[12:43:06][REQ] POST region1.analytics.google.com/g/collect?v=2&tid=G-1MSEYK9Z8R&gtm=45je6871v884411251za20gzb (type=XHR)
[12:43:06][REQ]   headers: {"Accept": "*/*", "Origin": "https://moumi.com", "Referer": "https://moumi.com/", "User-Agent": "Mozilla/5.0 (Windows NT 10.0; Win64; x64) AppleWebKit/537.36 (KHTML, like Gecko) Chrome/151.0.0.0 Safar
[12:43:06][RES] 204 region1.analytics.google.com/g/collect (type=XHR)
[12:43:06][RES]   headers: {"access-control-allow-origin": "https://moumi.com", "date": "Tue, 11 Aug 2026 10:43:07 GMT", "pragma": "no-cache", "expires": "Fri, 01 Jan 1990 00:00:00 GMT", "cache-control": "no-cache, no-store, mu
[12:43:06][RES]   body size: 0 bytes, saved to sources/
[12:43:10][REQ] GET www.facebook.com/tr/?id=1359524264116659&ev=SubscribedButtonClick&dl=ht (type=Image)
[12:43:10][REQ]   headers: {"Accept": "image/avif,image/webp,image/apng,image/svg+xml,image/*,*/*;q=0.8", "Referer": "https://moumi.com/", "User-Agent": "Mozilla/5.0 (Windows NT 10.0; Win64; x64) AppleWebKit/537.36 (KHTML, like
[12:43:13][REQ] GET www.facebook.com/tr/?id=1359524264116659&ev=SubscribedButtonClick&dl=ht (type=Image)
[12:43:13][REQ]   headers: {"Accept": "image/avif,image/webp,image/apng,image/svg+xml,image/*,*/*;q=0.8", "Referer": "https://moumi.com/", "User-Agent": "Mozilla/5.0 (Windows NT 10.0; Win64; x64) AppleWebKit/537.36 (KHTML, like
[12:43:13][REQ] POST moumi.com/mwebapi.phtml?SERVER_SIGNOUT (type=XHR)
[12:43:13][REQ]   headers: {"Accept": "*/*", "Content-Type": "application/json", "Cookie": "dnsDisplayed=undefined; ccpaApplies=false; signedLspa=undefined; _sp_su=false; euconsent-v2=CQox_wAQox_wAAGABCENCrFgAP_gAABAAAYgF5wBgAF
[12:43:13][REQ]   body: <base64> {"$gpb":"moumi.bma.MoumiMessage","body":[{"message_type":44}],"message_id":153,"message_type":44,"ve
[12:43:13][RES] 200 moumi.com/mwebapi.phtml (type=XHR)
[12:43:13][RES]   headers: {"server": "nginx", "date": "Tue, 11 Aug 2026 10:43:14 GMT", "content-type": "application/json", "x-local-host": "wwwbma14", "x-bma-server": "wwwbma14", "x-user-id": "", "x-allowasyncrequests": "1", "
[12:43:13][RES]   body size: 7993 bytes, saved to sources/
[12:43:13][REQ] GET moumi.com/pcomet/1/11/init?im=mid:0&comet=mode:master,ua:m,type:5&seq=0767272 (type=XHR)
[12:43:13][REQ]   headers: {"Accept": "text/event-stream", "Cookie": "dnsDisplayed=undefined; ccpaApplies=false; signedLspa=undefined; _sp_su=false; euconsent-v2=CQox_wAQox_wAAGABCENCrFgAP_gAABAAAYgF5wBgAFABFACYAFIApoC8wAKACAKE
[12:43:14][REQ] POST moumi.com/mwebapi.phtml?SERVER_APP_STARTUP (type=XHR)
[12:43:14][REQ]   headers: {"Accept": "*/*", "Content-Type": "application/json", "Cookie": "dnsDisplayed=undefined; ccpaApplies=false; signedLspa=undefined; _sp_su=false; euconsent-v2=CQox_wAQox_wAAGABCENCrFgAP_gAABAAAYgF5wBgAF
[12:43:14][REQ]   body: <base64> {"$gpb":"moumi.bma.MoumiMessage","body":[{"message_type":2,"server_app_startup":{"$gpb":"moumi.bma.S
[12:43:14][RES] 200 moumi.com/mwebapi.phtml (type=XHR)
[12:43:14][RES]   headers: {"server": "nginx", "date": "Tue, 11 Aug 2026 10:43:14 GMT", "content-type": "application/json", "x-local-host": "wwwbma11", "x-bma-server": "wwwbma11", "x-user-id": "", "x-allowasyncrequests": "1", "
[12:43:14][RES]   body size: 27277 bytes, saved to sources/
[12:43:14][REQ] POST moumi.com/mwebapi.phtml?SERVER_APP_STATS (type=XHR)
[12:43:14][REQ]   headers: {"Accept": "*/*", "Content-Type": "application/json", "Cookie": "dnsDisplayed=undefined; ccpaApplies=false; signedLspa=undefined; _sp_su=false; euconsent-v2=CQox_wAQox_wAAGABCENCrFgAP_gAABAAAYgF5wBgAF
[12:43:14][REQ]   body: <base64> {"$gpb":"moumi.bma.MoumiMessage","body":[{"message_type":278,"server_app_stats":{"screen_stats":{"ev
[12:43:14][RES] 200 moumi.com/mwebapi.phtml (type=XHR)
[12:43:14][RES]   headers: {"server": "nginx", "date": "Tue, 11 Aug 2026 10:43:14 GMT", "content-type": "application/json", "x-local-host": "wwwbma8", "x-bma-server": "wwwbma8", "x-user-id": "", "x-allowasyncrequests": "1", "ac
[12:43:14][RES]   body size: 195 bytes, saved to sources/
[12:43:15][REQ] POST region1.analytics.google.com/g/collect?v=2&tid=G-1MSEYK9Z8R&gtm=45je6871v884411251z886036 (type=XHR)
[12:43:15][REQ]   headers: {"Accept": "*/*", "Content-Type": "text/plain;charset=UTF-8", "Origin": "https://moumi.com", "Referer": "https://moumi.com/", "User-Agent": "Mozilla/5.0 (Windows NT 10.0; Win64; x64) AppleWebKit/537.3
[12:43:15][REQ]   body: <base64> en=page_view&_et=12543

en=page_view&_et=136

en=page_view&_et=7
[12:43:15][RES] 204 region1.analytics.google.com/g/collect (type=XHR)
[12:43:15][RES]   headers: {"access-control-allow-origin": "https://moumi.com", "date": "Tue, 11 Aug 2026 10:43:15 GMT", "pragma": "no-cache", "expires": "Fri, 01 Jan 1990 00:00:00 GMT", "cache-control": "no-cache, no-store, mu
[12:43:15][RES]   body size: 0 bytes, saved to sources/
[12:43:15][REQ] POST eu1.moumi.com/hotpanel/hotpanel2.phtml?version=2.0 (type=Ping)
[12:43:15][REQ]   headers: {"Accept": "*/*", "Content-Type": "text/plain;charset=UTF-8", "Cookie": "dnsDisplayed=undefined; ccpaApplies=false; signedLspa=undefined; _sp_su=false; euconsent-v2=CQox_wAQox_wAAGABCENCrFgAP_gAABAAAY
[12:43:15][REQ]   body: <base64> {"application":{"brand":2,"layout":3,"platform":2,"app_version":"6.2877.0","is_premium":false},"devi
[12:43:20][REQ] POST region1.analytics.google.com/g/collect?v=2&tid=G-1MSEYK9Z8R&gtm=45je6871v884411251za20gzb (type=XHR)
[12:43:20][REQ]   headers: {"Accept": "*/*", "Origin": "https://moumi.com", "Referer": "https://moumi.com/", "User-Agent": "Mozilla/5.0 (Windows NT 10.0; Win64; x64) AppleWebKit/537.36 (KHTML, like Gecko) Chrome/151.0.0.0 Safar
[12:43:20][RES] 204 region1.analytics.google.com/g/collect (type=XHR)
[12:43:20][RES]   headers: {"access-control-allow-origin": "https://moumi.com", "date": "Tue, 11 Aug 2026 10:43:20 GMT", "pragma": "no-cache", "expires": "Fri, 01 Jan 1990 00:00:00 GMT", "cache-control": "no-cache, no-store, mu
[12:43:20][RES]   body size: 0 bytes, saved to sources/
